dataset,algorithm,ari,nmi,ami,fmi,silhouette,davies_bouldin,calinski_harabasz,runtime_ms,memory_mb,num_clusters,noise_pct,threshold_mode,seed,base_points,params,selection_basis,fits_evaluated,tuning_runtime_ms,status,error,model_dir
moons,DelauCluster,1.0,1.0,1.0,1.0,0.3862587882304293,1.025231987754125,1030.8135877482387,25.572999962605536,,2,0.0,local_scale,42,1200,threshold_mode=local_scale,unsupervised_fixed_policy,1,25.572999962605536,ok,,results/static_5seed_summary/runs/moons/n_1200/seed_42/DelauCluster
moons,DelauClusterAuto,1.0,1.0,1.0,1.0,0.3862587882304293,1.025231987754125,1030.8135877482387,147.27579103782773,,2,0.0,knn_median,42,1200,"selected_mode=knn_median;modes=raw_length,local_scale,knn_median,supported_merge,saddle_cut,manifold_filter;mode_objective=0.923485",unsupervised_mode_objective,6,147.27579103782773,ok,,results/static_5seed_summary/runs/moons/n_1200/seed_42/DelauClusterAuto/knn_median
moons,KMeans,0.49425597760845874,0.394355719818011,0.39399097639392855,0.7469184923961371,0.49606809786779876,0.8078333224684257,1670.6743552902003,38.37120800744742,,2,0.0,,42,1200,k=oracle,oracle_external_ari_nmi,1,38.37120800744742,ok,,
moons,MiniBatchKMeans,0.4895743094203558,0.39019675698700806,0.3898295044291884,0.7445799761449214,0.4959149858012027,0.8079177493007532,1670.66144665575,10.16641699243337,,2,0.0,,42,1200,k=oracle,oracle_external_ari_nmi,1,10.16641699243337,ok,,
moons,DBSCAN,0.9966749954166539,0.9920068169790668,0.9919954181072391,0.9983347291850261,0.3872788814560885,1.022115581792451,1035.2578108208495,2.3269999073818326,,2,0.16666666666666669,,42,1200,"eps_q=95,min_samples=22",oracle_external_ari_nmi,24,50.569793093018234,ok,,
moons,OPTICS,0.9983347199093332,0.9955737162526257,0.9955673804617067,0.9991663191547908,0.387466551184424,1.0224705369240732,1035.585251280892,235.09308299981058,,2,0.08333333333333334,,42,1200,"xi=0.1,min_samples=22",oracle_external_ari_nmi,12,2847.1466251648962,ok,,
moons,HDBSCAN,1.0,1.0,1.0,1.0,0.3862587882304293,1.025231987754125,1030.8135877482387,7.776249898597598,,2,0.0,,42,1200,min_cluster_size=5,oracle_external_ari_nmi,4,27.501166914589703,ok,,
moons,BIRCH,0.6264380724937797,0.6089209519734585,0.608681635260369,0.8172187044298215,0.4582653550897004,0.8490905013255161,1369.965543306292,56.116500054486096,,2,0.0,,42,1200,"threshold=0.25,k=oracle",oracle_external_ari_nmi,5,73.79100017715245,ok,,
moons,Agglomerative,0.4803184435605055,0.5037780276789305,0.50346845392321,0.7523824910699943,0.4395458749795388,0.8434053429565785,1233.9610716114896,8.370624971576035,,2,0.0,,42,1200,k=oracle,oracle_external_ari_nmi,1,8.370624971576035,ok,,
moons,Spectral,1.0,1.0,1.0,1.0,0.3862587882304293,1.025231987754125,1030.8135877482387,118.00991708878428,,2,0.0,,42,1200,"k=oracle,n_neighbors=10",oracle_external_ari_nmi,1,118.00991708878428,ok,,
moons,DelauCluster,0.9706970672117613,0.9502045747742831,0.9501070391333718,0.9852275597358175,0.10641707707005142,1.182378826417602,517.5881732355723,24.67604202684015,,3,0.16666666666666669,local_scale,43,1200,threshold_mode=local_scale,unsupervised_fixed_policy,1,24.67604202684015,ok,,results/static_5seed_summary/runs/moons/n_1200/seed_43/DelauCluster
moons,DelauClusterAuto,1.0,1.0,1.0,1.0,0.3832284363105577,1.0310373780672053,1019.8327337423701,149.2642918601632,,2,0.0,knn_median,43,1200,"selected_mode=knn_median;modes=raw_length,local_scale,knn_median,supported_merge,saddle_cut,manifold_filter;mode_objective=0.909092",unsupervised_mode_objective,6,149.2642918601632,ok,,results/static_5seed_summary/runs/moons/n_1200/seed_43/DelauClusterAuto/knn_median
moons,KMeans,0.4872418192797128,0.38813561528803714,0.38776711807228376,0.7434159918244228,0.4972712688302323,0.8058289663835715,1675.308426982571,10.487374966032803,,2,0.0,,43,1200,k=oracle,oracle_external_ari_nmi,1,10.487374966032803,ok,,
moons,MiniBatchKMeans,0.4872419334161706,0.38835630090978457,0.3879879009808285,0.7434502644522447,0.4971735985738251,0.8058649677237264,1674.0280970122005,9.517833008430898,,2,0.0,,43,1200,k=oracle,oracle_external_ari_nmi,1,9.517833008430898,ok,,
moons,DBSCAN,0.9966666550964249,0.9903524863653428,0.9903387283091043,0.9983305485956533,0.3841298706406207,1.0281342078020637,1023.909629287316,2.355292090214789,,2,0.16666666666666669,,43,1200,"eps_q=95,min_samples=22",oracle_external_ari_nmi,24,50.31629209406674,ok,,
moons,OPTICS,1.0,1.0,1.0,1.0,0.3832284363105577,1.0310373780672053,1019.8327337423701,236.7271250113845,,2,0.0,,43,1200,"xi=0.1,min_samples=35",oracle_external_ari_nmi,12,2829.7864160267636,ok,,
moons,HDBSCAN,1.0,1.0,1.0,1.0,0.3832284363105577,1.0310373780672053,1019.8327337423701,6.091834045946598,,2,0.0,,43,1200,min_cluster_size=11,oracle_external_ari_nmi,4,26.02829202078283,ok,,
moons,BIRCH,0.7137920293376421,0.6773866515945423,0.6771906472815123,0.8585373603024421,0.45258327346902943,0.8703005572228729,1354.3394065226462,4.4278750428929925,,2,0.0,,43,1200,"threshold=0.35,k=oracle",oracle_external_ari_nmi,5,21.970583242364228,ok,,
moons,Agglomerative,0.7251118910886447,0.6867125685315586,0.6865223719854763,0.8639894785472563,0.45203271708186854,0.8729387524354355,1348.2436533976465,8.111916948109865,,2,0.0,,43,1200,k=oracle,oracle_external_ari_nmi,1,8.111916948109865,ok,,
moons,Spectral,1.0,1.0,1.0,1.0,0.3832284363105577,1.0310373780672053,1019.8327337423701,107.67845890950412,,2,0.0,,43,1200,"k=oracle,n_neighbors=10",oracle_external_ari_nmi,1,107.67845890950412,ok,,
moons,DelauCluster,1.0,1.0,1.0,1.0,0.3869705538670068,1.0214157682833631,1043.4543217568369,24.66033399105072,,2,0.0,local_scale,44,1200,threshold_mode=local_scale,unsupervised_fixed_policy,1,24.66033399105072,ok,,results/static_5seed_summary/runs/moons/n_1200/seed_44/DelauCluster
moons,DelauClusterAuto,0.9966666550964249,0.9903524863653428,0.9903387283091043,0.9983305485956533,0.3869249335893025,1.0214739175973255,1042.0209157114532,146.94458502344787,,2,0.16666666666666669,knn_median,44,1200,"selected_mode=knn_median;modes=raw_length,local_scale,knn_median,supported_merge,saddle_cut,manifold_filter;mode_objective=0.92106",unsupervised_mode_objective,6,146.94458502344787,ok,,results/static_5seed_summary/runs/moons/n_1200/seed_44/DelauClusterAuto/knn_median
moons,KMeans,0.46422265176472377,0.367791087779331,0.36741032880514246,0.731906146106214,0.49587418994995763,0.8086686216088631,1680.151515373624,14.196874923072755,,2,0.0,,44,1200,k=oracle,oracle_external_ari_nmi,1,14.196874923072755,ok,,
moons,MiniBatchKMeans,0.4710702088439971,0.37414922867913136,0.37377224318648794,0.7353865941477777,0.49589509781224583,0.8085500690550443,1678.611917268545,9.926666971296072,,2,0.0,,44,1200,k=oracle,oracle_external_ari_nmi,1,9.926666971296072,ok,,
moons,DBSCAN,1.0,1.0,1.0,1.0,0.3869705538670068,1.0214157682833631,1043.4543217568369,2.6230840012431145,,2,0.0,,44,1200,"eps_q=95,min_samples=35",oracle_external_ari_nmi,24,51.43378931097686,ok,,
moons,OPTICS,1.0,1.0,1.0,1.0,0.3869705538670068,1.0214157682833631,1043.4543217568369,256.730749970302,,2,0.0,,44,1200,"xi=0.1,min_samples=35",oracle_external_ari_nmi,12,2893.0058379191905,ok,,
moons,HDBSCAN,1.0,1.0,1.0,1.0,0.3869705538670068,1.0214157682833631,1043.4543217568369,6.117125041782856,,2,0.0,,44,1200,min_cluster_size=11,oracle_external_ari_nmi,4,26.734874001704156,ok,,
moons,BIRCH,0.65852808211584,0.6334267882838673,0.6332031302670157,0.8322260068918689,0.45739172303812176,0.8567174814941966,1378.9525993246116,4.550417070277035,,2,0.0,,44,1200,"threshold=0.25,k=oracle",oracle_external_ari_nmi,5,22.66783406957984,ok,,
moons,Agglomerative,0.6080889553376976,0.5951912982359789,0.5949431156094246,0.8087413249008623,0.457280575201852,0.8438172447847512,1373.7023612903206,8.227332960814238,,2,0.0,,44,1200,k=oracle,oracle_external_ari_nmi,1,8.227332960814238,ok,,
moons,Spectral,1.0,1.0,1.0,1.0,0.3869705538670068,1.0214157682833631,1043.4543217568369,103.048124932684,,2,0.0,,44,1200,"k=oracle,n_neighbors=10",oracle_external_ari_nmi,1,103.048124932684,ok,,
moons,DelauCluster,1.0,1.0,1.0,1.0,0.38972006924043834,1.0165083075515053,1050.271411382073,23.616208927705884,,2,0.0,local_scale,45,1200,threshold_mode=local_scale,unsupervised_fixed_policy,1,23.616208927705884,ok,,results/static_5seed_summary/runs/moons/n_1200/seed_45/DelauCluster
moons,DelauClusterAuto,1.0,1.0,1.0,1.0,0.38972006924043834,1.0165083075515053,1050.271411382073,146.5095840394497,,2,0.0,local_scale,45,1200,"selected_mode=local_scale;modes=raw_length,local_scale,knn_median,supported_merge,saddle_cut,manifold_filter;mode_objective=0.922419",unsupervised_mode_objective,6,146.5095840394497,ok,,results/static_5seed_summary/runs/moons/n_1200/seed_45/DelauClusterAuto/local_scale
moons,KMeans,0.47796748582042675,0.38000989546152225,0.37963648344421086,0.7387954381481447,0.49584384293831996,0.8105923510000245,1670.27282948186,14.074250007979572,,2,0.0,,45,1200,k=oracle,oracle_external_ari_nmi,1,14.074250007979572,ok,,
moons,MiniBatchKMeans,0.4710701450702539,0.37403650337299343,0.3736594697320276,0.7353674425335562,0.4956853806466151,0.81071991654649,1669.8390957130885,11.498500010930002,,2,0.0,,45,1200,k=oracle,oracle_external_ari_nmi,1,11.498500010930002,ok,,
moons,DBSCAN,0.9983347199093332,0.9955737162526257,0.9955673804617067,0.9991663191547908,0.3909395676003222,1.0138478006908205,1054.9233261663658,2.3956249933689833,,2,0.08333333333333334,,45,1200,"eps_q=95,min_samples=22",oracle_external_ari_nmi,24,49.91345782764256,ok,,
moons,OPTICS,0.9983347199093332,0.9955737162526257,0.9955673804617067,0.9991663191547908,0.3908337911668408,1.0141882744559172,1054.004959998226,234.8889580462128,,2,0.08333333333333334,,45,1200,"xi=0.1,min_samples=35",oracle_external_ari_nmi,12,2924.4576232740656,ok,,
moons,HDBSCAN,1.0,1.0,1.0,1.0,0.38972006924043834,1.0165083075515053,1050.271411382073,5.898750037886202,,2,0.0,,45,1200,min_cluster_size=11,oracle_external_ari_nmi,4,25.721166981384158,ok,,
moons,BIRCH,0.7567003369014423,0.7071818642193234,0.7070044833644344,0.8792455756070603,0.4530406308455967,0.8760581359270824,1359.033996628964,4.414958064444363,,2,0.0,,45,1200,"threshold=0.35,k=oracle",oracle_external_ari_nmi,5,22.54666609223932,ok,,
moons,Agglomerative,0.6941964803264625,0.6615161167901185,0.661310185123736,0.8491468979868612,0.45702559655635033,0.8635656075870554,1375.9650582054435,9.784625028260052,,2,0.0,,45,1200,k=oracle,oracle_external_ari_nmi,1,9.784625028260052,ok,,
moons,Spectral,0.8555051650946964,0.8054183956310411,0.8053009715027084,0.9278987816984152,0.43035811279831115,0.9243975899767432,1247.7215847021757,78.53587495628744,,2,0.0,,45,1200,"k=oracle,n_neighbors=10",oracle_external_ari_nmi,1,78.53587495628744,ok,,
moons,DelauCluster,1.0,1.0,1.0,1.0,0.3866287257634735,1.0214945461107574,1041.2074309756715,26.396707980893552,,2,0.0,local_scale,46,1200,threshold_mode=local_scale,unsupervised_fixed_policy,1,26.396707980893552,ok,,results/static_5seed_summary/runs/moons/n_1200/seed_46/DelauCluster
moons,DelauClusterAuto,1.0,1.0,1.0,1.0,0.3866287257634735,1.0214945461107574,1041.2074309756715,147.7738309185952,,2,0.0,local_scale,46,1200,"selected_mode=local_scale;modes=raw_length,local_scale,knn_median,supported_merge,saddle_cut,manifold_filter;mode_objective=0.92705",unsupervised_mode_objective,6,147.7738309185952,ok,,results/static_5seed_summary/runs/moons/n_1200/seed_46/DelauClusterAuto/local_scale
moons,KMeans,0.5036860647033383,0.4028247168594177,0.40246507380708896,0.7516374422072852,0.4990131658889313,0.803075959214988,1695.7920726623408,13.43191706109792,,2,0.0,,46,1200,k=oracle,oracle_external_ari_nmi,1,13.43191706109792,ok,,
moons,MiniBatchKMeans,0.49425599168035644,0.3943840039240764,0.3940192731258005,0.7469227175424656,0.49860544720567723,0.8033929784677755,1695.2794045795958,11.694416054524481,,2,0.0,,46,1200,k=oracle,oracle_external_ari_nmi,1,11.694416054524481,ok,,
moons,DBSCAN,0.9950041458969431,0.9865018591570432,0.986483413825871,0.9974968671786005,0.3895061229362694,1.0147190893706157,1052.4295549915557,2.6717500295490026,,2,0.25,,46,1200,"eps_q=95,min_samples=35",oracle_external_ari_nmi,24,53.04987623821944,ok,,
moons,OPTICS,0.9983347199093332,0.9955737162526257,0.9955673804617067,0.9991663191547908,0.3878462460847548,1.0187692779210717,1045.9421336073053,238.14362508710474,,2,0.08333333333333334,,46,1200,"xi=0.1,min_samples=22",oracle_external_ari_nmi,12,2826.7943360842764,ok,,
moons,HDBSCAN,1.0,1.0,1.0,1.0,0.3866287257634735,1.0214945461107574,1041.2074309756715,6.124667008407414,,2,0.0,,46,1200,min_cluster_size=11,oracle_external_ari_nmi,4,26.636291877366602,ok,,
moons,BIRCH,0.7365207722069672,0.6962373251219216,0.6960530422028969,0.869503473132421,0.45648204608793574,0.8663450059761378,1380.061503201645,4.689207999035716,,2,0.0,,46,1200,"threshold=0.25,k=oracle",oracle_external_ari_nmi,5,22.388792014680803,ok,,
moons,Agglomerative,0.4942931246907747,0.5135070723879486,0.5132042767073474,0.7582778270703254,0.44163008715899993,0.8442672543176468,1259.119607726185,7.501208921894431,,2,0.0,,46,1200,k=oracle,oracle_external_ari_nmi,1,7.501208921894431,ok,,
moons,Spectral,1.0,1.0,1.0,1.0,0.3866287257634735,1.0214945461107574,1041.2074309756715,81.54579205438495,,2,0.0,,46,1200,"k=oracle,n_neighbors=10",oracle_external_ari_nmi,1,81.54579205438495,ok,,
circles,DelauCluster,1.0,1.0,1.0,1.0,0.1497918364709073,1021.0227793978752,0.0009842023987207227,24.29808396846056,,2,0.0,local_scale,42,1200,threshold_mode=local_scale,unsupervised_fixed_policy,1,24.29808396846056,ok,,results/static_5seed_summary/runs/circles/n_1200/seed_42/DelauCluster
circles,DelauClusterAuto,1.0,1.0,1.0,1.0,0.1497918364709073,1021.0227793978752,0.0009842023987207227,145.79395879991353,,2,0.0,local_scale,42,1200,"selected_mode=local_scale;modes=raw_length,local_scale,knn_median,supported_merge,saddle_cut,manifold_filter;mode_objective=0.916085",unsupervised_mode_objective,6,145.79395879991353,ok,,results/static_5seed_summary/runs/circles/n_1200/seed_42/DelauClusterAuto/local_scale
circles,KMeans,-0.0005557869080069487,0.00020068697659158461,-0.0004016727940634176,0.4995829471231454,0.33456408524577874,1.2165855150728322,639.8229932656163,16.384874936193228,,2,0.0,,42,1200,k=oracle,oracle_external_ari_nmi,1,16.384874936193228,ok,,
circles,MiniBatchKMeans,-0.0008319235589702466,2.003812204273181e-06,-0.0006002383650596893,0.49917293749539166,0.33341437782461236,1.2200614027517065,638.1496657562781,8.918332983739674,,2,0.0,,42,1200,k=oracle,oracle_external_ari_nmi,1,8.918332983739674,ok,,
circles,DBSCAN,1.0,1.0,1.0,1.0,0.1497918364709073,1021.0227793978752,0.0009842023987207227,2.116041025146842,,2,0.0,,42,1200,"eps_q=95,min_samples=11",oracle_external_ari_nmi,24,51.876127952709794,ok,,
circles,OPTICS,1.0,1.0,1.0,1.0,0.1497918364709073,1021.0227793978752,0.0009842023987207227,238.58150001615286,,2,0.0,,42,1200,"xi=0.1,min_samples=35",oracle_external_ari_nmi,12,2827.789874980226,ok,,
circles,HDBSCAN,1.0,1.0,1.0,1.0,0.1497918364709073,1021.0227793978752,0.0009842023987207227,6.1616660095751286,,2,0.0,,42,1200,min_cluster_size=11,oracle_external_ari_nmi,4,26.64979104883969,ok,,
circles,BIRCH,0.251200014995964,0.3449199049939454,0.3444843338623503,0.6707848713466733,0.29695066306739437,1.5544382641878844,356.1058004278753,5.111458012834191,,2,0.0,,42,1200,"threshold=0.25,k=oracle",oracle_external_ari_nmi,5,23.99254112970084,ok,,
circles,Agglomerative,0.005178618675393598,0.005354270141961967,0.0047179219292697834,0.5399210071693153,0.2813972576828303,1.232169063608226,478.63972888419505,8.437167038209736,,2,0.0,,42,1200,k=oracle,oracle_external_ari_nmi,1,8.437167038209736,ok,,
circles,Spectral,1.0,1.0,1.0,1.0,0.1497918364709073,1021.0227793978752,0.0009842023987207227,83.23766605462879,,2,0.0,,42,1200,"k=oracle,n_neighbors=10",oracle_external_ari_nmi,1,83.23766605462879,ok,,
circles,DelauCluster,1.0,1.0,1.0,1.0,0.150295493200951,989.6580297640963,0.001046441682510336,24.351125000976026,,2,0.0,local_scale,43,1200,threshold_mode=local_scale,unsupervised_fixed_policy,1,24.351125000976026,ok,,results/static_5seed_summary/runs/circles/n_1200/seed_43/DelauCluster
circles,DelauClusterAuto,1.0,1.0,1.0,1.0,0.150295493200951,989.6580297640963,0.001046441682510336,144.5546238683164,,2,0.0,knn_median,43,1200,"selected_mode=knn_median;modes=raw_length,local_scale,knn_median,supported_merge,saddle_cut,manifold_filter;mode_objective=0.922019",unsupervised_mode_objective,6,144.5546238683164,ok,,results/static_5seed_summary/runs/circles/n_1200/seed_43/DelauClusterAuto/knn_median
circles,KMeans,-0.0008318864292404917,2.003933391918624e-06,-0.0006002479487518799,0.4991840854408429,0.3346080708061847,1.2169074724468578,639.8754241411548,14.306458993814886,,2,0.0,,43,1200,k=oracle,oracle_external_ari_nmi,1,14.306458993814886,ok,,
circles,MiniBatchKMeans,-0.0008319235589702466,2.003812204273181e-06,-0.0006002383650596893,0.49917293749539166,0.3322545062923328,1.223518001982404,635.0958215678893,8.88070894870907,,2,0.0,,43,1200,k=oracle,oracle_external_ari_nmi,1,8.88070894870907,ok,,
circles,DBSCAN,1.0,1.0,1.0,1.0,0.150295493200951,989.6580297640963,0.001046441682510336,2.145834034308791,,2,0.0,,43,1200,"eps_q=90,min_samples=22",oracle_external_ari_nmi,24,52.52129165455699,ok,,
circles,OPTICS,1.0,1.0,1.0,1.0,0.150295493200951,989.6580297640963,0.001046441682510336,236.17612500675023,,2,0.0,,43,1200,"xi=0.1,min_samples=35",oracle_external_ari_nmi,12,2917.577374726534,ok,,
circles,HDBSCAN,1.0,1.0,1.0,1.0,0.150295493200951,989.6580297640963,0.001046441682510336,6.096167024224997,,2,0.0,,43,1200,min_cluster_size=11,oracle_external_ari_nmi,4,25.90733312536031,ok,,
circles,BIRCH,0.1209142888671019,0.2409657198059236,0.2404165888229377,0.6471470919907253,0.2958136856769707,1.1847698148197383,371.1846870716962,5.5397499818354845,,2,0.0,,43,1200,"threshold=0.25,k=oracle",oracle_external_ari_nmi,5,23.596708080731332,ok,,
circles,Agglomerative,0.005397834910822891,0.005191875972592638,0.00456737273471928,0.5289513888736719,0.2971381866745041,1.2290958548505533,525.8623003900613,8.28395807184279,,2,0.0,,43,1200,k=oracle,oracle_external_ari_nmi,1,8.28395807184279,ok,,
circles,Spectral,1.0,1.0,1.0,1.0,0.150295493200951,989.6580297640963,0.001046441682510336,91.21525008231401,,2,0.0,,43,1200,"k=oracle,n_neighbors=10",oracle_external_ari_nmi,1,91.21525008231401,ok,,
circles,DelauCluster,1.0,1.0,1.0,1.0,0.15000742075267917,832.0142171892475,0.0014809693024927068,23.100833990611136,,2,0.0,local_scale,44,1200,threshold_mode=local_scale,unsupervised_fixed_policy,1,23.100833990611136,ok,,results/static_5seed_summary/runs/circles/n_1200/seed_44/DelauCluster
circles,DelauClusterAuto,1.0,1.0,1.0,1.0,0.15000742075267917,832.0142171892475,0.0014809693024927068,141.42324985004961,,2,0.0,local_scale,44,1200,"selected_mode=local_scale;modes=raw_length,local_scale,knn_median,supported_merge,saddle_cut,manifold_filter;mode_objective=0.916592",unsupervised_mode_objective,6,141.42324985004961,ok,,results/static_5seed_summary/runs/circles/n_1200/seed_44/DelauClusterAuto/local_scale
circles,KMeans,-0.0008318864292404917,2.003933391918624e-06,-0.0006002479487518799,0.4991840854408429,0.3343170139333932,1.217456006387648,639.7186378977618,16.963458037935197,,2,0.0,,44,1200,k=oracle,oracle_external_ari_nmi,1,16.963458037935197,ok,,
circles,MiniBatchKMeans,-0.0006566498747319793,0.00012827439057325253,-0.00047392509955369633,0.49929889578901193,0.3336756731007218,1.219770404377058,637.1791359593217,8.436374948360026,,2,0.0,,44,1200,k=oracle,oracle_external_ari_nmi,1,8.436374948360026,ok,,
circles,DBSCAN,1.0,1.0,1.0,1.0,0.15000742075267917,832.0142171892475,0.0014809693024927068,2.2715419763699174,,2,0.0,,44,1200,"eps_q=90,min_samples=22",oracle_external_ari_nmi,24,54.09083270933479,ok,,
circles,OPTICS,1.0,1.0,1.0,1.0,0.15000742075267917,832.0142171892475,0.0014809693024927068,239.43225003313273,,2,0.0,,44,1200,"xi=0.1,min_samples=35",oracle_external_ari_nmi,12,2869.4479600526392,ok,,
circles,HDBSCAN,1.0,1.0,1.0,1.0,0.15000742075267917,832.0142171892475,0.0014809693024927068,6.322125089354813,,2,0.0,,44,1200,min_cluster_size=11,oracle_external_ari_nmi,4,26.55429218430072,ok,,
circles,BIRCH,0.2380002984369148,0.3353095537940285,0.33486494944269524,0.6673098890398456,0.2961355479346168,1.5169652659395736,361.4592890434666,5.4457500809803605,,2,0.0,,44,1200,"threshold=0.5,k=oracle",oracle_external_ari_nmi,5,23.400125093758106,ok,,
circles,Agglomerative,0.004158069615093829,0.004123879238947644,0.0034995127611634814,0.5275832158921067,0.2946868471140049,1.2382761017997908,518.4949340252257,8.452458074316382,,2,0.0,,44,1200,k=oracle,oracle_external_ari_nmi,1,8.452458074316382,ok,,
circles,Spectral,1.0,1.0,1.0,1.0,0.15000742075267917,832.0142171892475,0.0014809693024927068,78.12304201070219,,2,0.0,,44,1200,"k=oracle,n_neighbors=10",oracle_external_ari_nmi,1,78.12304201070219,ok,,
circles,DelauCluster,1.0,1.0,1.0,1.0,0.14906202625906473,477.4528200817216,0.004503941504697844,25.71275003720075,,2,0.0,local_scale,45,1200,threshold_mode=local_scale,unsupervised_fixed_policy,1,25.71275003720075,ok,,results/static_5seed_summary/runs/circles/n_1200/seed_45/DelauCluster
circles,DelauClusterAuto,1.0,1.0,1.0,1.0,0.14906202625906473,477.4528200817216,0.004503941504697844,143.14891584217548,,2,0.0,local_scale,45,1200,"selected_mode=local_scale;modes=raw_length,local_scale,knn_median,supported_merge,saddle_cut,manifold_filter;mode_objective=0.917019",unsupervised_mode_objective,6,143.14891584217548,ok,,results/static_5seed_summary/runs/circles/n_1200/seed_45/DelauClusterAuto/local_scale
circles,KMeans,-0.000823567025651381,8.015472022327873e-06,-0.0005942273305946937,0.4991819882819659,0.3347388141834427,1.2178234670089367,642.8627408929265,12.920542038045824,,2,0.0,,45,1200,k=oracle,oracle_external_ari_nmi,1,12.920542038045824,ok,,
circles,MiniBatchKMeans,-0.0008319421238361572,2.0037516129668513e-06,-0.0006002335733837921,0.49916736342930407,0.33321134979845307,1.2209323938917223,637.3801634495501,6.640166975557804,,2,0.0,,45,1200,k=oracle,oracle_external_ari_nmi,1,6.640166975557804,ok,,
circles,DBSCAN,1.0,1.0,1.0,1.0,0.14906202625906473,477.4528200817216,0.004503941504697844,2.1939160069450736,,2,0.0,,45,1200,"eps_q=95,min_samples=11",oracle_external_ari_nmi,24,51.94804188795388,ok,,
circles,OPTICS,1.0,1.0,1.0,1.0,0.14906202625906473,477.4528200817216,0.004503941504697844,236.0415420262143,,2,0.0,,45,1200,"xi=0.1,min_samples=35",oracle_external_ari_nmi,12,2918.9102061791345,ok,,
circles,HDBSCAN,1.0,1.0,1.0,1.0,0.14906202625906473,477.4528200817216,0.004503941504697844,6.063624983653426,,2,0.0,,45,1200,min_cluster_size=11,oracle_external_ari_nmi,4,25.9489988675341,ok,,
circles,BIRCH,0.27340946994758897,0.3608435897222905,0.36042250404668763,0.6770311091696622,0.2913893285379924,1.627972793549341,339.2828940881037,4.33954200707376,,2,0.0,,45,1200,"threshold=0.5,k=oracle",oracle_external_ari_nmi,5,23.083126987330616,ok,,
circles,Agglomerative,0.00919223136460292,0.007454041280769153,0.006851357071657535,0.509730368479557,0.32308664234883355,1.2349361873205074,608.3242272758769,7.669292041100562,,2,0.0,,45,1200,k=oracle,oracle_external_ari_nmi,1,7.669292041100562,ok,,
circles,Spectral,1.0,1.0,1.0,1.0,0.14906202625906473,477.4528200817216,0.004503941504697844,92.25995908491313,,2,0.0,,45,1200,"k=oracle,n_neighbors=10",oracle_external_ari_nmi,1,92.25995908491313,ok,,
circles,DelauCluster,0.9304407315355738,0.9099507696244934,0.9097829782765107,0.9645655787472156,0.09457739209986321,12.464535698933561,41.60046649714661,24.13925004657358,,3,0.08333333333333334,local_scale,46,1200,threshold_mode=local_scale,unsupervised_fixed_policy,1,24.13925004657358,ok,,results/static_5seed_summary/runs/circles/n_1200/seed_46/DelauCluster
circles,DelauClusterAuto,0.9983347199093332,0.9955737162526257,0.9955673804617067,0.9991663191547908,0.14990822443130394,343.5140324310948,0.008672807138802198,141.7581259738654,,2,0.08333333333333334,knn_median,46,1200,"selected_mode=knn_median;modes=raw_length,local_scale,knn_median,supported_merge,saddle_cut,manifold_filter;mode_objective=0.915725",unsupervised_mode_objective,6,141.7581259738654,ok,,results/static_5seed_summary/runs/circles/n_1200/seed_46/DelauClusterAuto/knn_median
circles,KMeans,-0.0008228522848169628,8.024812642361709e-06,-0.0005944048879990732,0.499396538636393,0.3341545957484688,1.2171281726358922,638.9298059392819,15.139124938286841,,2,0.0,,46,1200,k=oracle,oracle_external_ari_nmi,1,15.139124938286841,ok,,
circles,MiniBatchKMeans,-0.0006554619329760866,0.00012852309553974348,-0.0004739870420476465,0.4996554169453586,0.3312587070161623,1.2255768017232558,632.3437429617597,8.467999985441566,,2,0.0,,46,1200,k=oracle,oracle_external_ari_nmi,1,8.467999985441566,ok,,
circles,DBSCAN,1.0,1.0,1.0,1.0,0.15012262865994483,379.76846080051894,0.007106587448217394,2.227041986770928,,2,0.0,,46,1200,"eps_q=85,min_samples=22",oracle_external_ari_nmi,24,52.670212113298476,ok,,
circles,OPTICS,0.9362795830823704,0.9175000115485478,0.9174082738909073,0.9675896999711507,0.4550919040368273,0.5335945174810061,220.6602077032164,239.9542910279706,,2,46.58333333333333,,46,1200,"xi=0.05,min_samples=35",oracle_external_ari_nmi,12,2862.3975401278585,ok,,
circles,HDBSCAN,1.0,1.0,1.0,1.0,0.15012262865994483,379.76846080051894,0.007106587448217394,6.259749992750585,,2,0.0,,46,1200,min_cluster_size=11,oracle_external_ari_nmi,4,27.128624846227467,ok,,
circles,BIRCH,0.3244407436615167,0.3965976393882054,0.3962071859715686,0.6930372003247965,0.2847614999066064,1.7934197919321515,302.7256468436964,4.73412498831749,,2,0.0,,46,1200,"threshold=0.25,k=oracle",oracle_external_ari_nmi,5,23.855666047893465,ok,,
circles,Agglomerative,0.03168034224601787,0.027574636867544577,0.026964449086510814,0.5411805545443321,0.3002502300339742,1.2472015909470435,533.2845648201186,7.868875050917268,,2,0.0,,46,1200,k=oracle,oracle_external_ari_nmi,1,7.868875050917268,ok,,
circles,Spectral,1.0,1.0,1.0,1.0,0.15012262865994483,379.76846080051894,0.007106587448217394,96.2316250661388,,2,0.0,,46,1200,"k=oracle,n_neighbors=10",oracle_external_ari_nmi,1,96.2316250661388,ok,,
spiral,DelauCluster,0.04552800501640248,0.19408071928685208,0.19031570320618182,0.29851282644274973,0.0466044766085232,1.1900895269194747,204.71725498066144,26.519584003835917,,17,7.249999999999999,local_scale,42,1200,threshold_mode=local_scale,unsupervised_fixed_policy,1,26.519584003835917,ok,,results/static_5seed_summary/runs/spiral/n_1200/seed_42/DelauCluster
spiral,DelauClusterAuto,0.2826248658572686,0.33770867551785244,0.33564260928327766,0.5449800693372582,-0.006327851018707558,1.7869811454207591,111.3782161745204,146.11475088167936,,9,1.1666666666666667,knn_median,42,1200,"selected_mode=knn_median;modes=raw_length,local_scale,knn_median,supported_merge,saddle_cut,manifold_filter;mode_objective=0.697583",unsupervised_mode_objective,6,146.11475088167936,ok,,results/static_5seed_summary/runs/spiral/n_1200/seed_42/DelauClusterAuto/knn_median
spiral,KMeans,-0.0007761252041695832,3.2811846652364924e-05,-0.0005731298121061848,0.5034086186330108,0.3028162291861136,1.235993603147079,626.0198054444497,29.026416945271194,,2,0.0,,42,1200,k=oracle,oracle_external_ari_nmi,1,29.026416945271194,ok,,
spiral,MiniBatchKMeans,0.000791669999298107,0.0012033802851805127,0.0005952081771547487,0.5074349836474392,0.3023495070438823,1.2505604208207368,599.2000100821066,9.417916997335851,,2,0.0,,42,1200,k=oracle,oracle_external_ari_nmi,1,9.417916997335851,ok,,
spiral,DBSCAN,0.06694814544628311,0.2256762602797823,0.22027672252969074,0.4883166892976201,0.0011710864114226156,0.848532437577481,121.99828846060151,2.021583030000329,,18,2.3333333333333335,,42,1200,"eps_q=90,min_samples=5",oracle_external_ari_nmi,24,65.64270798116922,ok,,
spiral,OPTICS,0.02166501491375064,0.2332083376708358,0.22610989363285175,0.33195426214877144,0.5472936687894595,0.5607042361875775,1081.1250693934887,238.82954195141792,,36,43.5,,42,1200,"xi=0.03,min_samples=11",oracle_external_ari_nmi,12,2861.6221240954474,ok,,
spiral,HDBSCAN,0.016338209480563234,0.19167474187921554,0.18588760505862675,0.35841671989615403,0.44468955360300827,0.6754792618103013,493.30224980474264,4.780124989338219,,24,46.25,,42,1200,min_cluster_size=11,oracle_external_ari_nmi,4,21.154584013856947,ok,,
spiral,BIRCH,0.048394052920643624,0.039279119535990274,0.038686405584515686,0.5390625113421625,0.30692958166443796,1.3295576503769337,536.3305932530709,4.713375004939735,,2,0.0,,42,1200,"threshold=0.25,k=oracle",oracle_external_ari_nmi,5,22.772583062760532,ok,,
spiral,Agglomerative,0.004867259120847252,0.0045971417033884195,0.003977833873152886,0.523238623192577,0.29101941725779884,1.3433645752466181,475.4874537167935,7.774958969093859,,2,0.0,,42,1200,k=oracle,oracle_external_ari_nmi,1,7.774958969093859,ok,,
spiral,Spectral,0.014808364144693945,0.011396542148487045,0.010799838761669275,0.5085036674194015,0.14281352817071916,9.141480257596506,10.05306300622992,62.33012489974499,,2,0.0,,42,1200,"k=oracle,n_neighbors=10",oracle_external_ari_nmi,1,62.33012489974499,ok,,
spiral,DelauCluster,0.04559952681114903,0.13123600042134537,0.12803265057919244,0.40781942753737477,0.08154874981349498,1.3376930004935603,143.6251003935094,22.852499969303608,,10,1.0833333333333335,local_scale,43,1200,threshold_mode=local_scale,unsupervised_fixed_policy,1,22.852499969303608,ok,,results/static_5seed_summary/runs/spiral/n_1200/seed_43/DelauCluster
spiral,DelauClusterAuto,0.4145546951953462,0.4420463883440428,0.44027462012364127,0.6450796193784976,-0.2907950445124186,8.574740109753291,9.64257298253743,148.79787503741682,,9,9.333333333333334,manifold_filter,43,1200,"selected_mode=manifold_filter;modes=raw_length,local_scale,knn_median,supported_merge,saddle_cut,manifold_filter;mode_objective=0.606333",unsupervised_mode_objective,6,148.79787503741682,ok,,results/static_5seed_summary/runs/spiral/n_1200/seed_43/DelauClusterAuto/manifold_filter
spiral,KMeans,-0.0007829659261242248,3.244395460100927e-05,-0.0005716853009404425,0.5013677319461568,0.3021074766793951,1.239826555657987,624.3807463725416,22.23583299200982,,2,0.0,,43,1200,k=oracle,oracle_external_ari_nmi,1,22.23583299200982,ok,,
spiral,MiniBatchKMeans,0.00041310543751376934,0.0009162516671591712,0.00030878345620080405,0.5062842893899989,0.29985060638783684,1.2601770627551505,589.8896637602413,7.157416082918644,,2,0.0,,43,1200,k=oracle,oracle_external_ari_nmi,1,7.157416082918644,ok,,
spiral,DBSCAN,0.03641463590663637,0.1839974448918081,0.1777384255842297,0.5675802068257098,0.03735907064245903,0.6446557638927234,79.15079340939464,2.164292032830417,,15,0.25,,43,1200,"eps_q=95,min_samples=5",oracle_external_ari_nmi,24,64.49054297991097,ok,,
spiral,OPTICS,0.025038933886149976,0.21751073089610493,0.2099692914317052,0.35915436258159794,0.5825853678291393,0.501680804360179,1267.878828365613,238.49524999968708,,36,47.41666666666667,,43,1200,"xi=0.03,min_samples=11",oracle_external_ari_nmi,12,2866.9999160338193,ok,,
spiral,HDBSCAN,0.014426130814503845,0.1731596425303737,0.1676678137995289,0.3635084465074264,0.3261230317862952,0.8656665104801508,250.03583310823922,4.923125030472875,,21,44.333333333333336,,43,1200,min_cluster_size=11,oracle_external_ari_nmi,4,21.37650002259761,ok,,
spiral,BIRCH,0.044138486800523555,0.0420475293418893,0.04143229544317019,0.5601407137899117,0.302752843969613,1.2068303050181706,533.1133393930497,4.673499963246286,,2,0.0,,43,1200,"threshold=0.25,k=oracle",oracle_external_ari_nmi,5,23.02754099946469,ok,,
spiral,Agglomerative,0.003861255230563637,0.0035001748978892608,0.0028940339639198574,0.5082555555328764,0.2734180216889549,1.477496506065716,428.6546116189586,8.17325001116842,,2,0.0,,43,1200,k=oracle,oracle_external_ari_nmi,1,8.17325001116842,ok,,
spiral,Spectral,0.03224277985427927,0.02602492664979232,0.025425541777417873,0.5296715753093151,0.08705086220270572,7.530212744541297,11.871256261712164,46.48237500805408,,2,0.0,,43,1200,"k=oracle,n_neighbors=10",oracle_external_ari_nmi,1,46.48237500805408,ok,,
spiral,DelauCluster,0.0738029108202191,0.2200863182297973,0.2165705459809477,0.33539677833067283,0.06393061901490134,5.53813605592409,207.7603841397068,23.81574991159141,,16,4.5,local_scale,44,1200,threshold_mode=local_scale,unsupervised_fixed_policy,1,23.81574991159141,ok,,results/static_5seed_summary/runs/spiral/n_1200/seed_44/DelauCluster
spiral,DelauClusterAuto,0.04196203375131466,0.15967692238442904,0.1569684161623927,0.40226794849584296,-0.05650001278845038,2.0160190289908084,114.45051371530379,145.32787504140288,,9,1.1666666666666667,knn_median,44,1200,"selected_mode=knn_median;modes=raw_length,local_scale,knn_median,supported_merge,saddle_cut,manifold_filter;mode_objective=0.624591",unsupervised_mode_objective,6,145.32787504140288,ok,,results/static_5seed_summary/runs/spiral/n_1200/seed_44/DelauClusterAuto/knn_median
spiral,KMeans,-0.0004216882091341281,0.00029463744132835547,-0.00031077051479739984,0.5031651141346479,0.3076579996008017,1.2231035255756404,639.8067723112808,29.24058400094509,,2,0.0,,44,1200,k=oracle,oracle_external_ari_nmi,1,29.24058400094509,ok,,
spiral,MiniBatchKMeans,9.615736954838005e-05,0.0006825894647549948,7.273101840364359e-05,0.508582575182617,0.31166208407202295,1.2151627947003956,630.4643615957801,7.720082998275757,,2,0.0,,44,1200,k=oracle,oracle_external_ari_nmi,1,7.720082998275757,ok,,
spiral,DBSCAN,0.1018206600785719,0.24118428912633422,0.23695219174720866,0.5294163130867381,0.0732246392305927,1.7986462146918019,60.29812947293497,1.9948750268667936,,12,0.5,,44,1200,"eps_q=95,min_samples=5",oracle_external_ari_nmi,24,61.23995885718614,ok,,
spiral,OPTICS,0.012471850034402201,0.213911627399728,0.20594717843779187,0.3784419649542113,0.6203132366942866,0.491990589359179,1411.943031323373,232.98483295366168,,36,51.74999999999999,,44,1200,"xi=0.03,min_samples=11",oracle_external_ari_nmi,12,2852.6171657722443,ok,,
spiral,HDBSCAN,0.02544656944449996,0.20291738148303604,0.19820555487077018,0.34316524998346365,0.33220124243962457,1.0063938287187892,295.8988571056802,4.887875053100288,,20,41.333333333333336,,44,1200,min_cluster_size=11,oracle_external_ari_nmi,4,21.436250070109963,ok,,
spiral,BIRCH,0.01895241404322781,0.019545282050518382,0.018904493132419025,0.5579171229412292,0.30172386091422077,1.246793782552527,480.2432846532558,4.562292015179992,,2,0.0,,44,1200,"threshold=0.75,k=oracle",oracle_external_ari_nmi,5,23.141040932387114,ok,,
spiral,Agglomerative,0.0034563583254653787,0.00498446369919152,0.0042968897382117295,0.5783166226271437,0.3241885258804473,1.1831070164055149,460.8733158327231,8.050582953728735,,2,0.0,,44,1200,k=oracle,oracle_external_ari_nmi,1,8.050582953728735,ok,,
spiral,Spectral,0.0036668041229770514,0.003511491839765499,0.0028969089441642855,0.5171694654062886,0.07804900368581018,10.41802705176303,6.1189548790434545,55.151249980553985,,2,0.0,,44,1200,"k=oracle,n_neighbors=10",oracle_external_ari_nmi,1,55.151249980553985,ok,,
spiral,DelauCluster,0.09758327253876282,0.2357005527185486,0.23268463093187333,0.38226877054624475,0.05367445610354022,1.8150945017762936,200.80225082883373,24.07429099548608,,13,2.75,local_scale,45,1200,threshold_mode=local_scale,unsupervised_fixed_policy,1,24.07429099548608,ok,,results/static_5seed_summary/runs/spiral/n_1200/seed_45/DelauCluster
spiral,DelauClusterAuto,0.1923959349975887,0.33485844851480545,0.33233261592655255,0.44895695330334023,-0.02459454171198441,2.7752795357801188,147.98336526586328,145.92962514143437,,13,1.4166666666666665,knn_median,45,1200,"selected_mode=knn_median;modes=raw_length,local_scale,knn_median,supported_merge,saddle_cut,manifold_filter;mode_objective=0.698855",unsupervised_mode_objective,6,145.92962514143437,ok,,results/static_5seed_summary/runs/spiral/n_1200/seed_45/DelauClusterAuto/knn_median
spiral,KMeans,-0.0004330545134497316,0.00028918776335987937,-0.0003132255596934941,0.49976662447194325,0.3006799623211817,1.2412792926015042,628.2341636952597,25.178291951306164,,2,0.0,,45,1200,k=oracle,oracle_external_ari_nmi,1,25.178291951306164,ok,,
spiral,MiniBatchKMeans,0.0010736749485750442,0.0014219287803154056,0.0008128059620263629,0.5087547507836381,0.30953036206873946,1.2270488807277085,618.3492819007483,6.837333086878061,,2,0.0,,45,1200,k=oracle,oracle_external_ari_nmi,1,6.837333086878061,ok,,
spiral,DBSCAN,0.12637956635361067,0.25012764458587666,0.2430888669639411,0.4827215987272491,0.05229509180125763,0.7549067119101304,77.1137773940931,1.9294159719720483,,27,3.833333333333333,,45,1200,"eps_q=85,min_samples=5",oracle_external_ari_nmi,24,60.15908205881715,ok,,
spiral,OPTICS,0.02121595652659445,0.23509975252805745,0.2280285040843309,0.3139365902346919,0.573983347033609,0.5155799077966093,1217.055666471445,234.5974170602858,,37,40.666666666666664,,45,1200,"xi=0.03,min_samples=11",oracle_external_ari_nmi,12,2814.4487901590765,ok,,
spiral,HDBSCAN,0.024447670574687337,0.22143120723498336,0.21141653547326147,0.235246224396514,0.4145193218443242,0.5590050602350445,644.3663489546375,5.511624971404672,,57,23.916666666666668,,45,1200,min_cluster_size=5,oracle_external_ari_nmi,4,21.88966702669859,ok,,
spiral,BIRCH,0.00917983485839024,0.007300497391468814,0.006701021489425514,0.5060353983531032,0.2580204008563949,1.5107210542286615,416.6777849488597,4.791624960489571,,2,0.0,,45,1200,"threshold=0.25,k=oracle",oracle_external_ari_nmi,5,23.370416020043194,ok,,
spiral,Agglomerative,0.00895912271473884,0.008588241224489779,0.007958244172735364,0.5378076716846496,0.2916973911848949,1.194396462358636,538.026606362869,7.777207996696234,,2,0.0,,45,1200,k=oracle,oracle_external_ari_nmi,1,7.777207996696234,ok,,
spiral,Spectral,0.0029787384577971403,0.002779003931330909,0.002176465009942748,0.503319967431189,0.13006619815234893,16.26815014727821,3.125390538126108,66.20395800564438,,2,0.0,,45,1200,"k=oracle,n_neighbors=10",oracle_external_ari_nmi,1,66.20395800564438,ok,,
spiral,DelauCluster,0.02384408907961469,0.08039285551501618,0.0781094325630384,0.4670573433875203,0.1638281859050011,1.1221470249847425,290.6931869295895,35.79466603696346,,5,0.08333333333333334,local_scale,46,1200,threshold_mode=local_scale,unsupervised_fixed_policy,1,35.79466603696346,ok,,results/static_5seed_summary/runs/spiral/n_1200/seed_46/DelauCluster
spiral,DelauClusterAuto,0.02384408907961469,0.08039285551501618,0.0781094325630384,0.4670573433875203,0.1638281859050011,1.1221470249847425,290.6931869295895,143.3337500784546,,5,0.08333333333333334,supported_merge,46,1200,"selected_mode=supported_merge;modes=raw_length,local_scale,knn_median,supported_merge,saddle_cut,manifold_filter;mode_objective=0.658911",unsupervised_mode_objective,6,143.3337500784546,ok,,results/static_5seed_summary/runs/spiral/n_1200/seed_46/DelauClusterAuto/supported_merge
spiral,KMeans,-0.0008263726949526048,2.0220671500518767e-06,-0.0006016760991727513,0.500836800952361,0.3022340986808936,1.2401034201520438,629.2993417168536,21.03237493429333,,2,0.0,,46,1200,k=oracle,oracle_external_ari_nmi,1,21.03237493429333,ok,,
spiral,MiniBatchKMeans,0.0005321997200134028,0.0010048623592165437,0.00039756826133915366,0.5062107562948607,0.3000950705527044,1.2547026760511657,598.1573238991865,8.196541923098266,,2,0.0,,46,1200,k=oracle,oracle_external_ari_nmi,1,8.196541923098266,ok,,
spiral,DBSCAN,0.0867225677287063,0.24916754723267726,0.24145365103790625,0.40947533693188576,0.12526344797236524,0.7163874403929381,131.19684859071222,1.875292044132948,,34,3.0833333333333335,,46,1200,"eps_q=85,min_samples=5",oracle_external_ari_nmi,24,62.337749055586755,ok,,
spiral,OPTICS,0.028260283015409667,0.11539551900785712,0.1129332425377774,0.6348690283684084,0.7425842864539719,0.3848766163299905,808.7719362522369,233.9026250410825,,4,88.0,,46,1200,"xi=0.05,min_samples=22",oracle_external_ari_nmi,12,2807.0935409050435,ok,,
spiral,HDBSCAN,0.03312268356653192,0.21504072104908306,0.2104068818856673,0.3193856088203499,0.28482960303020854,1.0297103522624096,200.33257581840863,5.034959060139954,,21,34.75,,46,1200,min_cluster_size=11,oracle_external_ari_nmi,4,21.84462605509907,ok,,
spiral,BIRCH,0.046885651199759557,0.03535711395272152,0.03477319787167828,0.5263742171931727,0.26181656739436565,1.442509210127902,471.7819414696499,4.637000034563243,,2,0.0,,46,1200,"threshold=0.35,k=oracle",oracle_external_ari_nmi,5,23.57408415991813,ok,,
spiral,Agglomerative,0.0017820289085539555,0.0029103999584520635,0.0022207612556638845,0.5780071982811135,0.31307645327440115,1.1625091908977578,452.7282989262887,7.887249928899109,,2,0.0,,46,1200,k=oracle,oracle_external_ari_nmi,1,7.887249928899109,ok,,
spiral,Spectral,0.00703573796020714,0.006256991746200794,0.005641850243515502,0.5211175191362042,0.07146178656842384,12.776753927719268,3.948750760255172,51.863875007256866,,2,0.0,,46,1200,"k=oracle,n_neighbors=10",oracle_external_ari_nmi,1,51.863875007256866,ok,,
varying_density,DelauCluster,0.5294516193623655,0.7043117354363975,0.7039198460824926,0.7691111071365607,0.4964177098260928,0.6201609301041451,1391.7401110428727,34.24687508959323,,2,0.05263157894736842,local_scale,42,1900,threshold_mode=local_scale,unsupervised_fixed_policy,1,34.24687508959323,ok,,results/static_5seed_summary/runs/varying_density/n_1900/seed_42/DelauCluster
varying_density,DelauClusterAuto,0.5300572940258785,0.7058982450941396,0.7057082317166349,0.7696815991372934,0.4959398765939014,0.6207062293084432,1388.3517016845055,205.0355839310214,,2,0.0,knn_median,42,1900,"selected_mode=knn_median;modes=raw_length,local_scale,knn_median,supported_merge,saddle_cut,manifold_filter;mode_objective=0.726707",unsupervised_mode_objective,6,205.0355839310214,ok,,results/static_5seed_summary/runs/varying_density/n_1900/seed_42/DelauClusterAuto/knn_median
varying_density,KMeans,0.8915854531572136,0.859834266167851,0.8596947564911626,0.9306197442278871,0.6343335232633198,0.5214762143363432,3843.9529468521955,19.06387507915497,,3,0.0,,42,1900,k=oracle,oracle_external_ari_nmi,1,19.06387507915497,ok,,
varying_density,MiniBatchKMeans,0.8915854531572136,0.8598342661678511,0.8596947564911628,0.9306197442278871,0.6343335232633198,0.5214762143363432,3843.9529468521955,9.65554197318852,,3,0.0,,42,1900,k=oracle,oracle_external_ari_nmi,1,9.65554197318852,ok,,
varying_density,DBSCAN,0.7376892628444592,0.7582484861483818,0.7579263897916121,0.8274258297222639,0.6886320412573134,0.4677002103649288,5076.784203596443,4.983167047612369,,3,12.526315789473685,,42,1900,"eps_q=70,min_samples=44",oracle_external_ari_nmi,24,107.43608220946044,ok,,
varying_density,OPTICS,0.5443740384204101,0.6920823823644485,0.6917071512999108,0.7670266019172522,0.8772487373017027,0.1499705856719196,4572.957295511326,393.8048330601305,,2,71.10526315789474,,42,1900,"xi=0.03,min_samples=44",oracle_external_ari_nmi,12,4851.740375859663,ok,,
varying_density,HDBSCAN,0.5300572940258785,0.7058982450941396,0.7057082317166349,0.7696815991372934,0.4959398765939014,0.6207062293084432,1388.3517016845055,12.815333087928593,,2,0.0,,42,1900,min_cluster_size=5,oracle_external_ari_nmi,4,46.78754007909447,ok,,
varying_density,BIRCH,0.9318082888896263,0.9096771685260923,0.9095866313321532,0.956728864477744,0.6291875774407912,0.5176917937664781,3706.6268762910663,6.96725002489984,,3,0.0,,42,1900,"threshold=0.5,k=oracle",oracle_external_ari_nmi,5,37.80270891729742,ok,,
varying_density,Agglomerative,0.9036576611112164,0.8780263356157497,0.877904382989871,0.9386526773072658,0.6243222271292778,0.5269572323287811,3632.186729563239,20.020750002004206,,3,0.0,,42,1900,k=oracle,oracle_external_ari_nmi,1,20.020750002004206,ok,,
varying_density,Spectral,0.8879178018566518,0.8769872254664216,0.8768629926479445,0.9296602111937373,0.6226482450504888,0.5121358413538956,3585.8794849738356,72.72270799148828,,3,0.0,,42,1900,"k=oracle,n_neighbors=10",oracle_external_ari_nmi,1,72.72270799148828,ok,,
varying_density,DelauCluster,0.5258397017744296,0.6848410984910857,0.6844360751119963,0.7632235882033439,0.4966826751083366,0.6235469675986582,1392.062002267214,33.58100005425513,,2,0.9473684210526316,local_scale,43,1900,threshold_mode=local_scale,unsupervised_fixed_policy,1,33.58100005425513,ok,,results/static_5seed_summary/runs/varying_density/n_1900/seed_43/DelauCluster
varying_density,DelauClusterAuto,0.5258397017744296,0.6848410984910857,0.6844360751119963,0.7632235882033439,0.4966826751083366,0.6235469675986582,1392.062002267214,208.86075124144554,,2,0.9473684210526316,local_scale,43,1900,"selected_mode=local_scale;modes=raw_length,local_scale,knn_median,supported_merge,saddle_cut,manifold_filter;mode_objective=0.718722",unsupervised_mode_objective,6,208.86075124144554,ok,,results/static_5seed_summary/runs/varying_density/n_1900/seed_43/DelauClusterAuto/local_scale
varying_density,KMeans,0.8994342090616141,0.8618400563951806,0.861702473436991,0.9356769271462003,0.6346724567476282,0.5187648304087641,3852.992904173251,23.559291963465512,,3,0.0,,43,1900,k=oracle,oracle_external_ari_nmi,1,23.559291963465512,ok,,
varying_density,MiniBatchKMeans,0.8994342090616141,0.8618400563951806,0.861702473436991,0.9356769271462003,0.6346724567476282,0.5187648304087641,3852.992904173251,12.893375009298325,,3,0.0,,43,1900,k=oracle,oracle_external_ari_nmi,1,12.893375009298325,ok,,
varying_density,DBSCAN,0.7553482939487439,0.7783976269588431,0.7781019935362168,0.8395613970118144,0.6965596341231892,0.45416291762396915,5143.723468630882,4.923625034280121,,3,12.210526315789473,,43,1900,"eps_q=70,min_samples=44",oracle_external_ari_nmi,24,107.62124857865274,ok,,
varying_density,OPTICS,0.5383454270714909,0.6855368609095963,0.6849400385213447,0.7665298738519777,0.8630418771069838,0.2419451543050183,1831.4263400113791,391.0686660092324,,3,71.84210526315789,,43,1900,"xi=0.1,min_samples=11",oracle_external_ari_nmi,12,4707.6975390082225,ok,,
varying_density,HDBSCAN,0.5262922098046534,0.6939807496367985,0.6935668571261502,0.7655058490499503,0.4961980012398122,0.6240810876179181,1398.963672045366,12.168416054919362,,2,0.4736842105263158,,43,1900,min_cluster_size=5,oracle_external_ari_nmi,4,46.89529212191701,ok,,
varying_density,BIRCH,0.9205186276410721,0.8957574787597108,0.8956534827889381,0.9492599580226535,0.6334766400042086,0.5197498288092582,3809.1416011135852,8.155790972523391,,3,0.0,,43,1900,"threshold=0.5,k=oracle",oracle_external_ari_nmi,5,36.84228996280581,ok,,
varying_density,Agglomerative,0.9313795808358593,0.9113316898180337,0.9112434319882785,0.9560980910965974,0.632032532401652,0.5246796996016665,3775.6000113301716,18.841916928067803,,3,0.0,,43,1900,k=oracle,oracle_external_ari_nmi,1,18.841916928067803,ok,,
varying_density,Spectral,0.9130996856310681,0.889224335661506,0.8891132970941552,0.9448504838468802,0.6329378063737607,0.5139093454986189,3783.305352799731,73.71074997354299,,3,0.0,,43,1900,"k=oracle,n_neighbors=10",oracle_external_ari_nmi,1,73.71074997354299,ok,,
varying_density,DelauCluster,0.5276458534009216,0.7008441953621152,0.700413586243497,0.7674071059097699,0.4935227647786637,0.6307679879960914,1363.592031441705,35.668416996486485,,2,0.21052631578947367,local_scale,44,1900,threshold_mode=local_scale,unsupervised_fixed_policy,1,35.668416996486485,ok,,results/static_5seed_summary/runs/varying_density/n_1900/seed_44/DelauCluster
varying_density,DelauClusterAuto,0.7382406114254653,0.7454557725111852,0.745115472093603,0.8277490058184642,0.6857583332500018,0.47395365881948875,4912.84364988528,200.38787391968071,,3,11.68421052631579,raw_length,44,1900,"selected_mode=raw_length;modes=raw_length,local_scale,knn_median,supported_merge,saddle_cut,manifold_filter;mode_objective=0.818241",unsupervised_mode_objective,6,200.38787391968071,ok,,results/static_5seed_summary/runs/varying_density/n_1900/seed_44/DelauClusterAuto/raw_length
varying_density,KMeans,0.9031047847865836,0.8612549875734427,0.8611168214460789,0.9380256197736279,0.6399759564674603,0.5101224700874066,3953.0401292379465,21.361624938435853,,3,0.0,,44,1900,k=oracle,oracle_external_ari_nmi,1,21.361624938435853,ok,,
varying_density,MiniBatchKMeans,0.9004366831355705,0.8574280129709227,0.8572860157761311,0.9363273675955542,0.6398633994115914,0.5096897774729823,3952.9030151898482,8.78687493968755,,3,0.0,,44,1900,k=oracle,oracle_external_ari_nmi,1,8.78687493968755,ok,,
varying_density,DBSCAN,0.7826977152749187,0.7946253514119548,0.7943496692489326,0.8580998368482867,0.6948713030105581,0.4533943900473855,5127.928690781633,5.15508302487433,,3,11.157894736842106,,44,1900,"eps_q=70,min_samples=44",oracle_external_ari_nmi,24,108.20737690664828,ok,,
varying_density,OPTICS,0.5300572940258785,0.7058982450941396,0.7057082317166349,0.7696815991372934,,,,392.24233396817,,1,73.68421052631578,,44,1900,"xi=0.1,min_samples=44",oracle_external_ari_nmi,12,4732.061753165908,ok,,
varying_density,HDBSCAN,0.5288478188378847,0.7030465081349863,0.7026206843671229,0.7685418592694878,0.493235822757587,0.6305703731514067,1363.9254154569173,11.901749996468425,,2,0.10526315789473684,,44,1900,min_cluster_size=5,oracle_external_ari_nmi,4,45.648541883565485,ok,,
varying_density,BIRCH,0.8955357599748223,0.8773312865510461,0.8772095912066666,0.9329550226556922,0.6354490719380641,0.5252488909668681,3856.8359447523326,7.176792016252875,,3,0.0,,44,1900,"threshold=0.5,k=oracle",oracle_external_ari_nmi,5,36.74733510706574,ok,,
varying_density,Agglomerative,0.8064014468042381,0.8268923243920883,0.8267147638825958,0.8812054688889159,0.5998997614201393,0.5144661397749678,3163.7901086312463,18.46695807762444,,3,0.0,,44,1900,k=oracle,oracle_external_ari_nmi,1,18.46695807762444,ok,,
varying_density,Spectral,0.9103750363874132,0.8953216263445044,0.8952162170657811,0.9435170797417323,0.630390455997566,0.5091829444217171,3701.26363998437,74.64000000618398,,3,0.0,,44,1900,"k=oracle,n_neighbors=10",oracle_external_ari_nmi,1,74.64000000618398,ok,,
varying_density,DelauCluster,0.5280928548146242,0.6972059220303974,0.6967816347094089,0.7672034796115762,0.5007923854171155,0.6204250532134183,1414.6400742224475,36.08654101844877,,2,0.3157894736842105,local_scale,45,1900,threshold_mode=local_scale,unsupervised_fixed_policy,1,36.08654101844877,ok,,results/static_5seed_summary/runs/varying_density/n_1900/seed_45/DelauCluster
varying_density,DelauClusterAuto,0.5300572940258785,0.7058982450941396,0.7057082317166349,0.7696815991372934,0.49999889458370744,0.6208448087345144,1409.3757201681765,201.98308385442942,,2,0.0,knn_median,45,1900,"selected_mode=knn_median;modes=raw_length,local_scale,knn_median,supported_merge,saddle_cut,manifold_filter;mode_objective=0.726707",unsupervised_mode_objective,6,201.98308385442942,ok,,results/static_5seed_summary/runs/varying_density/n_1900/seed_45/DelauClusterAuto/knn_median
varying_density,KMeans,0.905421605555885,0.8700438070466262,0.8699142691132854,0.9395664532401087,0.6433537352962517,0.5087788739488348,4018.4409641614857,21.30795898847282,,3,0.0,,45,1900,k=oracle,oracle_external_ari_nmi,1,21.30795898847282,ok,,
varying_density,MiniBatchKMeans,0.9053749708065917,0.8705403138234753,0.8704113417345752,0.9395025944490814,0.6432734368315565,0.5095935432295607,4018.2157818735523,14.101790962740779,,3,0.0,,45,1900,k=oracle,oracle_external_ari_nmi,1,14.101790962740779,ok,,
varying_density,DBSCAN,0.7629916021831753,0.7747947766856546,0.774273920270962,0.8447729914689411,0.4226915507828713,0.48356918173595115,2773.149230007202,3.8027920527383685,,5,11.0,,45,1900,"eps_q=80,min_samples=11",oracle_external_ari_nmi,24,105.30645796097815,ok,,
varying_density,OPTICS,0.5350626570766691,0.6921566251750102,0.6917662848311709,0.7673345436249412,0.8832469526716223,0.11614539140887549,2491.7501817997663,391.99662499595433,,2,72.47368421052632,,45,1900,"xi=0.1,min_samples=22",oracle_external_ari_nmi,12,4665.543248993345,ok,,
varying_density,HDBSCAN,0.529302707869222,0.6998220156026574,0.6993899351439601,0.7683414920696622,0.5022308975050972,0.6182222344793891,1431.4436880176877,12.065542046912014,,2,0.21052631578947367,,45,1900,min_cluster_size=5,oracle_external_ari_nmi,4,46.15725111216307,ok,,
varying_density,BIRCH,0.9124888719434009,0.8883021575684122,0.8881909781806343,0.9440040115360093,0.6373775116876782,0.5184357000785211,3880.321335923923,6.989374989643693,,3,0.0,,45,1900,"threshold=0.5,k=oracle",oracle_external_ari_nmi,5,35.607625963166356,ok,,
varying_density,Agglomerative,0.9396444822798801,0.9170469580620954,0.9169639027513937,0.961640519842973,0.6396737622744483,0.5083655191005865,3891.7751058643867,18.499917001463473,,3,0.0,,45,1900,k=oracle,oracle_external_ari_nmi,1,18.499917001463473,ok,,
varying_density,Spectral,0.9301462007900837,0.9060911442833541,0.9059971495327485,0.9555828770491943,0.6411900276541413,0.5069558141925908,3946.520336050269,69.04624996241182,,3,0.0,,45,1900,"k=oracle,n_neighbors=10",oracle_external_ari_nmi,1,69.04624996241182,ok,,
varying_density,DelauCluster,0.5281744341800495,0.6929128313579663,0.6925012491586161,0.7663422950150508,0.502240374611588,0.6146586378376632,1437.7911381163397,36.03408299386501,,2,0.5263157894736842,local_scale,46,1900,threshold_mode=local_scale,unsupervised_fixed_policy,1,36.03408299386501,ok,,results/static_5seed_summary/runs/varying_density/n_1900/seed_46/DelauCluster
varying_density,DelauClusterAuto,0.5281744341800495,0.6929128313579663,0.6925012491586161,0.7663422950150508,0.502240374611588,0.6146586378376632,1437.7911381163397,200.64070692751557,,2,0.5263157894736842,local_scale,46,1900,"selected_mode=local_scale;modes=raw_length,local_scale,knn_median,supported_merge,saddle_cut,manifold_filter;mode_objective=0.731155",unsupervised_mode_objective,6,200.64070692751557,ok,,results/static_5seed_summary/runs/varying_density/n_1900/seed_46/DelauClusterAuto/local_scale
varying_density,KMeans,0.9048870824734282,0.8697911483894513,0.8696613766698542,0.939216080637432,0.6349001707297975,0.5170333716701937,3927.8675551998385,18.526292056776583,,3,0.0,,46,1900,k=oracle,oracle_external_ari_nmi,1,18.526292056776583,ok,,
varying_density,MiniBatchKMeans,0.9048870824734282,0.8697911483894513,0.8696613766698542,0.939216080637432,0.6349001707297975,0.5170333716701937,3927.867555199838,9.811792057007551,,3,0.0,,46,1900,k=oracle,oracle_external_ari_nmi,1,9.811792057007551,ok,,
varying_density,DBSCAN,0.6989013272086998,0.7443212009927395,0.7439847871643536,0.8007748799724308,0.6980246434464622,0.4489040064971235,5194.845392325557,3.9885829901322722,,3,16.36842105263158,,46,1900,"eps_q=70,min_samples=22",oracle_external_ari_nmi,24,103.70516497641802,ok,,
varying_density,OPTICS,0.5289968888723543,0.7012993282312753,0.701106408056504,0.7689367886896213,0.4997998693738906,0.6178547472360384,1424.2917417137883,382.87870795466006,,2,0.0,,46,1900,"xi=0.1,min_samples=22",oracle_external_ari_nmi,12,4832.60362490546,ok,,
varying_density,HDBSCAN,0.5274907519039906,0.6960629892162292,0.6956426626424244,0.7666363485034247,0.5029789462415309,0.6134478060963396,1448.429384533622,12.148916954174638,,2,0.3684210526315789,,46,1900,min_cluster_size=5,oracle_external_ari_nmi,4,46.53883399441838,ok,,
varying_density,BIRCH,0.8833814646494583,0.870933925280185,0.8708035482741342,0.9268308422022989,0.6246555445519798,0.5102756259596969,3674.830294191085,6.917917053215206,,3,0.0,,46,1900,"threshold=0.5,k=oracle",oracle_external_ari_nmi,5,36.78395808674395,ok,,
varying_density,Agglomerative,0.7945091963166224,0.8108523640518677,0.8106582995868689,0.8738852625882761,0.5955719140658683,0.5186391127574216,3154.7375028300294,19.147958024404943,,3,0.0,,46,1900,k=oracle,oracle_external_ari_nmi,1,19.147958024404943,ok,,
varying_density,Spectral,0.8747623476988392,0.8668016048089133,0.8666668373122686,0.9216119139535847,0.6219835791452051,0.510730354694788,3622.941010866109,61.132167000323534,,3,0.0,,46,1900,"k=oracle,n_neighbors=10",oracle_external_ari_nmi,1,61.132167000323534,ok,,
touching,DelauCluster,0.07212741458567573,0.2028660215278901,0.19767785526301773,0.3847280112176533,-0.04543385545350693,1.1840070016277882,238.48713185170902,27.921083034016192,,12,5.347222222222222,local_scale,42,1440,threshold_mode=local_scale,unsupervised_fixed_policy,1,27.921083034016192,ok,,results/static_5seed_summary/runs/touching/n_1440/seed_42/DelauCluster
touching,DelauClusterAuto,0.34975507914517673,0.2676267907021449,0.26467738741544294,0.6482638083122597,0.03125684702338206,0.9394343613280851,211.66644128751713,170.68924999330193,,5,2.569444444444444,saddle_cut,42,1440,"selected_mode=saddle_cut;modes=raw_length,local_scale,knn_median,supported_merge,saddle_cut,manifold_filter;mode_objective=0.609068",unsupervised_mode_objective,6,170.68924999330193,ok,,results/static_5seed_summary/runs/touching/n_1440/seed_42/DelauClusterAuto/saddle_cut
touching,KMeans,0.5935426095689538,0.47130046087575234,0.4708048338534361,0.7914940343171457,0.34645310579948385,1.1658483182172976,791.1153409622228,28.666459023952484,,2,0.0,,42,1440,k=oracle,oracle_external_ari_nmi,1,28.666459023952484,ok,,
touching,MiniBatchKMeans,0.5854697533973198,0.4616221006328188,0.461117598660668,0.7872211738213968,0.3438914301935717,1.171619982116439,783.0117921475112,9.214207995682955,,2,0.0,,42,1440,k=oracle,oracle_external_ari_nmi,1,9.214207995682955,ok,,
touching,DBSCAN,-0.00046272955381100313,0.0014448273397310435,-7.31829880419895e-05,0.6842444877257261,,,,6.252042017877102,,1,0.4861111111111111,,42,1440,"eps_q=95,min_samples=38",oracle_external_ari_nmi,24,80.34133550245315,ok,,
touching,OPTICS,0.05579558562620226,0.16757685573501582,0.16162471838106215,0.6183260181891101,0.6376649708616849,0.5113284456175555,1011.0216740830109,286.518458975479,,7,86.25,,42,1440,"xi=0.03,min_samples=22",oracle_external_ari_nmi,12,3443.7911259010434,ok,,
touching,HDBSCAN,0.05417924172641403,0.1024038538029617,0.10052150407077785,0.5895920379227256,0.5760096675166702,0.5232837015710966,430.87206474955167,8.899166947230697,,2,80.69444444444444,,42,1440,min_cluster_size=38,oracle_external_ari_nmi,4,31.21541696600616,ok,,
touching,BIRCH,0.10628400568534847,0.15237951429461824,0.15148931844671829,0.6017865653160781,0.259792263561114,1.2099632581714712,455.3940670878342,6.222083931788802,,2,0.0,,42,1440,"threshold=0.75,k=oracle",oracle_external_ari_nmi,5,31.55933495145291,ok,,
touching,Agglomerative,0.2691694079475113,0.20537884319788036,0.20463395346598462,0.6247659456684571,0.29274086613735234,1.3209729508351353,640.7480821532655,10.536459041759372,,2,0.0,,42,1440,k=oracle,oracle_external_ari_nmi,1,10.536459041759372,ok,,
touching,Spectral,0.522963669059545,0.40693083092556637,0.4063746120989728,0.7553798767368763,0.3346983087799057,1.1934720830505925,753.4443897349253,58.497375110164285,,2,0.0,,42,1440,"k=oracle,n_neighbors=10",oracle_external_ari_nmi,1,58.497375110164285,ok,,
touching,DelauCluster,0.1809023385514257,0.23835585835277534,0.23254209925745148,0.4524295338626922,-0.17693260951020362,1.6058062415348504,119.36192933482748,27.675207937136292,,15,9.166666666666666,local_scale,43,1440,threshold_mode=local_scale,unsupervised_fixed_policy,1,27.675207937136292,ok,,results/static_5seed_summary/runs/touching/n_1440/seed_43/DelauCluster
touching,DelauClusterAuto,0.21767841390312787,0.1568453963679374,0.15464150797242918,0.58659728786426,0.05566372250982603,1.1090336850903868,351.1145422847163,170.85791600402445,,3,2.2916666666666665,saddle_cut,43,1440,"selected_mode=saddle_cut;modes=raw_length,local_scale,knn_median,supported_merge,saddle_cut,manifold_filter;mode_objective=0.739615",unsupervised_mode_objective,6,170.85791600402445,ok,,results/static_5seed_summary/runs/touching/n_1440/seed_43/DelauClusterAuto/saddle_cut
touching,KMeans,0.6133155903401851,0.48735868134472,0.4868783000693582,0.8015375674131726,0.33478895477406984,1.1877637659913738,774.3492178352229,30.13837500475347,,2,0.0,,43,1440,k=oracle,oracle_external_ari_nmi,1,30.13837500475347,ok,,
touching,MiniBatchKMeans,0.6196761264131987,0.4967052105503837,0.4962334820826961,0.8048737777615962,0.3348208259550998,1.188036181415777,772.6987549328201,9.887457941658795,,2,0.0,,43,1440,k=oracle,oracle_external_ari_nmi,1,9.887457941658795,ok,,
touching,DBSCAN,-0.0006127103875129595,0.0005139359517202458,-0.0010385510577295288,0.6832360088481939,,,,6.001499947160482,,1,0.625,,43,1440,"eps_q=95,min_samples=38",oracle_external_ari_nmi,24,78.2634528586641,ok,,
touching,OPTICS,0.0487577047329476,0.13027365009570685,0.12624821065952804,0.6317764672652239,0.6235800011727806,0.48540139426195517,540.3257043571281,285.6355409603566,,4,88.68055555555556,,43,1440,"xi=0.05,min_samples=22",oracle_external_ari_nmi,12,3421.27066408284,ok,,
touching,HDBSCAN,0.037768735800963446,0.08159891989363773,0.07991250943338925,0.5107460754223163,0.3061114739382633,0.8461049513217717,145.03019771639683,7.594375056214631,,2,63.74999999999999,,43,1440,min_cluster_size=22,oracle_external_ari_nmi,4,31.506249913945794,ok,,
touching,BIRCH,0.5148264502632012,0.46667374215929597,0.4661657891496395,0.7567506511398371,0.3292915531869558,1.1933634485533597,727.3571760533387,5.631375010125339,,2,0.0,,43,1440,"threshold=0.75,k=oracle",oracle_external_ari_nmi,5,32.22604305483401,ok,,
touching,Agglomerative,0.3234832865034311,0.33783227381703124,0.33718125156550055,0.6747998839024407,0.2936477973720168,1.1872792719250695,590.2539542277091,10.762582998722792,,2,0.0,,43,1440,k=oracle,oracle_external_ari_nmi,1,10.762582998722792,ok,,
touching,Spectral,0.3141945939345931,0.23814636377327886,0.23742984710730342,0.6495256285514178,0.3104876564336454,1.2467721212598593,700.4610603126041,56.76054104696959,,2,0.0,,43,1440,"k=oracle,n_neighbors=10",oracle_external_ari_nmi,1,56.76054104696959,ok,,
touching,DelauCluster,0.039185822507199645,0.19694540779057948,0.19087992752715455,0.3023305344575277,0.12116847572177215,1.0328831480751706,329.89629220628694,28.467249940149486,,16,6.805555555555555,local_scale,44,1440,threshold_mode=local_scale,unsupervised_fixed_policy,1,28.467249940149486,ok,,results/static_5seed_summary/runs/touching/n_1440/seed_44/DelauCluster
touching,DelauClusterAuto,0.25713601774967143,0.18102193577531683,0.17953202521131378,0.6082953197477872,0.3279492845661882,1.1952967963244905,763.5755030378632,170.47962406650186,,2,2.8472222222222223,saddle_cut,44,1440,"selected_mode=saddle_cut;modes=raw_length,local_scale,knn_median,supported_merge,saddle_cut,manifold_filter;mode_objective=0.884664",unsupervised_mode_objective,6,170.47962406650186,ok,,results/static_5seed_summary/runs/touching/n_1440/seed_44/DelauClusterAuto/saddle_cut
touching,KMeans,0.6157459632653103,0.49635963136928535,0.4958876393632782,0.8028156307191635,0.3363190336262603,1.1794303881913533,782.2253375501683,42.082459083758295,,2,0.0,,44,1440,k=oracle,oracle_external_ari_nmi,1,42.082459083758295,ok,,
touching,MiniBatchKMeans,0.3861568261214675,0.2918032834836439,0.29113837163906403,0.685592534997719,0.32775331134727365,1.2012691135221152,752.960915932512,14.355959021486342,,2,0.0,,44,1440,k=oracle,oracle_external_ari_nmi,1,14.355959021486342,ok,,
touching,DBSCAN,-0.0008665101123248325,0.001174011579493988,-0.00043329462495765353,0.6812405397880857,,,,5.801666993647814,,1,0.9027777777777777,,44,1440,"eps_q=95,min_samples=38",oracle_external_ari_nmi,24,77.76325149461627,ok,,
touching,OPTICS,0.06782511801048374,0.08997139387324211,0.08884468392740069,0.643274512399474,,,,285.69566598162055,,1,88.68055555555556,,44,1440,"xi=0.03,min_samples=38",oracle_external_ari_nmi,12,3449.6830847347155,ok,,
touching,HDBSCAN,0.05962459575636397,0.10615107642671438,0.10318478278163244,0.6169121736768777,0.5808576492505894,0.4941365838466399,303.8205568286875,7.573707960546017,,3,85.20833333333333,,44,1440,min_cluster_size=22,oracle_external_ari_nmi,4,30.997082008980215,ok,,
touching,BIRCH,0.07398511507748225,0.13678024120935708,0.13582926787793526,0.607365075918348,0.26055009406813084,1.0935185223483515,433.31040913455683,5.170750082470477,,2,0.0,,44,1440,"threshold=0.75,k=oracle",oracle_external_ari_nmi,5,30.315250158309937,ok,,
touching,Agglomerative,0.506910826445796,0.40164192473904486,0.40108122078316616,0.7468228017169223,0.30274048394577313,1.2774936630259428,670.8868415498307,11.275249999016523,,2,0.0,,44,1440,k=oracle,oracle_external_ari_nmi,1,11.275249999016523,ok,,
touching,Spectral,0.17516965965467654,0.1293845859328284,0.12856527168754803,0.5787310964997289,0.3088159803586668,1.2606850987358529,692.7574201116776,63.782457960769534,,2,0.0,,44,1440,"k=oracle,n_neighbors=10",oracle_external_ari_nmi,1,63.782457960769534,ok,,
touching,DelauCluster,0.06183145052918423,0.21145431906124662,0.20295473133951,0.27237117781492326,-0.00563643528133311,1.2629929139690927,256.1684322299017,30.057125026360154,,27,15.347222222222223,local_scale,45,1440,threshold_mode=local_scale,unsupervised_fixed_policy,1,30.057125026360154,ok,,results/static_5seed_summary/runs/touching/n_1440/seed_45/DelauCluster
touching,DelauClusterAuto,0.14973832406665033,0.13196522809355657,0.12753412732343294,0.5144410895951594,-0.2706828104159169,1.0400027315722746,154.2128723522702,205.2608319791034,,7,5.972222222222222,saddle_cut,45,1440,"selected_mode=saddle_cut;modes=raw_length,local_scale,knn_median,supported_merge,saddle_cut,manifold_filter;mode_objective=0.572709",unsupervised_mode_objective,6,205.2608319791034,ok,,results/static_5seed_summary/runs/touching/n_1440/seed_45/DelauClusterAuto/saddle_cut
touching,KMeans,0.6330594892126462,0.5064241706056873,0.5059616430345443,0.811697520242676,0.3428534139837197,1.173138541478776,794.6512074083525,49.46299991570413,,2,0.0,,45,1440,k=oracle,oracle_external_ari_nmi,1,49.46299991570413,ok,,
touching,MiniBatchKMeans,0.6220619700734338,0.4958136734037638,0.4953412178869683,0.8060333285607651,0.3424233312418439,1.1737039860627076,793.650035434807,10.220124968327582,,2,0.0,,45,1440,k=oracle,oracle_external_ari_nmi,1,10.220124968327582,ok,,
touching,DBSCAN,-0.0006745966787213307,0.0008005932378192654,-0.0007673413136010562,0.6827372761336226,,,,5.994458915665746,,1,0.6944444444444444,,45,1440,"eps_q=95,min_samples=38",oracle_external_ari_nmi,24,79.19287669938058,ok,,
touching,OPTICS,0.03684166380497772,0.14282462914134944,0.13223677781192839,0.5480416837122233,0.6123304810821513,0.486057273104264,1021.4815670694146,287.9332919837907,,17,76.875,,45,1440,"xi=0.05,min_samples=11",oracle_external_ari_nmi,12,3451.744084712118,ok,,
touching,HDBSCAN,0.09454816768931504,0.18309801024582323,0.18008730192041442,0.4913739335195495,0.3082047731570703,0.7639874160274319,253.099400418844,7.075665984302759,,5,58.26388888888889,,45,1440,min_cluster_size=11,oracle_external_ari_nmi,4,31.430373899638653,ok,,
touching,BIRCH,0.17603930043861188,0.1410103388417042,0.1402047977098825,0.5771268912837949,0.2855538677277884,1.3467168350073577,622.1456241266095,5.264708073809743,,2,0.0,,45,1440,"threshold=1,k=oracle",oracle_external_ari_nmi,5,31.8595829885453,ok,,
touching,Agglomerative,0.5332001484597702,0.45036920703554206,0.4498513715939805,0.7622332739425791,0.33313265231554845,1.2027056803473786,750.8397695834378,11.047417065128684,,2,0.0,,45,1440,k=oracle,oracle_external_ari_nmi,1,11.047417065128684,ok,,
touching,Spectral,0.6015262688116911,0.48666146611975214,0.4861799262099873,0.795795541579958,0.3405332082252322,1.1763346069002565,782.681651832628,57.25416704080999,,2,0.0,,45,1440,"k=oracle,n_neighbors=10",oracle_external_ari_nmi,1,57.25416704080999,ok,,
touching,DelauCluster,0.35766181314395223,0.27787362525681275,0.27362760881863535,0.6396263189506968,-0.2810406922156835,1.4560733873476739,142.10974594263988,28.18141703028232,,8,3.2638888888888893,local_scale,46,1440,threshold_mode=local_scale,unsupervised_fixed_policy,1,28.18141703028232,ok,,results/static_5seed_summary/runs/touching/n_1440/seed_46/DelauCluster
touching,DelauClusterAuto,0.23201634978060326,0.23375884401892655,0.22927235607196117,0.5105490889823825,-0.12135627693440638,1.43075560825904,268.2649639798112,168.66758291143924,,10,5.416666666666667,knn_median,46,1440,"selected_mode=knn_median;modes=raw_length,local_scale,knn_median,supported_merge,saddle_cut,manifold_filter;mode_objective=0.601609",unsupervised_mode_objective,6,168.66758291143924,ok,,results/static_5seed_summary/runs/touching/n_1440/seed_46/DelauClusterAuto/knn_median
touching,KMeans,0.5415359903728247,0.4220322095205971,0.4214906040523965,0.7646330389879809,0.3439020992154046,1.1672040269277018,814.0656380173841,44.169707922264934,,2,0.0,,46,1440,k=oracle,oracle_external_ari_nmi,1,44.169707922264934,ok,,
touching,MiniBatchKMeans,0.5712782463011951,0.4660574158028365,0.4655563126826399,0.7804154409141515,0.343967997997433,1.1720839551115985,802.8261326897706,11.366041959263384,,2,0.0,,46,1440,k=oracle,oracle_external_ari_nmi,1,11.366041959263384,ok,,
touching,DBSCAN,0.0023130406990834115,0.10288392176451973,0.09165982005462205,0.413287157662426,-0.2612526766803446,0.76968610658605,41.69187198428616,2.0852499874308705,,22,24.791666666666668,,46,1440,"eps_q=60,min_samples=5",oracle_external_ari_nmi,24,77.9381642350927,ok,,
touching,OPTICS,0.060213706420173485,0.14647467930503588,0.1413191757260914,0.6104912145451633,0.7190104766421438,0.37824874866189595,1054.8989284856734,288.69154199492186,,6,84.65277777777777,,46,1440,"xi=0.03,min_samples=22",oracle_external_ari_nmi,12,3475.0343321356922,ok,,
touching,HDBSCAN,0.06167295096310811,0.12070498534492717,0.11861460614887787,0.6335501929705177,0.5420211169616189,0.5895294868438805,252.1055187020222,8.624125039204955,,2,87.84722222222221,,46,1440,min_cluster_size=38,oracle_external_ari_nmi,4,30.505749164149165,ok,,
touching,BIRCH,0.21466790619685053,0.2621149750049272,0.261364974288514,0.6375051094508516,0.24750689163329392,1.2110649441619215,498.0539770530883,5.344583070836961,,2,0.0,,46,1440,"threshold=0.5,k=oracle",oracle_external_ari_nmi,5,30.282041989266872,ok,,
touching,Agglomerative,0.3827787705497045,0.3285575938127889,0.32791795856893957,0.6902987784544237,0.32319310593910683,1.1761889692232899,740.6505348667334,11.012249975465238,,2,0.0,,46,1440,k=oracle,oracle_external_ari_nmi,1,11.012249975465238,ok,,
touching,Spectral,0.3187938732286746,0.23735221754377292,0.23663736443555802,0.650227093272243,0.33123621040558127,1.2001302005064494,772.6554757332336,59.37995808199048,,2,0.0,,46,1440,"k=oracle,n_neighbors=10",oracle_external_ari_nmi,1,59.37995808199048,ok,,
chain_noise,DelauCluster,0.5860874781695504,0.642830945820026,0.6415694321129687,0.7465004672591073,0.19927541178699731,0.9339214763507013,564.1097883387342,22.283499944023788,,4,2.7777777777777777,local_scale,42,1080,threshold_mode=local_scale,unsupervised_fixed_policy,1,22.283499944023788,ok,,results/static_5seed_summary/runs/chain_noise/n_1080/seed_42/DelauCluster
chain_noise,DelauClusterAuto,0.8122639639994379,0.7775197986559691,0.7770159903386196,0.8984866853786045,0.4839417104579538,0.8689227366753653,916.5144368114721,133.50803998764604,,2,2.7777777777777777,supported_merge,42,1080,"selected_mode=supported_merge;modes=raw_length,local_scale,knn_median,supported_merge,saddle_cut,manifold_filter;mode_objective=0.866513",unsupervised_mode_objective,6,133.50803998764604,ok,,results/static_5seed_summary/runs/chain_noise/n_1080/seed_42/DelauClusterAuto/supported_merge
chain_noise,KMeans,0.8571890359216358,0.8027543102251055,0.8025247060620069,0.9258017898800269,0.5047601024165139,0.8436216068594914,987.276205799603,13.65612493827939,,2,0.0,,42,1080,k=oracle,oracle_external_ari_nmi,1,13.65612493827939,ok,,
chain_noise,MiniBatchKMeans,0.8571890359216358,0.8027543102251055,0.8025247060620069,0.9258017898800269,0.5047601024165139,0.8436216068594914,987.276205799603,7.877915981225669,,2,0.0,,42,1080,k=oracle,oracle_external_ari_nmi,1,7.877915981225669,ok,,
chain_noise,DBSCAN,0.8110749226420233,0.7122684663567608,0.7116991057182676,0.8902684283603047,0.5789311376203476,0.6980367532513541,1341.7938581475853,2.2561249788850546,,2,12.592592592592592,,42,1080,"eps_q=80,min_samples=22",oracle_external_ari_nmi,24,51.676835399121046,ok,,
chain_noise,OPTICS,0.8059284731998729,0.6970507755649887,0.6964387860077985,0.8884192848288878,0.5686512460257943,0.7159300528270124,1312.0265387639115,211.22554200701416,,2,10.0,,42,1080,"xi=0.05,min_samples=33",oracle_external_ari_nmi,12,2541.7982899816707,ok,,
chain_noise,HDBSCAN,0.7597289212896693,0.6604617815534842,0.6597945045687924,0.859690904484247,0.5839804503361636,0.682472321734945,1399.3573903217193,5.535624921321869,,2,13.61111111111111,,42,1080,min_cluster_size=33,oracle_external_ari_nmi,4,21.16312482394278,ok,,
chain_noise,BIRCH,0.8601297535005642,0.8288207978095482,0.8286213530829745,0.9275639349056566,0.4872333874634303,0.8676943145842908,937.5259457566993,3.9310830179601908,,2,0.0,,42,1080,"threshold=0.75,k=oracle",oracle_external_ari_nmi,5,20.341709023341537,ok,,
chain_noise,Agglomerative,0.8588817098765794,0.8169626438100078,0.8167494661509165,0.9268162991826715,0.4945901344139,0.8590628784769578,956.965832321728,6.045207963325083,,2,0.0,,42,1080,k=oracle,oracle_external_ari_nmi,1,6.045207963325083,ok,,
chain_noise,Spectral,0.8572764857141693,0.8034479598295164,0.8032191568624868,0.9258542178583871,0.5041886461006729,0.8440777138728168,986.0116837929322,55.33770797774196,,2,0.0,,42,1080,"k=oracle,n_neighbors=10",oracle_external_ari_nmi,1,55.33770797774196,ok,,
chain_noise,DelauCluster,0.5879225162154103,0.6074618701467513,0.6056800616715953,0.7501045324114013,0.29321029123673925,2.3552733095587812,619.3633531679761,23.38504104409367,,5,1.574074074074074,local_scale,43,1080,threshold_mode=local_scale,unsupervised_fixed_policy,1,23.38504104409367,ok,,results/static_5seed_summary/runs/chain_noise/n_1080/seed_43/DelauCluster
chain_noise,DelauClusterAuto,0.5879225162154103,0.6074618701467513,0.6056800616715953,0.7501045324114013,0.29321029123673925,2.3552733095587812,619.3633531679761,135.9659576555714,,5,1.574074074074074,local_scale,43,1080,"selected_mode=local_scale;modes=raw_length,local_scale,knn_median,supported_merge,saddle_cut,manifold_filter;mode_objective=0.728921",unsupervised_mode_objective,6,135.9659576555714,ok,,results/static_5seed_summary/runs/chain_noise/n_1080/seed_43/DelauClusterAuto/local_scale
chain_noise,KMeans,0.8571890359216358,0.8027543102251055,0.8025247060620069,0.9258017898800269,0.5038362289843477,0.8454672911225457,985.323066560584,13.089582906104624,,2,0.0,,43,1080,k=oracle,oracle_external_ari_nmi,1,13.089582906104624,ok,,
chain_noise,MiniBatchKMeans,0.8571890359216358,0.8027543102251055,0.8025247060620069,0.9258017898800269,0.5038362289843477,0.8454672911225457,985.323066560584,9.508708026260138,,2,0.0,,43,1080,k=oracle,oracle_external_ari_nmi,1,9.508708026260138,ok,,
chain_noise,DBSCAN,0.764475537730575,0.6561614831666271,0.6554663737509624,0.8645834121797763,0.5713408245646349,0.7062769216717907,1377.1475767016695,2.4981671012938023,,2,9.907407407407408,,43,1080,"eps_q=80,min_samples=33",oracle_external_ari_nmi,24,52.932460559532046,ok,,
chain_noise,OPTICS,0.4633400362400401,0.4827767882554939,0.481206204148308,0.6940862781714922,0.6185107482381722,0.4083878798491059,406.3540730885286,213.59770896378905,,3,52.22222222222223,,43,1080,"xi=0.03,min_samples=33",oracle_external_ari_nmi,12,2553.1817098381,ok,,
chain_noise,HDBSCAN,0.6925619141014224,0.6027947712603257,0.6020231398566935,0.8188891218996598,0.5856417488029578,0.6748235187049167,1418.2801062407552,4.734207992441952,,2,15.555555555555555,,43,1080,min_cluster_size=11,oracle_external_ari_nmi,4,20.430914941243827,ok,,
chain_noise,BIRCH,0.8575388231376551,0.805552481289824,0.8053261096152214,0.9260114850231789,0.5015220043481327,0.8483837287302033,979.2916236084694,4.019791027531028,,2,0.0,,43,1080,"threshold=0.75,k=oracle",oracle_external_ari_nmi,5,20.428707939572632,ok,,
chain_noise,Agglomerative,0.8588817098765794,0.8169626438100078,0.8167494661509165,0.9268162991826715,0.4934784238685305,0.8596697907667157,956.3792550595178,6.003957940265536,,2,0.0,,43,1080,k=oracle,oracle_external_ari_nmi,1,6.003957940265536,ok,,
chain_noise,Spectral,0.8571890359216358,0.8027543102251055,0.8025247060620069,0.9258017898800269,0.5037357273824574,0.8455931026342128,985.0588588834466,45.50595802720636,,2,0.0,,43,1080,"k=oracle,n_neighbors=10",oracle_external_ari_nmi,1,45.50595802720636,ok,,
chain_noise,DelauCluster,0.6394212896172126,0.6591704565564012,0.6573325183271901,0.7818341891875654,0.06302205118838752,2.9720855178746906,342.4949839463652,22.094417014159262,,6,1.7592592592592593,local_scale,44,1080,threshold_mode=local_scale,unsupervised_fixed_policy,1,22.094417014159262,ok,,results/static_5seed_summary/runs/chain_noise/n_1080/seed_44/DelauCluster
chain_noise,DelauClusterAuto,0.7244705164417409,0.6337686117493468,0.63266200031885,0.8401480924542473,0.490367623348183,0.6085635913795593,714.8177554242542,161.64225188549608,,3,9.537037037037036,raw_length,44,1080,"selected_mode=raw_length;modes=raw_length,local_scale,knn_median,supported_merge,saddle_cut,manifold_filter;mode_objective=0.715321",unsupervised_mode_objective,6,161.64225188549608,ok,,results/static_5seed_summary/runs/chain_noise/n_1080/seed_44/DelauClusterAuto/raw_length
chain_noise,KMeans,0.8571890359216358,0.8027543102251055,0.8025247060620069,0.9258017898800269,0.5066374462335352,0.8337153809550651,993.7449700304347,14.788457890972495,,2,0.0,,44,1080,k=oracle,oracle_external_ari_nmi,1,14.788457890972495,ok,,
chain_noise,MiniBatchKMeans,0.8571890359216358,0.8027543102251055,0.8025247060620069,0.9258017898800269,0.5066374462335352,0.8337153809550651,993.7449700304347,37.53950004465878,,2,0.0,,44,1080,k=oracle,oracle_external_ari_nmi,1,37.53950004465878,ok,,
chain_noise,DBSCAN,0.8056887111600811,0.714431493307383,0.7135854298573339,0.8873740405169634,0.2460320128986509,0.9100863753965247,698.5929405147753,2.54250003490597,,3,8.148148148148149,,44,1080,"eps_q=80,min_samples=22",oracle_external_ari_nmi,24,55.78866507858038,ok,,
chain_noise,OPTICS,0.6234306204623593,0.5805024415993472,0.5795569663661446,0.7958001663094433,0.6891412546296546,0.28014896677411455,418.55666492271706,209.12208291701972,,2,55.00000000000001,,44,1080,"xi=0.05,min_samples=33",oracle_external_ari_nmi,12,2725.8625419344753,ok,,
chain_noise,HDBSCAN,0.7567638155786324,0.6855261523930584,0.6846149099949024,0.8564050773303973,0.253955977527244,0.9678070645740884,690.4215252436628,4.785874974913895,,3,15.555555555555555,,44,1080,min_cluster_size=11,oracle_external_ari_nmi,4,20.770375966094434,ok,,
chain_noise,BIRCH,0.8609965028915749,0.8381262162344971,0.837937562250354,0.9280829669724616,0.48484187248361627,0.8685648488978,928.527875434216,4.1495420737192035,,2,0.0,,44,1080,"threshold=0.75,k=oracle",oracle_external_ari_nmi,5,20.542084123007953,ok,,
chain_noise,Agglomerative,0.8612306314319026,0.8408561774940261,0.8406706915038679,0.9282231424390578,0.4827429013768345,0.8662786504147698,923.9744767241615,6.49266701657325,,2,0.0,,44,1080,k=oracle,oracle_external_ari_nmi,1,6.49266701657325,ok,,
chain_noise,Spectral,0.857245004018385,0.8031978029881714,0.8029687110698729,0.9258353441082224,0.5062551297537734,0.834541598338477,992.5941178713607,46.48895899299532,,2,0.0,,44,1080,"k=oracle,n_neighbors=10",oracle_external_ari_nmi,1,46.48895899299532,ok,,
chain_noise,DelauCluster,0.8502094692396298,0.8323481746806433,0.8319495519923533,0.9211701321186614,0.4683425798185231,0.9080116181413435,874.1484904646713,25.32049990259111,,2,0.9259259259259258,local_scale,45,1080,threshold_mode=local_scale,unsupervised_fixed_policy,1,25.32049990259111,ok,,results/static_5seed_summary/runs/chain_noise/n_1080/seed_45/DelauCluster
chain_noise,DelauClusterAuto,0.8502094692396298,0.8323481746806433,0.8319495519923533,0.9211701321186614,0.4683425798185231,0.9080116181413435,874.1484904646713,145.03008394967765,,2,0.9259259259259258,local_scale,45,1080,"selected_mode=local_scale;modes=raw_length,local_scale,knn_median,supported_merge,saddle_cut,manifold_filter;mode_objective=0.889235",unsupervised_mode_objective,6,145.03008394967765,ok,,results/static_5seed_summary/runs/chain_noise/n_1080/seed_45/DelauClusterAuto/local_scale
chain_noise,KMeans,0.8571890359216358,0.8027543102251055,0.8025247060620069,0.9258017898800269,0.5031178696574098,0.8523797404833486,987.5953156536618,25.937290978617966,,2,0.0,,45,1080,k=oracle,oracle_external_ari_nmi,1,25.937290978617966,ok,,
chain_noise,MiniBatchKMeans,0.8571890359216358,0.8027543102251055,0.8025247060620069,0.9258017898800269,0.5031178696574098,0.8523797404833486,987.5953156536618,11.603291961364448,,2,0.0,,45,1080,k=oracle,oracle_external_ari_nmi,1,11.603291961364448,ok,,
chain_noise,DBSCAN,0.8014824467199863,0.6931036972942576,0.6924877187746673,0.885456985312834,0.5719477051821409,0.7148917684815899,1349.4302501680434,2.368540968745947,,2,10.74074074074074,,45,1080,"eps_q=80,min_samples=33",oracle_external_ari_nmi,24,53.04691684432328,ok,,
chain_noise,OPTICS,0.7786825514632216,0.7201724196879443,0.7198456817545027,0.884406826435244,,,,211.06770797632635,,1,54.907407407407405,,45,1080,"xi=0.05,min_samples=33",oracle_external_ari_nmi,12,2512.4379999469966,ok,,
chain_noise,HDBSCAN,0.7554110932359209,0.6583187335131251,0.6576495973156206,0.8568950989967337,0.5870954731862336,0.6833460462568188,1439.4735542147275,5.465374910272658,,2,14.166666666666666,,45,1080,min_cluster_size=33,oracle_external_ari_nmi,4,20.407207775861025,ok,,
chain_noise,BIRCH,0.8593746831721705,0.8214735163697606,0.821265560311995,0.9271116517265436,0.49018023682277645,0.8720557445145699,948.9931509150007,3.958334098570049,,2,0.0,,45,1080,"threshold=0.75,k=oracle",oracle_external_ari_nmi,5,19.960585166700184,ok,,
chain_noise,Agglomerative,0.858322230839716,0.8120677881126969,0.8118489478578983,0.9264810399605992,0.4959960839676256,0.8616414122007701,967.8629795045914,5.702625028789043,,2,0.0,,45,1080,k=oracle,oracle_external_ari_nmi,1,5.702625028789043,ok,,
chain_noise,Spectral,0.8572764857141693,0.8034479598295164,0.8032191568624868,0.9258542178583871,0.502496922432403,0.853321160453426,985.7339499692417,53.589334012940526,,2,0.0,,45,1080,"k=oracle,n_neighbors=10",oracle_external_ari_nmi,1,53.589334012940526,ok,,
chain_noise,DelauCluster,0.8142351700729965,0.7959177530173637,0.7952502880003363,0.899633009822323,0.40310515771435235,0.7520473803624244,561.8056365983539,21.871417062357068,,3,0.0925925925925926,local_scale,46,1080,threshold_mode=local_scale,unsupervised_fixed_policy,1,21.871417062357068,ok,,results/static_5seed_summary/runs/chain_noise/n_1080/seed_46/DelauCluster
chain_noise,DelauClusterAuto,0.8142351700729965,0.7959177530173637,0.7952502880003363,0.899633009822323,0.40310515771435235,0.7520473803624244,561.8056365983539,136.2979580881074,,3,0.0925925925925926,local_scale,46,1080,"selected_mode=local_scale;modes=raw_length,local_scale,knn_median,supported_merge,saddle_cut,manifold_filter;mode_objective=0.764527",unsupervised_mode_objective,6,136.2979580881074,ok,,results/static_5seed_summary/runs/chain_noise/n_1080/seed_46/DelauClusterAuto/local_scale
chain_noise,KMeans,0.8571890359216358,0.8027543102251055,0.8025247060620069,0.9258017898800269,0.5015764711174348,0.8567577729218518,994.176495969671,14.385999995283782,,2,0.0,,46,1080,k=oracle,oracle_external_ari_nmi,1,14.385999995283782,ok,,
chain_noise,MiniBatchKMeans,0.8571890359216358,0.8027543102251055,0.8025247060620069,0.9258017898800269,0.5015764711174348,0.8567577729218518,994.176495969671,7.497958024032414,,2,0.0,,46,1080,k=oracle,oracle_external_ari_nmi,1,7.497958024032414,ok,,
chain_noise,DBSCAN,0.8474861821293901,0.7445600332331626,0.7435390475858014,0.9116428607942098,0.05834995164698601,1.2061946209864234,419.60143245244274,2.0654589170590043,,4,8.703703703703704,,46,1080,"eps_q=80,min_samples=11",oracle_external_ari_nmi,24,50.8887090254575,ok,,
chain_noise,OPTICS,0.8023539663190344,0.7269678859613679,0.7266497063945534,0.896613415204037,,,,200.8839580230415,,1,52.96296296296297,,46,1080,"xi=0.05,min_samples=33",oracle_external_ari_nmi,12,2517.1629549004138,ok,,
chain_noise,HDBSCAN,0.7780385268715971,0.6758438802792939,0.6752020229465345,0.8709552004878037,0.5649889934740201,0.7277849027338457,1281.9081844486082,4.881749977357686,,2,12.5,,46,1080,min_cluster_size=22,oracle_external_ari_nmi,4,19.932250143028796,ok,,
chain_noise,BIRCH,0.8599305132619457,0.8268237494947661,0.8266219905475582,0.9274446025772266,0.48518358929976935,0.8804156858634028,944.8126358554379,3.9286669343709946,,2,0.0,,46,1080,"threshold=0.75,k=oracle",oracle_external_ari_nmi,5,19.78433388285339,ok,,
chain_noise,Agglomerative,0.8592033733914063,0.8198830218368726,0.8196732243404529,0.927009021528681,0.4893345565173049,0.874009757833907,957.3707608730782,6.02483400143683,,2,0.0,,46,1080,k=oracle,oracle_external_ari_nmi,1,6.02483400143683,ok,,
chain_noise,Spectral,0.8573604356405528,0.8041175114454902,0.8038894819143602,0.9259045460877564,0.5004809625624163,0.8583863303060499,991.2811916115221,57.79154202900827,,2,0.0,,46,1080,"k=oracle,n_neighbors=10",oracle_external_ari_nmi,1,57.79154202900827,ok,,
anisotropic,DelauCluster,0.9970110330910082,0.9944665068222103,0.9944554835867137,0.9980060280700354,0.852685883809972,0.20182423123433432,19011.202698075413,28.946541948243976,,3,0.2,local_scale,42,1500,threshold_mode=local_scale,unsupervised_fixed_policy,1,28.946541948243976,ok,,results/static_5seed_summary/runs/anisotropic/n_1500/seed_42/DelauCluster
anisotropic,DelauClusterAuto,1.0,1.0,1.0,1.0,0.8523047817409782,0.20221316145091803,18934.819217329237,164.26025005057454,,3,0.0,knn_median,42,1500,"selected_mode=knn_median;modes=raw_length,local_scale,knn_median,supported_merge,saddle_cut,manifold_filter;mode_objective=0.953313",unsupervised_mode_objective,6,164.26025005057454,ok,,results/static_5seed_summary/runs/anisotropic/n_1500/seed_42/DelauClusterAuto/knn_median
anisotropic,KMeans,1.0,1.0,1.0,1.0,0.8523047817409782,0.20221316145091803,18934.819217329237,9.959709015674889,,3,0.0,,42,1500,k=oracle,oracle_external_ari_nmi,1,9.959709015674889,ok,,
anisotropic,MiniBatchKMeans,1.0,1.0,1.0,1.0,0.8523047817409782,0.20221316145091803,18934.819217329237,8.690917049534619,,3,0.0,,42,1500,k=oracle,oracle_external_ari_nmi,1,8.690917049534619,ok,,
anisotropic,DBSCAN,0.9960033592466083,0.9916237590073599,0.991607235466317,0.9973337870358803,0.8535656322060613,0.2010235346401845,19238.276716191343,5.082875024527311,,3,0.26666666666666666,,42,1500,"eps_q=95,min_samples=39",oracle_external_ari_nmi,24,75.82845620345324,ok,,
anisotropic,OPTICS,1.0,1.0,1.0,1.0,0.8523047817409782,0.20221316145091803,18934.819217329237,287.5070000300184,,3,0.0,,42,1500,"xi=0.1,min_samples=22",oracle_external_ari_nmi,12,3498.8451671088114,ok,,
anisotropic,HDBSCAN,1.0,1.0,1.0,1.0,0.8523047817409782,0.20221316145091803,18934.819217329237,7.401374983601272,,3,0.0,,42,1500,min_cluster_size=11,oracle_external_ari_nmi,4,33.50295906420797,ok,,
anisotropic,BIRCH,1.0,1.0,1.0,1.0,0.8523047817409782,0.20221316145091803,18934.819217329234,5.275709088891745,,3,0.0,,42,1500,"threshold=0.75,k=oracle",oracle_external_ari_nmi,5,26.72604308463633,ok,,
anisotropic,Agglomerative,1.0,1.0,1.0,1.0,0.8523047817409782,0.20221316145091803,18934.819217329234,11.882208054885268,,3,0.0,,42,1500,k=oracle,oracle_external_ari_nmi,1,11.882208054885268,ok,,
anisotropic,Spectral,1.0,1.0,1.0,1.0,0.8523047817409782,0.20221316145091803,18934.819217329237,55.790083948522806,,3,0.0,,42,1500,"k=oracle,n_neighbors=10",oracle_external_ari_nmi,1,55.790083948522806,ok,,
anisotropic,DelauCluster,0.571101573676681,0.733680436651211,0.7334753100145156,0.7742863961790686,0.5637972140304333,0.6397998563024431,2138.6070063853,27.896250016056,,2,0.0,local_scale,43,1500,threshold_mode=local_scale,unsupervised_fixed_policy,1,27.896250016056,ok,,results/static_5seed_summary/runs/anisotropic/n_1500/seed_43/DelauCluster
anisotropic,DelauClusterAuto,0.8312440862208342,0.8118136467887784,0.8115013757266799,0.8860292204851415,0.6431680954149679,0.52138966827198,3717.51823651184,164.59624900016934,,3,10.866666666666665,raw_length,43,1500,"selected_mode=raw_length;modes=raw_length,local_scale,knn_median,supported_merge,saddle_cut,manifold_filter;mode_objective=0.849398",unsupervised_mode_objective,6,164.59624900016934,ok,,results/static_5seed_summary/runs/anisotropic/n_1500/seed_43/DelauClusterAuto/raw_length
anisotropic,KMeans,0.8877940178771663,0.8519394521049023,0.8517591982058921,0.9251552669038176,0.5985890817220847,0.5678451022775667,3223.133096485247,16.145957983098924,,3,0.0,,43,1500,k=oracle,oracle_external_ari_nmi,1,16.145957983098924,ok,,
anisotropic,MiniBatchKMeans,0.8860179988661615,0.8503254401085644,0.850143218131505,0.92397203656861,0.5984903523624711,0.5681818264813981,3223.079107669429,13.886375003494322,,3,0.0,,43,1500,k=oracle,oracle_external_ari_nmi,1,13.886375003494322,ok,,
anisotropic,DBSCAN,0.9709636181671046,0.9498798280558942,0.9497903460697948,0.9806114704018893,0.6053366724852441,0.5733576316679645,3297.3051185892573,3.7233749171718955,,3,1.7999999999999998,,43,1500,"eps_q=95,min_samples=11",oracle_external_ari_nmi,24,75.3074997337535,ok,,
anisotropic,OPTICS,0.9940100120253627,0.9877096245735051,0.9876946635241469,0.9960040133555804,0.6716856575046645,0.45113856465773156,3431.701360424259,294.4296660134569,,2,33.4,,43,1500,"xi=0.1,min_samples=22",oracle_external_ari_nmi,12,3493.598042987287,ok,,
anisotropic,HDBSCAN,0.9694768813226188,0.9554567245204431,0.9553775602298181,0.9796310215204018,0.6057402462886121,0.5683120540786059,3275.698505381478,8.795042056590319,,3,2.0666666666666664,,43,1500,min_cluster_size=5,oracle_external_ari_nmi,4,33.7720001116395,ok,,
anisotropic,BIRCH,0.9920034002429582,0.9844860243663901,0.9844671390961937,0.9946654234626362,0.5923882902958144,0.5909446967327291,3055.1682267586216,5.400334019213915,,3,0.0,,43,1500,"threshold=0.5,k=oracle",oracle_external_ari_nmi,5,26.956376037560403,ok,,
anisotropic,Agglomerative,0.9960026773689172,0.9920851979682657,0.9920755632779085,0.9973333475982219,0.5900713640495645,0.5943604285367629,3014.142752686518,11.725375079549849,,3,0.0,,43,1500,k=oracle,oracle_external_ari_nmi,1,11.725375079549849,ok,,
anisotropic,Spectral,0.9880563519246983,0.9802552978693225,0.980231262167351,0.9920324484844982,0.5931743346409285,0.589189872469276,3060.2790434568806,55.997875053435564,,3,0.0,,43,1500,"k=oracle,n_neighbors=10",oracle_external_ari_nmi,1,55.997875053435564,ok,,
anisotropic,DelauCluster,0.5708574690614109,0.7319895961569965,0.7315575458179373,0.7738734850111544,0.6288849331240093,0.4808798401803638,3418.592591879495,30.456625041551888,,2,0.06666666666666667,local_scale,44,1500,threshold_mode=local_scale,unsupervised_fixed_policy,1,30.456625041551888,ok,,results/static_5seed_summary/runs/anisotropic/n_1500/seed_44/DelauCluster
anisotropic,DelauClusterAuto,0.8233735805442765,0.7977670301299219,0.7974315889819994,0.8805305113005052,0.748332389881857,0.3472691751741362,10954.647161875906,163.6632918380201,,3,10.933333333333334,raw_length,44,1500,"selected_mode=raw_length;modes=raw_length,local_scale,knn_median,supported_merge,saddle_cut,manifold_filter;mode_objective=0.851896",unsupervised_mode_objective,6,163.6632918380201,ok,,results/static_5seed_summary/runs/anisotropic/n_1500/seed_44/DelauClusterAuto/raw_length
anisotropic,KMeans,0.9801735470941884,0.9660168044526185,0.965975436802189,0.9867735470941883,0.7066576850739473,0.3979991512028831,9002.53964855524,13.400083989836276,,3,0.0,,44,1500,k=oracle,oracle_external_ari_nmi,1,13.400083989836276,ok,,
anisotropic,MiniBatchKMeans,0.9801735470941884,0.9660168044526185,0.965975436802189,0.9867735470941883,0.7066576850739473,0.3979991512028831,9002.53964855524,8.005709038116038,,3,0.0,,44,1500,k=oracle,oracle_external_ari_nmi,1,8.005709038116038,ok,,
anisotropic,DBSCAN,0.9720464529072,0.9480203524660218,0.9479258539640077,0.9813083286579752,0.7131855532476805,0.3913624505798637,9490.483521305432,4.239707952365279,,3,1.0666666666666667,,44,1500,"eps_q=90,min_samples=39",oracle_external_ari_nmi,24,76.46771206054837,ok,,
anisotropic,OPTICS,0.9820909026037572,0.9661063039348341,0.9660424109290671,0.9880349197620526,0.7100233272702506,0.39440018344405364,9174.022986019558,291.2904170807451,,3,0.5333333333333333,,44,1500,"xi=0.03,min_samples=39",oracle_external_ari_nmi,12,3514.174999902025,ok,,
anisotropic,HDBSCAN,0.948571575452903,0.9251363735364098,0.9250051425086304,0.9656060164790031,0.7203361559155611,0.3795584974421276,9592.165003503227,9.100332972593606,,3,3.0666666666666664,,44,1500,min_cluster_size=5,oracle_external_ari_nmi,4,33.75991596840322,ok,,
anisotropic,BIRCH,0.9801735470941884,0.9660168044526185,0.965975436802189,0.9867735470941883,0.7066576850739473,0.3979991512028831,9002.53964855524,5.281624966301024,,3,0.0,,44,1500,"threshold=0.5,k=oracle",oracle_external_ari_nmi,5,27.723832987248898,ok,,
anisotropic,Agglomerative,0.9821382759365582,0.9691433792917905,0.9691058174050926,0.9880843116829094,0.705784837799817,0.3993161089757636,8956.243526359993,12.004708987660706,,3,0.0,,44,1500,k=oracle,oracle_external_ari_nmi,1,12.004708987660706,ok,,
anisotropic,Spectral,0.9860795107114044,0.9750904492064916,0.9750601267115739,0.9907135385861828,0.7065150093236962,0.3986650840395145,8990.770047698603,47.012124909088016,,3,0.0,,44,1500,"k=oracle,n_neighbors=10",oracle_external_ari_nmi,1,47.012124909088016,ok,,
anisotropic,DelauCluster,0.9970110330910082,0.99446650682221,0.9944554835867134,0.9980060280700354,0.7926997272201417,0.2946686513099235,18275.194061482172,27.77620905544609,,3,0.2,local_scale,45,1500,threshold_mode=local_scale,unsupervised_fixed_policy,1,27.77620905544609,ok,,results/static_5seed_summary/runs/anisotropic/n_1500/seed_45/DelauCluster
anisotropic,DelauClusterAuto,0.9970110330910082,0.99446650682221,0.9944554835867134,0.9980060280700354,0.7926997272201417,0.2946686513099235,18275.194061482172,163.76699996180832,,3,0.2,local_scale,45,1500,"selected_mode=local_scale;modes=raw_length,local_scale,knn_median,supported_merge,saddle_cut,manifold_filter;mode_objective=0.958117",unsupervised_mode_objective,6,163.76699996180832,ok,,results/static_5seed_summary/runs/anisotropic/n_1500/seed_45/DelauClusterAuto/local_scale
anisotropic,KMeans,1.0,1.0,1.0,1.0,0.7913203354094157,0.29693303942952376,17990.547721916242,9.51137498486787,,3,0.0,,45,1500,k=oracle,oracle_external_ari_nmi,1,9.51137498486787,ok,,
anisotropic,MiniBatchKMeans,1.0,1.0,1.0,1.0,0.7913203354094157,0.29693303942952376,17990.547721916242,11.337416945025325,,3,0.0,,45,1500,k=oracle,oracle_external_ari_nmi,1,11.337416945025325,ok,,
anisotropic,DBSCAN,0.9960033592466083,0.9916237590073599,0.991607235466317,0.9973337870358803,0.7929853265570068,0.2942763723172242,18360.20883023879,5.242333048954606,,3,0.26666666666666666,,45,1500,"eps_q=95,min_samples=39",oracle_external_ari_nmi,24,76.2926695169881,ok,,
anisotropic,OPTICS,0.9990003327778144,0.9978160771416894,0.9978119663117361,0.9993331109628394,0.7917369733007963,0.2962604987936169,18074.96330878085,293.3301250450313,,3,0.06666666666666667,,45,1500,"xi=0.05,min_samples=22",oracle_external_ari_nmi,12,3504.039373830892,ok,,
anisotropic,HDBSCAN,0.9990003327778144,0.9978160771416894,0.9978119663117361,0.9993331109628394,0.7919340549791881,0.29592910640207326,18126.610161736447,7.431832957081497,,3,0.06666666666666667,,45,1500,min_cluster_size=11,oracle_external_ari_nmi,4,34.07375083770603,ok,,
anisotropic,BIRCH,1.0,1.0,1.0,1.0,0.7913203354094157,0.29693303942952376,17990.547721916246,5.265916930511594,,3,0.0,,45,1500,"threshold=0.5,k=oracle",oracle_external_ari_nmi,5,26.877042837440968,ok,,
anisotropic,Agglomerative,1.0,1.0,1.0,1.0,0.7913203354094157,0.29693303942952376,17990.547721916246,11.800665990449488,,3,0.0,,45,1500,k=oracle,oracle_external_ari_nmi,1,11.800665990449488,ok,,
anisotropic,Spectral,1.0,1.0,1.0,1.0,0.7913203354094157,0.29693303942952376,17990.547721916242,55.06654200144112,,3,0.0,,45,1500,"k=oracle,n_neighbors=10",oracle_external_ari_nmi,1,55.06654200144112,ok,,
anisotropic,DelauCluster,0.5688867135446343,0.7217013273017251,0.72123803075975,0.7714955936317306,0.5327396916724799,0.7237470919557387,1472.3989675411533,28.69087504222989,,2,0.4,local_scale,46,1500,threshold_mode=local_scale,unsupervised_fixed_policy,1,28.69087504222989,ok,,results/static_5seed_summary/runs/anisotropic/n_1500/seed_46/DelauCluster
anisotropic,DelauClusterAuto,0.5688984779948366,0.7274255534064318,0.7269480268011346,0.7724274120416408,0.5318310201832149,0.7235967469733344,1467.3144104414514,164.4891679752618,,2,0.2,knn_median,46,1500,"selected_mode=knn_median;modes=raw_length,local_scale,knn_median,supported_merge,saddle_cut,manifold_filter;mode_objective=0.811335",unsupervised_mode_objective,6,164.4891679752618,ok,,results/static_5seed_summary/runs/anisotropic/n_1500/seed_46/DelauClusterAuto/knn_median
anisotropic,KMeans,0.9436098161256538,0.9211887590096456,0.9210928175391117,0.962383501875475,0.6624207878624506,0.4554629862002077,4064.3333536624314,13.86725006159395,,3,0.0,,46,1500,k=oracle,oracle_external_ari_nmi,1,13.86725006159395,ok,,
anisotropic,MiniBatchKMeans,0.9436098161256538,0.9211887590096455,0.9210928175391114,0.962383501875475,0.6624207878624506,0.4554629862002077,4064.333353662431,10.488209081813693,,3,0.0,,46,1500,k=oracle,oracle_external_ari_nmi,1,10.488209081813693,ok,,
anisotropic,DBSCAN,0.799476333830595,0.7608893437655703,0.7604895325588102,0.8636593749980394,0.6930971728964314,0.4217032516417876,4800.665436340885,3.429290954954922,,3,9.266666666666666,,46,1500,"eps_q=70,min_samples=39",oracle_external_ari_nmi,24,74.68612107913941,ok,,
anisotropic,OPTICS,0.571101573676681,0.733680436651211,0.7334753100145156,0.7742863961790686,0.5313354552892361,0.725208120170464,1467.6086529455968,291.79337492678314,,2,0.0,,46,1500,"xi=0.05,min_samples=39",oracle_external_ari_nmi,12,3528.6844581132755,ok,,
anisotropic,HDBSCAN,0.571101573676681,0.733680436651211,0.7334753100145156,0.7742863961790686,0.5313354552892361,0.725208120170464,1467.6086529455968,7.789166993461549,,2,0.0,,46,1500,min_cluster_size=11,oracle_external_ari_nmi,4,34.775667008943856,ok,,
anisotropic,BIRCH,0.9473895291041416,0.9252004227156614,0.9251093666610911,0.964904103201639,0.662292085174526,0.4558295314981167,4063.7066172470318,5.273999995552003,,3,0.0,,46,1500,"threshold=1,k=oracle",oracle_external_ari_nmi,5,26.888123946264386,ok,,
anisotropic,Agglomerative,0.9305217787000851,0.9101450530629165,0.9100356404126522,0.9536654309526132,0.6593181088367517,0.4562127826643838,4004.2136406438817,12.337374966591597,,3,0.0,,46,1500,k=oracle,oracle_external_ari_nmi,1,12.337374966591597,ok,,
anisotropic,Spectral,0.9398466072930117,0.9173047266977767,0.9172040545018383,0.9598742346077264,0.6623865714118362,0.4552187095125946,4062.4526227616257,55.14745810069144,,3,0.0,,46,1500,"k=oracle,n_neighbors=10",oracle_external_ari_nmi,1,55.14745810069144,ok,,
uniform_noise,DelauCluster,0.5583240636977671,0.5876180971284781,0.5857356198032246,0.6792454261986931,0.12730219482965435,1.0942133408486576,543.8714514442316,26.958458009175956,,6,4.689655172413794,local_scale,42,1450,threshold_mode=local_scale,unsupervised_fixed_policy,1,26.958458009175956,ok,,results/static_5seed_summary/runs/uniform_noise/n_1450/seed_42/DelauCluster
uniform_noise,DelauClusterAuto,0.9121288086131311,0.8753960270349809,0.8751125523000558,0.9346633098033195,0.8560072400040697,0.20453723160826232,16140.927083159166,170.67700100596994,,3,18.482758620689655,raw_length,42,1450,"selected_mode=raw_length;modes=raw_length,local_scale,knn_median,supported_merge,saddle_cut,manifold_filter;mode_objective=0.795619",unsupervised_mode_objective,6,170.67700100596994,ok,,results/static_5seed_summary/runs/uniform_noise/n_1450/seed_42/DelauClusterAuto/raw_length
uniform_noise,KMeans,0.7258893858469381,0.7379507649915432,0.7375094682972587,0.8121722036991407,0.724996273776845,0.35123521305852373,3888.907620661866,16.57887501642108,,3,0.0,,42,1450,k=oracle,oracle_external_ari_nmi,1,16.57887501642108,ok,,
uniform_noise,MiniBatchKMeans,0.7258893858469381,0.7379507649915432,0.7375094682972587,0.8121722036991407,0.724996273776845,0.35123521305852373,3888.907620661866,9.693957981653512,,3,0.0,,42,1450,k=oracle,oracle_external_ari_nmi,1,9.693957981653512,ok,,
uniform_noise,DBSCAN,0.9455867244400826,0.9167028674072482,0.916512506200818,0.9596945599370739,0.8497658640206094,0.2119457038413406,15198.259776600675,3.65245807915926,,3,15.931034482758621,,42,1450,"eps_q=80,min_samples=22",oracle_external_ari_nmi,24,98.1522899819538,ok,,
uniform_noise,OPTICS,0.9103775973128767,0.8891789559975394,0.8889238387676941,0.9341390778995732,0.8356023199406614,0.22914145520016993,12632.000566230538,874.3137499550357,,3,13.10344827586207,,42,1450,"xi=0.1,min_samples=22",oracle_external_ari_nmi,12,5419.243830954656,ok,,
uniform_noise,HDBSCAN,0.896683911747849,0.874361417971875,0.8740715709760144,0.9242372360755475,0.8307103863632594,0.2314811860821461,12024.397792635884,13.968750019557774,,3,12.413793103448276,,42,1450,min_cluster_size=38,oracle_external_ari_nmi,4,48.631083918735385,ok,,
uniform_noise,BIRCH,0.7258893858469381,0.7379507649915432,0.7375094682972587,0.8121722036991407,0.724996273776845,0.35123521305852373,3888.907620661866,9.17491689324379,,3,0.0,,42,1450,"threshold=0.75,k=oracle",oracle_external_ari_nmi,5,47.63216699939221,ok,,
uniform_noise,Agglomerative,0.725709213301786,0.7375408347705071,0.7370988658335698,0.8120259085676855,0.7025060879857544,0.3718606306068552,3323.249367016652,28.085125028155744,,3,0.0,,42,1450,k=oracle,oracle_external_ari_nmi,1,28.085125028155744,ok,,
uniform_noise,Spectral,0.7260849702909182,0.738372600823481,0.7379319950999282,0.8123310144775386,0.7239156379149764,0.35428547759189866,3856.028097227044,90.64599999692291,,3,0.0,,42,1450,"k=oracle,n_neighbors=10",oracle_external_ari_nmi,1,90.64599999692291,ok,,
uniform_noise,DelauCluster,0.5555465247600045,0.5650405832068564,0.5606893869559942,0.6668455267562,-0.02266534443677128,1.3293449354750717,373.4158921963346,41.761624976061285,,14,5.0344827586206895,local_scale,43,1450,threshold_mode=local_scale,unsupervised_fixed_policy,1,41.761624976061285,ok,,results/static_5seed_summary/runs/uniform_noise/n_1450/seed_43/DelauCluster
uniform_noise,DelauClusterAuto,0.8783402339373929,0.8400376163209389,0.839673932075238,0.9094960889310307,0.8578552228388762,0.20068039578063882,16521.3137185275,356.94712691474706,,3,18.96551724137931,raw_length,43,1450,"selected_mode=raw_length;modes=raw_length,local_scale,knn_median,supported_merge,saddle_cut,manifold_filter;mode_objective=0.786015",unsupervised_mode_objective,6,356.94712691474706,ok,,results/static_5seed_summary/runs/uniform_noise/n_1450/seed_43/DelauClusterAuto/raw_length
uniform_noise,KMeans,0.7254620743277512,0.7369627908088537,0.7365198734577978,0.8118252408526263,0.7327229651470287,0.3443637111540692,3965.3962095950315,21.659999969415367,,3,0.0,,43,1450,k=oracle,oracle_external_ari_nmi,1,21.659999969415367,ok,,
uniform_noise,MiniBatchKMeans,0.7254620743277512,0.7369627908088537,0.7365198734577978,0.8118252408526263,0.7327229651470287,0.3443637111540692,3965.3962095950315,24.389042053371668,,3,0.0,,43,1450,k=oracle,oracle_external_ari_nmi,1,24.389042053371668,ok,,
uniform_noise,DBSCAN,0.9254787428410715,0.9007534677432365,0.9005255966663371,0.9450805281786175,0.8443597334984888,0.2181887811327923,14485.506333138681,5.297166993841529,,3,14.000000000000002,,43,1450,"eps_q=80,min_samples=38",oracle_external_ari_nmi,24,167.96204110141844,ok,,
uniform_noise,OPTICS,0.8861577067691737,0.8643036581669508,0.8639900228095614,0.9166740997026859,0.8326285183298695,0.23216980938028475,12515.574919074026,286.71266697347164,,3,11.862068965517242,,43,1450,"xi=0.1,min_samples=38",oracle_external_ari_nmi,12,3626.263666781597,ok,,
uniform_noise,HDBSCAN,0.8861061541860448,0.863880064296051,0.8635654537361569,0.9166342523999101,0.8327556571634545,0.2310410625390528,12611.765859544721,8.842000039294362,,3,11.862068965517242,,43,1450,min_cluster_size=38,oracle_external_ari_nmi,4,31.787291984073818,ok,,
uniform_noise,BIRCH,0.7256106356049459,0.7377381450127998,0.7372963208568577,0.8121360303132085,0.714757862339926,0.3696921731924907,3491.225774890918,6.958083948120475,,3,0.0,,43,1450,"threshold=0.25,k=oracle",oracle_external_ari_nmi,5,28.14350207336247,ok,,
uniform_noise,Agglomerative,0.7260335038756636,0.7383498219842377,0.7379091824025535,0.8122892245828747,0.7250557631177764,0.3538210114551217,3666.373841711193,10.232834029011428,,3,0.0,,43,1450,k=oracle,oracle_external_ari_nmi,1,10.232834029011428,ok,,
uniform_noise,Spectral,0.7255393108736724,0.7371395351909252,0.736696907675371,0.8118879537877614,0.730898314847263,0.3478075394474847,3903.256542677406,35.42404202744365,,3,0.0,,43,1450,"k=oracle,n_neighbors=10",oracle_external_ari_nmi,1,35.42404202744365,ok,,
uniform_noise,DelauCluster,0.3119202020669042,0.38950092582473395,0.3846535295964045,0.5249981095395105,-0.19825649387722755,0.9665082742254896,173.60032374927857,30.189999961294234,,10,6.275862068965517,local_scale,44,1450,threshold_mode=local_scale,unsupervised_fixed_policy,1,30.189999961294234,ok,,results/static_5seed_summary/runs/uniform_noise/n_1450/seed_44/DelauCluster
uniform_noise,DelauClusterAuto,0.894997703227317,0.8544262360429989,0.8540947746916931,0.9219707335781921,0.8530648989849569,0.20726876573574526,15622.320144253563,166.7021248722449,,3,17.93103448275862,raw_length,44,1450,"selected_mode=raw_length;modes=raw_length,local_scale,knn_median,supported_merge,saddle_cut,manifold_filter;mode_objective=0.798778",unsupervised_mode_objective,6,166.7021248722449,ok,,results/static_5seed_summary/runs/uniform_noise/n_1450/seed_44/DelauClusterAuto/raw_length
uniform_noise,KMeans,0.7256731754576752,0.7374624656424977,0.7370203683302391,0.8119966470038257,0.7301176441012441,0.34707082919908167,3950.151888836128,12.867041979916394,,3,0.0,,44,1450,k=oracle,oracle_external_ari_nmi,1,12.867041979916394,ok,,
uniform_noise,MiniBatchKMeans,0.7256731754576752,0.7374624656424977,0.7370203683302392,0.8119966470038257,0.7301176441012441,0.34707082919908167,3950.151888836128,14.733624993823469,,3,0.0,,44,1450,k=oracle,oracle_external_ari_nmi,1,14.733624993823469,ok,,
uniform_noise,DBSCAN,0.9336783250113776,0.9010785112122105,0.9008523067099881,0.9509005439730724,0.8474490681977557,0.21376664874841866,14869.97657380885,3.2745409989729524,,3,15.655172413793103,,44,1450,"eps_q=80,min_samples=11",oracle_external_ari_nmi,24,96.355413319543,ok,,
uniform_noise,OPTICS,0.8787425017772903,0.8579675721584394,0.8576392294015033,0.9112515909298253,0.8291579157655101,0.23196465913955389,11822.987030574963,288.5863749543205,,3,11.862068965517242,,44,1450,"xi=0.1,min_samples=38",oracle_external_ari_nmi,12,3445.5593323800713,ok,,
uniform_noise,HDBSCAN,0.8759264811835911,0.8548193729802332,0.8544831471848012,0.9093647740118334,0.8283821304328262,0.23246845640802707,11911.595704101588,8.800667012110353,,3,11.310344827586206,,44,1450,min_cluster_size=38,oracle_external_ari_nmi,4,31.633375212550163,ok,,
uniform_noise,BIRCH,0.7256731754576752,0.7374624656424977,0.7370203683302391,0.8119966470038257,0.7301176441012441,0.34707082919908167,3950.1518888361275,5.072584026493132,,3,0.0,,44,1450,"threshold=0.75,k=oracle",oracle_external_ari_nmi,5,27.509085019119084,ok,,
uniform_noise,Agglomerative,0.7292971271530203,0.7459988648726184,0.7455707893017287,0.8149394676818444,0.7067565209327953,0.3860044598276147,3223.1528499920705,10.244125034660101,,3,0.0,,44,1450,k=oracle,oracle_external_ari_nmi,1,10.244125034660101,ok,,
uniform_noise,Spectral,0.7255187149607151,0.7370930086752654,0.7366503048841483,0.8118712307183716,0.7284931671060455,0.3507574613720215,3895.161595197704,32.6053750468418,,3,0.0,,44,1450,"k=oracle,n_neighbors=10",oracle_external_ari_nmi,1,32.6053750468418,ok,,
uniform_noise,DelauCluster,0.4182987235504348,0.5362598052642313,0.5352705574978588,0.6582362141913632,0.4943495881226924,0.8819184242157819,1088.4464128456725,28.217000071890652,,2,0.7586206896551724,local_scale,45,1450,threshold_mode=local_scale,unsupervised_fixed_policy,1,28.217000071890652,ok,,results/static_5seed_summary/runs/uniform_noise/n_1450/seed_45/DelauCluster
uniform_noise,DelauClusterAuto,0.4182987235504348,0.5362598052642313,0.5352705574978588,0.6582362141913632,0.4943495881226924,0.8819184242157819,1088.4464128456725,162.072959006764,,2,0.7586206896551724,local_scale,45,1450,"selected_mode=local_scale;modes=raw_length,local_scale,knn_median,supported_merge,saddle_cut,manifold_filter;mode_objective=0.829054",unsupervised_mode_objective,6,162.072959006764,ok,,results/static_5seed_summary/runs/uniform_noise/n_1450/seed_45/DelauClusterAuto/local_scale
uniform_noise,KMeans,0.7269338388396756,0.7402226166937743,0.739785042845532,0.8130202988359867,0.7229060360410072,0.3575940140079304,3849.234541822036,11.805999907664955,,3,0.0,,45,1450,k=oracle,oracle_external_ari_nmi,1,11.805999907664955,ok,,
uniform_noise,MiniBatchKMeans,0.7269338388396756,0.7402226166937743,0.739785042845532,0.8130202988359867,0.7229060360410072,0.3575940140079304,3849.234541822036,9.129874990321696,,3,0.0,,45,1450,k=oracle,oracle_external_ari_nmi,1,9.129874990321696,ok,,
uniform_noise,DBSCAN,0.939764037162759,0.9115573595897111,0.9113549931952195,0.95543818661047,0.8460378086887078,0.21520667958449113,14701.720359033054,3.696082974784076,,3,15.379310344827587,,45,1450,"eps_q=80,min_samples=22",oracle_external_ari_nmi,24,95.49024805892259,ok,,
uniform_noise,OPTICS,0.8770522220000121,0.8622808424877506,0.8619618131361269,0.9102379242238031,0.8234254875796221,0.24628060723195033,10872.845939082374,280.7195410132408,,3,11.310344827586206,,45,1450,"xi=0.1,min_samples=38",oracle_external_ari_nmi,12,3377.538582892157,ok,,
uniform_noise,HDBSCAN,0.8901909463586651,0.8688733549874031,0.8685704895311853,0.9195735988729848,0.828413823846853,0.2356269086062266,11793.04160733918,8.751792018301785,,3,12.068965517241379,,45,1450,min_cluster_size=38,oracle_external_ari_nmi,4,31.39045904390514,ok,,
uniform_noise,BIRCH,0.7269338388396756,0.7402226166937743,0.739785042845532,0.8130202988359867,0.7229060360410072,0.3575940140079304,3849.2345418220348,5.167459021322429,,3,0.0,,45,1450,"threshold=0.75,k=oracle",oracle_external_ari_nmi,5,26.79758402518928,ok,,
uniform_noise,Agglomerative,0.7297435590673356,0.746962989649196,0.7465364962834786,0.8153020327568381,0.7076400501560551,0.3833817495027414,3439.378073283831,10.208124993368983,,3,0.0,,45,1450,k=oracle,oracle_external_ari_nmi,1,10.208124993368983,ok,,
uniform_noise,Spectral,0.7291277461973675,0.7449383481170009,0.7445085058110043,0.8148019090879403,0.7175355566953963,0.36719211021425363,3692.395000590036,33.741582999937236,,3,0.0,,45,1450,"k=oracle,n_neighbors=10",oracle_external_ari_nmi,1,33.741582999937236,ok,,
uniform_noise,DelauCluster,0.4230201422235267,0.5104390037884378,0.5085816571662743,0.6454856489818979,0.2336846543864651,0.8701670674284298,442.27526432301585,26.74879098776728,,4,1.5862068965517242,local_scale,46,1450,threshold_mode=local_scale,unsupervised_fixed_policy,1,26.74879098776728,ok,,results/static_5seed_summary/runs/uniform_noise/n_1450/seed_46/DelauCluster
uniform_noise,DelauClusterAuto,0.8846302118829411,0.8505942285699458,0.8502547811117059,0.9141376950723487,0.854606859622288,0.20461526023944357,15640.62573638822,158.30104204360396,,3,19.586206896551726,raw_length,46,1450,"selected_mode=raw_length;modes=raw_length,local_scale,knn_median,supported_merge,saddle_cut,manifold_filter;mode_objective=0.782447",unsupervised_mode_objective,6,158.30104204360396,ok,,results/static_5seed_summary/runs/uniform_noise/n_1450/seed_46/DelauClusterAuto/raw_length
uniform_noise,KMeans,0.7256706012834097,0.737436005332705,0.7369938638645029,0.8119945568597492,0.7269506290446905,0.3487144932950576,3979.943383758821,12.451999937184155,,3,0.0,,46,1450,k=oracle,oracle_external_ari_nmi,1,12.451999937184155,ok,,
uniform_noise,MiniBatchKMeans,0.7256706012834097,0.737436005332705,0.7369938638645029,0.8119945568597492,0.7269506290446905,0.3487144932950576,3979.943383758821,10.963457985781133,,3,0.0,,46,1450,k=oracle,oracle_external_ari_nmi,1,10.963457985781133,ok,,
uniform_noise,DBSCAN,0.9485536486527151,0.9209504137974158,0.9207697580139208,0.9618936124876932,0.8445972431085788,0.21822027411286748,14289.98063298079,3.212125040590763,,3,15.931034482758621,,46,1450,"eps_q=80,min_samples=11",oracle_external_ari_nmi,24,96.86383418738842,ok,,
uniform_noise,OPTICS,0.9128673760356932,0.8879731308590677,0.8877154627151577,0.9359023779715337,0.8341315996972603,0.2316280564658619,12598.229307269134,282.67370793037117,,3,13.379310344827585,,46,1450,"xi=0.1,min_samples=38",oracle_external_ari_nmi,12,3360.093583818525,ok,,
uniform_noise,HDBSCAN,0.8648499730299531,0.8452093094084655,0.8448499596788878,0.9015095951720955,0.8180261060272698,0.2436399750758557,10460.659513670193,7.599250064231455,,3,10.689655172413794,,46,1450,min_cluster_size=22,oracle_external_ari_nmi,4,32.06087416037917,ok,,
uniform_noise,BIRCH,0.7257143614744731,0.7375345276667109,0.7370925477168678,0.8120300887220357,0.7269405223716779,0.34856190819022553,3979.6694256523774,5.1097089890390635,,3,0.0,,46,1450,"threshold=1,k=oracle",oracle_external_ari_nmi,5,26.48245810996741,ok,,
uniform_noise,Agglomerative,0.7238659089462125,0.7334915111124124,0.7330427338997256,0.8106971710787724,0.7143197819377693,0.36655126017614664,3642.2353290026576,10.22375002503395,,3,0.0,,46,1450,k=oracle,oracle_external_ari_nmi,1,10.22375002503395,ok,,
uniform_noise,Spectral,0.7263319775189022,0.7389980546117362,0.738558477134963,0.8125315819632586,0.7223822623729452,0.3485641037671767,3856.9883253466332,32.86079200915992,,3,0.0,,46,1450,"k=oracle,n_neighbors=10",oracle_external_ari_nmi,1,32.86079200915992,ok,,
