step,operation,incr_ns,full_ns,n_active,incr_ari
1,insert,1459,-1,301,-2.0
2,insert,709,-1,302,-2.0
3,insert,917,-1,303,-2.0
4,insert,1750,-1,304,-2.0
5,insert,1292,-1,305,-2.0
6,insert,1125,-1,306,-2.0
7,insert,1209,-1,307,-2.0
8,insert,1000,-1,308,-2.0
9,insert,625,-1,309,-2.0
10,insert,1583,-1,310,-2.0
11,insert,917,-1,311,-2.0
12,insert,1166,-1,312,-2.0
13,insert,1125,-1,313,-2.0
14,insert,1083,-1,314,-2.0
15,insert,1125,-1,315,-2.0
16,insert,1084,-1,316,-2.0
17,insert,625,-1,317,-2.0
18,insert,1167,-1,318,-2.0
19,insert,1208,-1,319,-2.0
20,insert,667,-1,320,-2.0
21,insert,1292,-1,321,-2.0
22,insert,1292,-1,322,-2.0
23,insert,750,-1,323,-2.0
24,insert,750,-1,324,-2.0
25,insert,417,-1,325,-2.0
26,insert,541,-1,326,-2.0
27,insert,1000,-1,327,-2.0
28,insert,292,-1,328,-2.0
29,insert,1250,-1,329,-2.0
30,insert,917,-1,330,-2.0
31,insert,292,-1,331,-2.0
32,insert,1166,-1,332,-2.0
33,insert,750,-1,333,-2.0
34,insert,292,-1,334,-2.0
35,insert,292,-1,335,-2.0
36,insert,1208,-1,336,-2.0
37,insert,250,-1,337,-2.0
38,insert,1166,-1,338,-2.0
39,insert,917,-1,339,-2.0
40,insert,458,-1,340,-2.0
41,insert,875,-1,341,-2.0
42,insert,667,-1,342,-2.0
43,insert,542,-1,343,-2.0
44,insert,583,-1,344,-2.0
45,insert,542,-1,345,-2.0
46,insert,542,-1,346,-2.0
47,insert,291,-1,347,-2.0
48,insert,750,-1,348,-2.0
49,insert,292,-1,349,-2.0
50,insert,1291,-1,350,-2.0
51,insert,1292,-1,351,-2.0
52,insert,1166,-1,352,-2.0
53,insert,1125,-1,353,-2.0
54,insert,792,-1,354,-2.0
55,insert,1208,-1,355,-2.0
56,insert,583,-1,356,-2.0
57,insert,709,-1,357,-2.0
58,insert,1000,-1,358,-2.0
59,insert,1417,-1,359,-2.0
60,insert,750,-1,360,-2.0
61,insert,875,-1,361,-2.0
62,insert,791,-1,362,-2.0
63,insert,709,-1,363,-2.0
64,insert,1167,-1,364,-2.0
65,insert,833,-1,365,-2.0
66,insert,875,-1,366,-2.0
67,insert,375,-1,367,-2.0
68,insert,1333,-1,368,-2.0
69,insert,1125,-1,369,-2.0
70,insert,1375,-1,370,-2.0
71,insert,1084,-1,371,-2.0
72,insert,333,-1,372,-2.0
73,insert,2042,-1,373,-2.0
74,insert,375,-1,374,-2.0
75,insert,625,-1,375,-2.0
76,insert,1041,-1,376,-2.0
77,insert,1042,-1,377,-2.0
78,insert,750,-1,378,-2.0
79,insert,1000,-1,379,-2.0
80,insert,834,-1,380,-2.0
81,insert,875,-1,381,-2.0
82,insert,667,-1,382,-2.0
83,insert,667,-1,383,-2.0
84,insert,666,-1,384,-2.0
85,insert,667,-1,385,-2.0
86,insert,709,-1,386,-2.0
87,insert,875,-1,387,-2.0
88,insert,916,-1,388,-2.0
89,insert,1333,-1,389,-2.0
90,insert,750,-1,390,-2.0
91,insert,834,-1,391,-2.0
92,insert,916,-1,392,-2.0
93,insert,875,-1,393,-2.0
94,insert,959,-1,394,-2.0
95,insert,958,-1,395,-2.0
96,insert,792,-1,396,-2.0
97,insert,959,-1,397,-2.0
98,insert,833,-1,398,-2.0
99,insert,833,-1,399,-2.0
100,insert,875,-1,400,-2.0
101,insert,875,-1,401,-2.0
102,insert,833,-1,402,-2.0
103,insert,792,-1,403,-2.0
104,insert,792,-1,404,-2.0
105,insert,833,-1,405,-2.0
106,insert,792,-1,406,-2.0
107,insert,792,-1,407,-2.0
108,insert,833,-1,408,-2.0
109,insert,792,-1,409,-2.0
110,insert,834,-1,410,-2.0
111,insert,917,-1,411,-2.0
112,insert,833,-1,412,-2.0
113,insert,916,-1,413,-2.0
114,insert,917,-1,414,-2.0
115,insert,833,-1,415,-2.0
116,insert,875,-1,416,-2.0
117,insert,833,-1,417,-2.0
118,insert,875,-1,418,-2.0
119,insert,1042,-1,419,-2.0
120,insert,875,-1,420,-2.0
121,insert,875,-1,421,-2.0
122,insert,1250,-1,422,-2.0
123,insert,250,-1,423,-2.0
124,insert,1000,-1,424,-2.0
125,insert,1042,-1,425,-2.0
126,insert,1000,-1,426,-2.0
127,insert,1083,-1,427,-2.0
128,insert,958,-1,428,-2.0
129,insert,1000,-1,429,-2.0
130,insert,1042,-1,430,-2.0
131,insert,1042,-1,431,-2.0
132,insert,1000,-1,432,-2.0
133,insert,958,-1,433,-2.0
134,insert,959,-1,434,-2.0
135,insert,958,-1,435,-2.0
136,insert,1041,-1,436,-2.0
137,insert,1041,-1,437,-2.0
138,insert,1000,-1,438,-2.0
139,insert,1000,-1,439,-2.0
140,insert,958,-1,440,-2.0
141,insert,1000,-1,441,-2.0
142,insert,1000,-1,442,-2.0
143,insert,1042,-1,443,-2.0
144,insert,958,-1,444,-2.0
145,insert,959,-1,445,-2.0
146,insert,1041,-1,446,-2.0
147,insert,1041,-1,447,-2.0
148,insert,959,-1,448,-2.0
149,insert,1041,-1,449,-2.0
150,insert,1000,-1,450,-2.0
151,insert,1000,-1,451,-2.0
152,insert,1083,-1,452,-2.0
153,insert,1000,-1,453,-2.0
154,insert,1000,-1,454,-2.0
155,insert,958,-1,455,-2.0
156,insert,1084,-1,456,-2.0
157,insert,1000,-1,457,-2.0
158,insert,1041,-1,458,-2.0
159,insert,1041,-1,459,-2.0
160,insert,1042,-1,460,-2.0
161,insert,1083,-1,461,-2.0
162,insert,1000,-1,462,-2.0
163,insert,959,-1,463,-2.0
164,insert,1000,-1,464,-2.0
165,insert,1041,-1,465,-2.0
166,insert,958,-1,466,-2.0
167,insert,958,-1,467,-2.0
168,insert,1125,-1,468,-2.0
169,insert,958,-1,469,-2.0
170,insert,917,-1,470,-2.0
171,insert,1166,-1,471,-2.0
172,insert,1000,-1,472,-2.0
173,insert,1125,-1,473,-2.0
174,insert,1125,-1,474,-2.0
175,insert,1083,-1,475,-2.0
176,insert,1125,-1,476,-2.0
177,insert,1292,-1,477,-2.0
178,insert,709,-1,478,-2.0
179,insert,667,-1,479,-2.0
180,insert,1125,-1,480,-2.0
181,insert,584,-1,481,-2.0
182,insert,1625,-1,482,-2.0
183,insert,750,-1,483,-2.0
184,insert,542,-1,484,-2.0
185,insert,708,-1,485,-2.0
186,insert,1250,-1,486,-2.0
187,insert,1125,-1,487,-2.0
188,insert,1167,-1,488,-2.0
189,insert,1125,-1,489,-2.0
190,insert,1334,-1,490,-2.0
191,insert,1250,-1,491,-2.0
192,insert,1125,-1,492,-2.0
193,insert,1000,-1,493,-2.0
194,insert,1291,-1,494,-2.0
195,insert,1209,-1,495,-2.0
196,insert,1000,-1,496,-2.0
197,insert,792,-1,497,-2.0
198,insert,625,-1,498,-2.0
199,insert,416,-1,499,-2.0
200,insert,1125,-1,500,-2.0
201,insert,667,-1,501,-2.0
202,insert,750,-1,502,-2.0
203,insert,709,-1,503,-2.0
204,insert,583,-1,504,-2.0
205,insert,1000,-1,505,-2.0
206,insert,1875,-1,506,-2.0
207,insert,1208,-1,507,-2.0
208,insert,1834,-1,508,-2.0
209,insert,2416,-1,509,-2.0
210,insert,1542,-1,510,-2.0
211,insert,1125,-1,511,-2.0
212,insert,333,-1,512,-2.0
213,insert,2750,-1,513,-2.0
214,insert,833,-1,514,-2.0
215,insert,1750,-1,515,-2.0
216,insert,959,-1,516,-2.0
217,insert,1791,-1,517,-2.0
218,insert,791,-1,518,-2.0
219,insert,1417,-1,519,-2.0
220,insert,834,-1,520,-2.0
221,insert,1542,-1,521,-2.0
222,insert,750,-1,522,-2.0
223,insert,1209,-1,523,-2.0
224,insert,1917,-1,524,-2.0
225,insert,1792,-1,525,-2.0
226,insert,291,-1,526,-2.0
227,insert,834,-1,527,-2.0
228,insert,1375,-1,528,-2.0
229,insert,2167,-1,529,-2.0
230,insert,792,-1,530,-2.0
231,insert,292,-1,531,-2.0
232,insert,1459,-1,532,-2.0
233,insert,1292,-1,533,-2.0
234,insert,1292,-1,534,-2.0
235,insert,1459,-1,535,-2.0
236,insert,959,-1,536,-2.0
237,insert,791,-1,537,-2.0
238,insert,667,-1,538,-2.0
239,insert,1292,-1,539,-2.0
240,insert,1000,-1,540,-2.0
241,insert,209,-1,541,-2.0
242,insert,1875,-1,542,-2.0
243,insert,625,-1,543,-2.0
244,insert,875,-1,544,-2.0
245,insert,1041,-1,545,-2.0
246,insert,1250,-1,546,-2.0
247,insert,1250,-1,547,-2.0
248,insert,834,-1,548,-2.0
249,insert,500,-1,549,-2.0
250,insert,917,-1,550,-2.0
251,insert,1208,-1,551,-2.0
252,insert,541,-1,552,-2.0
253,insert,292,-1,553,-2.0
254,insert,750,-1,554,-2.0
255,insert,1500,-1,555,-2.0
256,insert,1875,-1,556,-2.0
257,insert,1333,-1,557,-2.0
258,insert,1458,-1,558,-2.0
259,insert,958,-1,559,-2.0
260,insert,750,-1,560,-2.0
261,insert,625,-1,561,-2.0
262,insert,583,-1,562,-2.0
263,insert,834,-1,563,-2.0
264,insert,834,-1,564,-2.0
265,insert,1125,-1,565,-2.0
266,insert,1709,-1,566,-2.0
267,insert,1125,-1,567,-2.0
268,insert,708,-1,568,-2.0
269,insert,1042,-1,569,-2.0
270,insert,750,-1,570,-2.0
271,insert,958,-1,571,-2.0
272,insert,958,-1,572,-2.0
273,insert,1042,-1,573,-2.0
274,insert,708,-1,574,-2.0
275,insert,1000,-1,575,-2.0
276,insert,708,-1,576,-2.0
277,insert,1208,-1,577,-2.0
278,insert,1667,-1,578,-2.0
279,insert,708,-1,579,-2.0
280,insert,1500,-1,580,-2.0
281,insert,709,-1,581,-2.0
282,insert,500,-1,582,-2.0
283,insert,1667,-1,583,-2.0
284,insert,750,-1,584,-2.0
285,insert,2041,-1,585,-2.0
286,insert,1042,-1,586,-2.0
287,insert,1042,-1,587,-2.0
288,insert,791,-1,588,-2.0
289,insert,708,-1,589,-2.0
290,insert,375,-1,590,-2.0
291,insert,292,-1,591,-2.0
292,insert,292,-1,592,-2.0
293,insert,1833,-1,593,-2.0
294,insert,1167,-1,594,-2.0
295,insert,1417,-1,595,-2.0
296,insert,2042,-1,596,-2.0
297,insert,1708,-1,597,-2.0
298,insert,792,-1,598,-2.0
299,insert,875,-1,599,-2.0
300,insert,958,346542,600,1.0
301,insert,791,-1,601,-2.0
302,insert,833,-1,602,-2.0
303,insert,1917,-1,603,-2.0
304,insert,1334,-1,604,-2.0
305,insert,750,-1,605,-2.0
306,insert,1209,-1,606,-2.0
307,insert,375,-1,607,-2.0
308,insert,791,-1,608,-2.0
309,insert,917,-1,609,-2.0
310,insert,1125,-1,610,-2.0
311,insert,1083,-1,611,-2.0
312,insert,833,-1,612,-2.0
313,insert,625,-1,613,-2.0
314,insert,875,-1,614,-2.0
315,insert,958,-1,615,-2.0
316,insert,833,-1,616,-2.0
317,insert,1333,-1,617,-2.0
318,insert,833,-1,618,-2.0
319,insert,292,-1,619,-2.0
320,insert,958,-1,620,-2.0
321,insert,875,-1,621,-2.0
322,insert,1833,-1,622,-2.0
323,insert,667,-1,623,-2.0
324,insert,708,-1,624,-2.0
325,insert,1584,-1,625,-2.0
326,insert,750,-1,626,-2.0
327,insert,1541,-1,627,-2.0
328,insert,750,-1,628,-2.0
329,insert,792,-1,629,-2.0
330,insert,1333,-1,630,-2.0
331,insert,1250,-1,631,-2.0
332,insert,875,-1,632,-2.0
333,insert,708,-1,633,-2.0
334,insert,792,-1,634,-2.0
335,insert,958,-1,635,-2.0
336,insert,875,-1,636,-2.0
337,insert,1500,-1,637,-2.0
338,insert,917,-1,638,-2.0
339,insert,792,-1,639,-2.0
340,insert,1542,-1,640,-2.0
341,insert,834,-1,641,-2.0
342,insert,1208,-1,642,-2.0
343,insert,709,-1,643,-2.0
344,insert,1125,-1,644,-2.0
345,insert,1750,-1,645,-2.0
346,insert,1041,-1,646,-2.0
347,insert,1042,-1,647,-2.0
348,insert,1292,-1,648,-2.0
349,insert,417,-1,649,-2.0
350,insert,1083,-1,650,-2.0
351,insert,792,-1,651,-2.0
352,insert,750,-1,652,-2.0
353,insert,1666,-1,653,-2.0
354,insert,1042,-1,654,-2.0
355,insert,1166,-1,655,-2.0
356,insert,709,-1,656,-2.0
357,insert,791,-1,657,-2.0
358,insert,1209,-1,658,-2.0
359,insert,833,-1,659,-2.0
360,insert,1125,-1,660,-2.0
361,insert,1417,-1,661,-2.0
362,insert,1834,-1,662,-2.0
363,insert,1250,-1,663,-2.0
364,insert,1375,-1,664,-2.0
365,insert,1375,-1,665,-2.0
366,insert,1792,-1,666,-2.0
367,insert,625,-1,667,-2.0
368,insert,1000,-1,668,-2.0
369,insert,875,-1,669,-2.0
370,insert,833,-1,670,-2.0
371,insert,1709,-1,671,-2.0
372,insert,1417,-1,672,-2.0
373,insert,458,-1,673,-2.0
374,insert,1792,-1,674,-2.0
375,insert,2125,-1,675,-2.0
376,insert,1208,-1,676,-2.0
377,insert,792,-1,677,-2.0
378,insert,1500,-1,678,-2.0
379,insert,1084,-1,679,-2.0
380,insert,1375,-1,680,-2.0
381,insert,1500,-1,681,-2.0
382,insert,709,-1,682,-2.0
383,insert,875,-1,683,-2.0
384,insert,1042,-1,684,-2.0
385,insert,1000,-1,685,-2.0
386,insert,1042,-1,686,-2.0
387,insert,1000,-1,687,-2.0
388,insert,1083,-1,688,-2.0
389,insert,1333,-1,689,-2.0
390,insert,1083,-1,690,-2.0
391,insert,792,-1,691,-2.0
392,insert,1125,-1,692,-2.0
393,insert,1083,-1,693,-2.0
394,insert,1584,-1,694,-2.0
395,insert,1041,-1,695,-2.0
396,insert,1667,-1,696,-2.0
397,insert,458,-1,697,-2.0
398,insert,1292,-1,698,-2.0
399,insert,791,-1,699,-2.0
400,insert,1584,-1,700,-2.0
401,insert,1375,-1,701,-2.0
402,insert,1000,-1,702,-2.0
403,insert,1167,-1,703,-2.0
404,insert,1125,-1,704,-2.0
405,insert,917,-1,705,-2.0
406,insert,1250,-1,706,-2.0
407,insert,667,-1,707,-2.0
408,insert,1083,-1,708,-2.0
409,insert,2250,-1,709,-2.0
410,insert,1417,-1,710,-2.0
411,insert,333,-1,711,-2.0
412,insert,1334,-1,712,-2.0
413,insert,1041,-1,713,-2.0
414,insert,792,-1,714,-2.0
415,insert,792,-1,715,-2.0
416,insert,750,-1,716,-2.0
417,insert,1250,-1,717,-2.0
418,insert,1208,-1,718,-2.0
419,insert,1167,-1,719,-2.0
420,insert,1000,-1,720,-2.0
421,insert,959,-1,721,-2.0
422,insert,1000,-1,722,-2.0
423,insert,1083,-1,723,-2.0
424,insert,1167,-1,724,-2.0
425,insert,916,-1,725,-2.0
426,insert,1792,-1,726,-2.0
427,insert,1208,-1,727,-2.0
428,insert,1417,-1,728,-2.0
429,insert,1125,-1,729,-2.0
430,insert,917,-1,730,-2.0
431,insert,1916,-1,731,-2.0
432,insert,1250,-1,732,-2.0
433,insert,750,-1,733,-2.0
434,insert,1084,-1,734,-2.0
435,insert,2000,-1,735,-2.0
436,insert,1000,-1,736,-2.0
437,insert,958,-1,737,-2.0
438,insert,1000,-1,738,-2.0
439,insert,958,-1,739,-2.0
440,insert,917,-1,740,-2.0
441,insert,833,-1,741,-2.0
442,insert,1042,-1,742,-2.0
443,insert,875,-1,743,-2.0
444,insert,1041,-1,744,-2.0
445,insert,959,-1,745,-2.0
446,insert,1708,-1,746,-2.0
447,insert,1500,-1,747,-2.0
448,insert,917,-1,748,-2.0
449,insert,1208,-1,749,-2.0
450,insert,1000,-1,750,-2.0
451,insert,875,-1,751,-2.0
452,insert,1000,-1,752,-2.0
453,insert,667,-1,753,-2.0
454,insert,1209,-1,754,-2.0
455,insert,500,-1,755,-2.0
456,insert,1500,-1,756,-2.0
457,insert,1958,-1,757,-2.0
458,insert,1584,-1,758,-2.0
459,insert,2625,-1,759,-2.0
460,insert,1083,-1,760,-2.0
461,insert,875,-1,761,-2.0
462,insert,1583,-1,762,-2.0
463,insert,666,-1,763,-2.0
464,insert,1042,-1,764,-2.0
465,insert,875,-1,765,-2.0
466,insert,833,-1,766,-2.0
467,insert,1459,-1,767,-2.0
468,insert,1083,-1,768,-2.0
469,insert,1416,-1,769,-2.0
470,insert,1500,-1,770,-2.0
471,insert,1750,-1,771,-2.0
472,insert,1708,-1,772,-2.0
473,insert,1042,-1,773,-2.0
474,insert,1958,-1,774,-2.0
475,insert,875,-1,775,-2.0
476,insert,1250,-1,776,-2.0
477,insert,1417,-1,777,-2.0
478,insert,833,-1,778,-2.0
479,insert,750,-1,779,-2.0
480,insert,1834,-1,780,-2.0
481,insert,1542,-1,781,-2.0
482,insert,917,-1,782,-2.0
483,insert,917,-1,783,-2.0
484,insert,958,-1,784,-2.0
485,insert,1209,-1,785,-2.0
486,insert,1500,-1,786,-2.0
487,insert,1042,-1,787,-2.0
488,insert,1459,-1,788,-2.0
489,insert,833,-1,789,-2.0
490,insert,2167,-1,790,-2.0
491,insert,1834,-1,791,-2.0
492,insert,1500,-1,792,-2.0
493,insert,1291,-1,793,-2.0
494,insert,792,-1,794,-2.0
495,insert,875,-1,795,-2.0
496,insert,917,-1,796,-2.0
497,insert,1375,-1,797,-2.0
498,insert,1666,-1,798,-2.0
499,insert,667,-1,799,-2.0
500,insert,1666,-1,800,-2.0
501,insert,958,-1,801,-2.0
502,insert,1125,-1,802,-2.0
503,insert,1458,-1,803,-2.0
504,insert,875,-1,804,-2.0
505,insert,2000,-1,805,-2.0
506,insert,1459,-1,806,-2.0
507,insert,1375,-1,807,-2.0
508,insert,1000,-1,808,-2.0
509,insert,1459,-1,809,-2.0
510,insert,1333,-1,810,-2.0
511,insert,1958,-1,811,-2.0
512,insert,1750,-1,812,-2.0
513,insert,1791,-1,813,-2.0
514,insert,1792,-1,814,-2.0
515,insert,1500,-1,815,-2.0
516,insert,750,-1,816,-2.0
517,insert,1209,-1,817,-2.0
518,insert,1375,-1,818,-2.0
519,insert,791,-1,819,-2.0
520,insert,917,-1,820,-2.0
521,insert,583,-1,821,-2.0
522,insert,500,-1,822,-2.0
523,insert,500,-1,823,-2.0
524,insert,958,-1,824,-2.0
525,insert,1375,-1,825,-2.0
526,insert,1291,-1,826,-2.0
527,insert,709,-1,827,-2.0
528,insert,1791,-1,828,-2.0
529,insert,1625,-1,829,-2.0
530,insert,1667,-1,830,-2.0
531,insert,1625,-1,831,-2.0
532,insert,1000,-1,832,-2.0
533,insert,1417,-1,833,-2.0
534,insert,500,-1,834,-2.0
535,insert,1750,-1,835,-2.0
536,insert,1750,-1,836,-2.0
537,insert,1916,-1,837,-2.0
538,insert,1042,-1,838,-2.0
539,insert,792,-1,839,-2.0
540,insert,833,-1,840,-2.0
541,insert,1625,-1,841,-2.0
542,insert,1500,-1,842,-2.0
543,insert,750,-1,843,-2.0
544,insert,1583,-1,844,-2.0
545,insert,1500,-1,845,-2.0
546,insert,1291,-1,846,-2.0
547,insert,1209,-1,847,-2.0
548,insert,1250,-1,848,-2.0
549,insert,1500,-1,849,-2.0
550,insert,1458,-1,850,-2.0
551,insert,1000,-1,851,-2.0
552,insert,1042,-1,852,-2.0
553,insert,958,-1,853,-2.0
554,insert,1584,-1,854,-2.0
555,insert,1125,-1,855,-2.0
556,insert,1625,-1,856,-2.0
557,insert,1042,-1,857,-2.0
558,insert,1541,-1,858,-2.0
559,insert,1542,-1,859,-2.0
560,insert,1542,-1,860,-2.0
561,insert,1541,-1,861,-2.0
562,insert,1334,-1,862,-2.0
563,insert,1500,-1,863,-2.0
564,insert,1791,-1,864,-2.0
565,insert,1000,-1,865,-2.0
566,insert,2167,-1,866,-2.0
567,insert,1708,-1,867,-2.0
568,insert,959,-1,868,-2.0
569,insert,1333,-1,869,-2.0
570,insert,1083,-1,870,-2.0
571,insert,750,-1,871,-2.0
572,insert,1625,-1,872,-2.0
573,insert,1209,-1,873,-2.0
574,insert,1000,-1,874,-2.0
575,insert,1125,-1,875,-2.0
576,insert,917,-1,876,-2.0
577,insert,1750,-1,877,-2.0
578,insert,1250,-1,878,-2.0
579,insert,375,-1,879,-2.0
580,insert,1625,-1,880,-2.0
581,insert,1667,-1,881,-2.0
582,insert,1583,-1,882,-2.0
583,insert,1208,-1,883,-2.0
584,insert,1541,-1,884,-2.0
585,insert,1541,-1,885,-2.0
586,insert,1459,-1,886,-2.0
587,insert,1208,-1,887,-2.0
588,insert,792,-1,888,-2.0
589,insert,1584,-1,889,-2.0
590,insert,1375,-1,890,-2.0
591,insert,834,-1,891,-2.0
592,insert,750,-1,892,-2.0
593,insert,583,-1,893,-2.0
594,insert,2292,-1,894,-2.0
595,insert,1583,-1,895,-2.0
596,insert,708,-1,896,-2.0
597,insert,1333,-1,897,-2.0
598,insert,584,-1,898,-2.0
599,insert,542,-1,899,-2.0
600,insert,1583,536458,900,1.0
601,insert,916,-1,901,-2.0
602,insert,250,-1,902,-2.0
603,insert,1292,-1,903,-2.0
604,insert,791,-1,904,-2.0
605,insert,667,-1,905,-2.0
606,insert,1167,-1,906,-2.0
607,insert,708,-1,907,-2.0
608,insert,1250,-1,908,-2.0
609,insert,1041,-1,909,-2.0
610,insert,1416,-1,910,-2.0
611,insert,1334,-1,911,-2.0
612,insert,1083,-1,912,-2.0
613,insert,1166,-1,913,-2.0
614,insert,709,-1,914,-2.0
615,insert,833,-1,915,-2.0
616,insert,1000,-1,916,-2.0
617,insert,1000,-1,917,-2.0
618,insert,917,-1,918,-2.0
619,insert,916,-1,919,-2.0
620,insert,292,-1,920,-2.0
621,insert,1125,-1,921,-2.0
622,insert,958,-1,922,-2.0
623,insert,792,-1,923,-2.0
624,insert,2083,-1,924,-2.0
625,insert,667,-1,925,-2.0
626,insert,1708,-1,926,-2.0
627,insert,1792,-1,927,-2.0
628,insert,583,-1,928,-2.0
629,insert,791,-1,929,-2.0
630,insert,1625,-1,930,-2.0
631,insert,1042,-1,931,-2.0
632,insert,958,-1,932,-2.0
633,insert,1208,-1,933,-2.0
634,insert,625,-1,934,-2.0
635,insert,1000,-1,935,-2.0
636,insert,1209,-1,936,-2.0
637,insert,708,-1,937,-2.0
638,insert,1667,-1,938,-2.0
639,insert,875,-1,939,-2.0
640,insert,1625,-1,940,-2.0
641,insert,625,-1,941,-2.0
642,insert,667,-1,942,-2.0
643,insert,584,-1,943,-2.0
644,insert,1625,-1,944,-2.0
645,insert,1208,-1,945,-2.0
646,insert,875,-1,946,-2.0
647,insert,1084,-1,947,-2.0
648,insert,292,-1,948,-2.0
649,insert,1708,-1,949,-2.0
650,insert,1833,-1,950,-2.0
651,insert,1042,-1,951,-2.0
652,insert,958,-1,952,-2.0
653,insert,917,-1,953,-2.0
654,insert,1250,-1,954,-2.0
655,insert,1000,-1,955,-2.0
656,insert,917,-1,956,-2.0
657,insert,2125,-1,957,-2.0
658,insert,1375,-1,958,-2.0
659,insert,292,-1,959,-2.0
660,insert,1042,-1,960,-2.0
661,insert,1291,-1,961,-2.0
662,insert,834,-1,962,-2.0
663,insert,708,-1,963,-2.0
664,insert,1542,-1,964,-2.0
665,insert,666,-1,965,-2.0
666,insert,1584,-1,966,-2.0
667,insert,1042,-1,967,-2.0
668,insert,1041,-1,968,-2.0
669,insert,1250,-1,969,-2.0
670,insert,1167,-1,970,-2.0
671,insert,250,-1,971,-2.0
672,insert,1542,-1,972,-2.0
673,insert,1583,-1,973,-2.0
674,insert,1750,-1,974,-2.0
675,insert,1250,-1,975,-2.0
676,insert,1000,-1,976,-2.0
677,insert,2375,-1,977,-2.0
678,insert,1042,-1,978,-2.0
679,insert,667,-1,979,-2.0
680,insert,458,-1,980,-2.0
681,insert,875,-1,981,-2.0
682,insert,875,-1,982,-2.0
683,insert,1333,-1,983,-2.0
684,insert,1209,-1,984,-2.0
685,insert,791,-1,985,-2.0
686,insert,625,-1,986,-2.0
687,insert,250,-1,987,-2.0
688,insert,1292,-1,988,-2.0
689,insert,542,-1,989,-2.0
690,insert,541,-1,990,-2.0
691,insert,2542,-1,991,-2.0
692,insert,583,-1,992,-2.0
693,insert,1667,-1,993,-2.0
694,insert,1125,-1,994,-2.0
695,insert,959,-1,995,-2.0
696,insert,1917,-1,996,-2.0
697,insert,708,-1,997,-2.0
698,insert,2084,-1,998,-2.0
699,insert,833,-1,999,-2.0
700,insert,834,-1,1000,-2.0
701,insert,1291,-1,1001,-2.0
702,insert,2333,-1,1002,-2.0
703,insert,1292,-1,1003,-2.0
704,insert,1667,-1,1004,-2.0
705,insert,1625,-1,1005,-2.0
706,insert,1542,-1,1006,-2.0
707,insert,1541,-1,1007,-2.0
708,insert,1541,-1,1008,-2.0
709,insert,1667,-1,1009,-2.0
710,insert,1542,-1,1010,-2.0
711,insert,1542,-1,1011,-2.0
712,insert,833,-1,1012,-2.0
713,insert,1375,-1,1013,-2.0
714,insert,1834,-1,1014,-2.0
715,insert,1708,-1,1015,-2.0
716,insert,2750,-1,1016,-2.0
717,insert,2041,-1,1017,-2.0
718,insert,1750,-1,1018,-2.0
719,insert,1375,-1,1019,-2.0
720,insert,1542,-1,1020,-2.0
721,insert,1583,-1,1021,-2.0
722,insert,1542,-1,1022,-2.0
723,insert,208,-1,1023,-2.0
724,insert,1125,-1,1024,-2.0
725,insert,5084,-1,1025,-2.0
726,insert,875,-1,1026,-2.0
727,insert,708,-1,1027,-2.0
728,insert,1458,-1,1028,-2.0
729,insert,2042,-1,1029,-2.0
730,insert,1250,-1,1030,-2.0
731,insert,1083,-1,1031,-2.0
732,insert,1000,-1,1032,-2.0
733,insert,1750,-1,1033,-2.0
734,insert,916,-1,1034,-2.0
735,insert,1666,-1,1035,-2.0
736,insert,1125,-1,1036,-2.0
737,insert,1333,-1,1037,-2.0
738,insert,1000,-1,1038,-2.0
739,insert,834,-1,1039,-2.0
740,insert,1250,-1,1040,-2.0
741,insert,791,-1,1041,-2.0
742,insert,750,-1,1042,-2.0
743,insert,1583,-1,1043,-2.0
744,insert,792,-1,1044,-2.0
745,insert,1500,-1,1045,-2.0
746,insert,1000,-1,1046,-2.0
747,insert,875,-1,1047,-2.0
748,insert,1208,-1,1048,-2.0
749,insert,1208,-1,1049,-2.0
750,insert,959,-1,1050,-2.0
751,insert,1000,-1,1051,-2.0
752,insert,875,-1,1052,-2.0
753,insert,1125,-1,1053,-2.0
754,insert,2083,-1,1054,-2.0
755,insert,1125,-1,1055,-2.0
756,insert,750,-1,1056,-2.0
757,insert,1292,-1,1057,-2.0
758,insert,666,-1,1058,-2.0
759,insert,833,-1,1059,-2.0
760,insert,1000,-1,1060,-2.0
761,insert,750,-1,1061,-2.0
762,insert,709,-1,1062,-2.0
763,insert,1791,-1,1063,-2.0
764,insert,1917,-1,1064,-2.0
765,insert,958,-1,1065,-2.0
766,insert,875,-1,1066,-2.0
767,insert,792,-1,1067,-2.0
768,insert,917,-1,1068,-2.0
769,insert,1000,-1,1069,-2.0
770,insert,1083,-1,1070,-2.0
771,insert,1000,-1,1071,-2.0
772,insert,958,-1,1072,-2.0
773,insert,1291,-1,1073,-2.0
774,insert,1125,-1,1074,-2.0
775,insert,1167,-1,1075,-2.0
776,insert,500,-1,1076,-2.0
777,insert,1000,-1,1077,-2.0
778,insert,1000,-1,1078,-2.0
779,insert,1083,-1,1079,-2.0
780,insert,1709,-1,1080,-2.0
781,insert,1584,-1,1081,-2.0
782,insert,166,-1,1082,-2.0
783,insert,1625,-1,1083,-2.0
784,insert,1291,-1,1084,-2.0
785,insert,1584,-1,1085,-2.0
786,insert,1416,-1,1086,-2.0
787,insert,1167,-1,1087,-2.0
788,insert,1666,-1,1088,-2.0
789,insert,792,-1,1089,-2.0
790,insert,2375,-1,1090,-2.0
791,insert,1292,-1,1091,-2.0
792,insert,625,-1,1092,-2.0
793,insert,2459,-1,1093,-2.0
794,insert,2084,-1,1094,-2.0
795,insert,1083,-1,1095,-2.0
796,insert,1625,-1,1096,-2.0
797,insert,708,-1,1097,-2.0
798,insert,2417,-1,1098,-2.0
799,insert,1459,-1,1099,-2.0
800,insert,1084,-1,1100,-2.0
801,insert,1000,-1,1101,-2.0
802,insert,958,-1,1102,-2.0
803,insert,1958,-1,1103,-2.0
804,insert,1417,-1,1104,-2.0
805,insert,291,-1,1105,-2.0
806,insert,834,-1,1106,-2.0
807,insert,1375,-1,1107,-2.0
808,insert,1459,-1,1108,-2.0
809,insert,1125,-1,1109,-2.0
810,insert,834,-1,1110,-2.0
811,insert,750,-1,1111,-2.0
812,insert,875,-1,1112,-2.0
813,insert,833,-1,1113,-2.0
814,insert,833,-1,1114,-2.0
815,insert,1084,-1,1115,-2.0
816,insert,791,-1,1116,-2.0
817,insert,1125,-1,1117,-2.0
818,insert,1834,-1,1118,-2.0
819,insert,875,-1,1119,-2.0
820,insert,1667,-1,1120,-2.0
821,insert,625,-1,1121,-2.0
822,insert,1708,-1,1122,-2.0
823,insert,917,-1,1123,-2.0
824,insert,916,-1,1124,-2.0
825,insert,1791,-1,1125,-2.0
826,insert,1666,-1,1126,-2.0
827,insert,1250,-1,1127,-2.0
828,insert,1833,-1,1128,-2.0
829,insert,1375,-1,1129,-2.0
830,insert,1000,-1,1130,-2.0
831,insert,1625,-1,1131,-2.0
832,insert,875,-1,1132,-2.0
833,insert,708,-1,1133,-2.0
834,insert,1250,-1,1134,-2.0
835,insert,1125,-1,1135,-2.0
836,insert,917,-1,1136,-2.0
837,insert,1166,-1,1137,-2.0
838,insert,667,-1,1138,-2.0
839,insert,708,-1,1139,-2.0
840,insert,2041,-1,1140,-2.0
841,insert,1375,-1,1141,-2.0
842,insert,959,-1,1142,-2.0
843,insert,666,-1,1143,-2.0
844,insert,709,-1,1144,-2.0
845,insert,333,-1,1145,-2.0
846,insert,1125,-1,1146,-2.0
847,insert,667,-1,1147,-2.0
848,insert,958,-1,1148,-2.0
849,insert,1292,-1,1149,-2.0
850,insert,1291,-1,1150,-2.0
851,insert,1709,-1,1151,-2.0
852,insert,1583,-1,1152,-2.0
853,insert,792,-1,1153,-2.0
854,insert,1041,-1,1154,-2.0
855,insert,1417,-1,1155,-2.0
856,insert,1125,-1,1156,-2.0
857,insert,1083,-1,1157,-2.0
858,insert,1417,-1,1158,-2.0
859,insert,1125,-1,1159,-2.0
860,insert,1084,-1,1160,-2.0
861,insert,2666,-1,1161,-2.0
862,insert,1291,-1,1162,-2.0
863,insert,1000,-1,1163,-2.0
864,insert,1708,-1,1164,-2.0
865,insert,917,-1,1165,-2.0
866,insert,750,-1,1166,-2.0
867,insert,833,-1,1167,-2.0
868,insert,1250,-1,1168,-2.0
869,insert,1125,-1,1169,-2.0
870,insert,875,-1,1170,-2.0
871,insert,1125,-1,1171,-2.0
872,insert,1708,-1,1172,-2.0
873,insert,1458,-1,1173,-2.0
874,insert,1000,-1,1174,-2.0
875,insert,2292,-1,1175,-2.0
876,insert,2917,-1,1176,-2.0
877,insert,1083,-1,1177,-2.0
878,insert,1125,-1,1178,-2.0
879,insert,2042,-1,1179,-2.0
880,insert,1583,-1,1180,-2.0
881,insert,1458,-1,1181,-2.0
882,insert,1375,-1,1182,-2.0
883,insert,1084,-1,1183,-2.0
884,insert,1250,-1,1184,-2.0
885,insert,875,-1,1185,-2.0
886,insert,917,-1,1186,-2.0
887,insert,916,-1,1187,-2.0
888,insert,791,-1,1188,-2.0
889,insert,833,-1,1189,-2.0
890,insert,792,-1,1190,-2.0
891,insert,958,-1,1191,-2.0
892,insert,959,-1,1192,-2.0
893,insert,875,-1,1193,-2.0
894,insert,917,-1,1194,-2.0
895,insert,1000,-1,1195,-2.0
896,insert,875,-1,1196,-2.0
897,insert,875,-1,1197,-2.0
898,insert,917,-1,1198,-2.0
899,insert,875,-1,1199,-2.0
900,insert,917,703083,1200,1.0
901,insert,958,-1,1201,-2.0
902,insert,916,-1,1202,-2.0
903,insert,917,-1,1203,-2.0
904,insert,875,-1,1204,-2.0
905,insert,1083,-1,1205,-2.0
906,insert,1375,-1,1206,-2.0
907,insert,958,-1,1207,-2.0
908,insert,875,-1,1208,-2.0
909,insert,875,-1,1209,-2.0
910,insert,875,-1,1210,-2.0
911,insert,875,-1,1211,-2.0
912,insert,1125,-1,1212,-2.0
913,insert,1417,-1,1213,-2.0
914,insert,2208,-1,1214,-2.0
915,insert,1667,-1,1215,-2.0
916,insert,1375,-1,1216,-2.0
917,insert,1166,-1,1217,-2.0
918,insert,1959,-1,1218,-2.0
919,insert,1208,-1,1219,-2.0
920,insert,1875,-1,1220,-2.0
921,insert,1917,-1,1221,-2.0
922,insert,1042,-1,1222,-2.0
923,insert,1416,-1,1223,-2.0
924,insert,1084,-1,1224,-2.0
925,insert,1958,-1,1225,-2.0
926,insert,1708,-1,1226,-2.0
927,insert,1500,-1,1227,-2.0
928,insert,1000,-1,1228,-2.0
929,insert,1208,-1,1229,-2.0
930,insert,792,-1,1230,-2.0
931,insert,750,-1,1231,-2.0
932,insert,1166,-1,1232,-2.0
933,insert,1334,-1,1233,-2.0
934,insert,1291,-1,1234,-2.0
935,insert,1000,-1,1235,-2.0
936,insert,834,-1,1236,-2.0
937,insert,375,-1,1237,-2.0
938,insert,1250,-1,1238,-2.0
939,insert,1334,-1,1239,-2.0
940,insert,1166,-1,1240,-2.0
941,insert,792,-1,1241,-2.0
942,insert,917,-1,1242,-2.0
943,insert,1667,-1,1243,-2.0
944,insert,1667,-1,1244,-2.0
945,insert,1000,-1,1245,-2.0
946,insert,1125,-1,1246,-2.0
947,insert,875,-1,1247,-2.0
948,insert,1292,-1,1248,-2.0
949,insert,1417,-1,1249,-2.0
950,insert,1416,-1,1250,-2.0
951,insert,875,-1,1251,-2.0
952,insert,1834,-1,1252,-2.0
953,insert,2083,-1,1253,-2.0
954,insert,2792,-1,1254,-2.0
955,insert,625,-1,1255,-2.0
956,insert,1833,-1,1256,-2.0
957,insert,1375,-1,1257,-2.0
958,insert,417,-1,1258,-2.0
959,insert,1875,-1,1259,-2.0
960,insert,1375,-1,1260,-2.0
961,insert,1292,-1,1261,-2.0
962,insert,1333,-1,1262,-2.0
963,insert,1208,-1,1263,-2.0
964,insert,1542,-1,1264,-2.0
965,insert,1750,-1,1265,-2.0
966,insert,833,-1,1266,-2.0
967,insert,791,-1,1267,-2.0
968,insert,917,-1,1268,-2.0
969,insert,708,-1,1269,-2.0
970,insert,1916,-1,1270,-2.0
971,insert,792,-1,1271,-2.0
972,insert,917,-1,1272,-2.0
973,insert,583,-1,1273,-2.0
974,insert,1542,-1,1274,-2.0
975,insert,1250,-1,1275,-2.0
976,insert,2000,-1,1276,-2.0
977,insert,1667,-1,1277,-2.0
978,insert,1375,-1,1278,-2.0
979,insert,2250,-1,1279,-2.0
980,insert,1083,-1,1280,-2.0
981,insert,2833,-1,1281,-2.0
982,insert,1042,-1,1282,-2.0
983,insert,1083,-1,1283,-2.0
984,insert,1292,-1,1284,-2.0
985,insert,1083,-1,1285,-2.0
986,insert,792,-1,1286,-2.0
987,insert,1291,-1,1287,-2.0
988,insert,1125,-1,1288,-2.0
989,insert,3000,-1,1289,-2.0
990,insert,2208,-1,1290,-2.0
991,insert,1208,-1,1291,-2.0
992,insert,2000,-1,1292,-2.0
993,insert,833,-1,1293,-2.0
994,insert,709,-1,1294,-2.0
995,insert,916,-1,1295,-2.0
996,insert,709,-1,1296,-2.0
997,insert,750,-1,1297,-2.0
998,insert,666,-1,1298,-2.0
999,insert,708,-1,1299,-2.0
1000,insert,709,-1,1300,-2.0
1001,insert,708,-1,1301,-2.0
1002,insert,834,-1,1302,-2.0
1003,insert,958,-1,1303,-2.0
1004,insert,1167,-1,1304,-2.0
1005,insert,1250,-1,1305,-2.0
1006,insert,1250,-1,1306,-2.0
1007,insert,1791,-1,1307,-2.0
1008,insert,1417,-1,1308,-2.0
1009,insert,1083,-1,1309,-2.0
1010,insert,1084,-1,1310,-2.0
1011,insert,791,-1,1311,-2.0
1012,insert,708,-1,1312,-2.0
1013,insert,2208,-1,1313,-2.0
1014,insert,1084,-1,1314,-2.0
1015,insert,1375,-1,1315,-2.0
1016,insert,1125,-1,1316,-2.0
1017,insert,1000,-1,1317,-2.0
1018,insert,1083,-1,1318,-2.0
1019,insert,1083,-1,1319,-2.0
1020,insert,1000,-1,1320,-2.0
1021,insert,916,-1,1321,-2.0
1022,insert,1667,-1,1322,-2.0
1023,insert,958,-1,1323,-2.0
1024,insert,1834,-1,1324,-2.0
1025,insert,1000,-1,1325,-2.0
1026,insert,2750,-1,1326,-2.0
1027,insert,750,-1,1327,-2.0
1028,insert,2208,-1,1328,-2.0
1029,insert,917,-1,1329,-2.0
1030,insert,1583,-1,1330,-2.0
1031,insert,1208,-1,1331,-2.0
1032,insert,958,-1,1332,-2.0
1033,insert,833,-1,1333,-2.0
1034,insert,500,-1,1334,-2.0
1035,insert,1042,-1,1335,-2.0
1036,insert,1333,-1,1336,-2.0
1037,insert,1375,-1,1337,-2.0
1038,insert,709,-1,1338,-2.0
1039,insert,1459,-1,1339,-2.0
1040,insert,1208,-1,1340,-2.0
1041,insert,1750,-1,1341,-2.0
1042,insert,1834,-1,1342,-2.0
1043,insert,2125,-1,1343,-2.0
1044,insert,1000,-1,1344,-2.0
1045,insert,1500,-1,1345,-2.0
1046,insert,1333,-1,1346,-2.0
1047,insert,458,-1,1347,-2.0
1048,insert,792,-1,1348,-2.0
1049,insert,833,-1,1349,-2.0
1050,insert,1750,-1,1350,-2.0
1051,insert,1208,-1,1351,-2.0
1052,insert,1459,-1,1352,-2.0
1053,insert,2458,-1,1353,-2.0
1054,insert,1417,-1,1354,-2.0
1055,insert,1167,-1,1355,-2.0
1056,insert,875,-1,1356,-2.0
1057,insert,1709,-1,1357,-2.0
1058,insert,1500,-1,1358,-2.0
1059,insert,1250,-1,1359,-2.0
1060,insert,1334,-1,1360,-2.0
1061,insert,1333,-1,1361,-2.0
1062,insert,1417,-1,1362,-2.0
1063,insert,3042,-1,1363,-2.0
1064,insert,875,-1,1364,-2.0
1065,insert,1209,-1,1365,-2.0
1066,insert,792,-1,1366,-2.0
1067,insert,1375,-1,1367,-2.0
1068,insert,1333,-1,1368,-2.0
1069,insert,1208,-1,1369,-2.0
1070,insert,1917,-1,1370,-2.0
1071,insert,1542,-1,1371,-2.0
1072,insert,1375,-1,1372,-2.0
1073,insert,1250,-1,1373,-2.0
1074,insert,1125,-1,1374,-2.0
1075,insert,1167,-1,1375,-2.0
1076,insert,2250,-1,1376,-2.0
1077,insert,1334,-1,1377,-2.0
1078,insert,334,-1,1378,-2.0
1079,insert,1041,-1,1379,-2.0
1080,insert,1959,-1,1380,-2.0
1081,insert,1708,-1,1381,-2.0
1082,insert,1292,-1,1382,-2.0
1083,insert,1541,-1,1383,-2.0
1084,insert,1167,-1,1384,-2.0
1085,insert,1208,-1,1385,-2.0
1086,insert,958,-1,1386,-2.0
1087,insert,1875,-1,1387,-2.0
1088,insert,1667,-1,1388,-2.0
1089,insert,1333,-1,1389,-2.0
1090,insert,1250,-1,1390,-2.0
1091,insert,1375,-1,1391,-2.0
1092,insert,791,-1,1392,-2.0
1093,insert,1750,-1,1393,-2.0
1094,insert,2709,-1,1394,-2.0
1095,insert,1500,-1,1395,-2.0
1096,insert,1709,-1,1396,-2.0
1097,insert,1500,-1,1397,-2.0
1098,insert,2042,-1,1398,-2.0
1099,insert,1125,-1,1399,-2.0
1100,insert,1000,-1,1400,-2.0
1101,insert,2167,-1,1401,-2.0
1102,insert,1541,-1,1402,-2.0
1103,insert,1209,-1,1403,-2.0
1104,insert,2166,-1,1404,-2.0
1105,insert,834,-1,1405,-2.0
1106,insert,1333,-1,1406,-2.0
1107,insert,1083,-1,1407,-2.0
1108,insert,625,-1,1408,-2.0
1109,insert,1125,-1,1409,-2.0
1110,insert,1791,-1,1410,-2.0
1111,insert,1583,-1,1411,-2.0
1112,insert,500,-1,1412,-2.0
1113,insert,1125,-1,1413,-2.0
1114,insert,1125,-1,1414,-2.0
1115,insert,1667,-1,1415,-2.0
1116,insert,1667,-1,1416,-2.0
1117,insert,1166,-1,1417,-2.0
1118,insert,1375,-1,1418,-2.0
1119,insert,2000,-1,1419,-2.0
1120,insert,667,-1,1420,-2.0
1121,insert,1666,-1,1421,-2.0
1122,insert,2167,-1,1422,-2.0
1123,insert,2167,-1,1423,-2.0
1124,insert,2167,-1,1424,-2.0
1125,insert,1833,-1,1425,-2.0
1126,insert,1125,-1,1426,-2.0
1127,insert,792,-1,1427,-2.0
1128,insert,750,-1,1428,-2.0
1129,insert,333,-1,1429,-2.0
1130,insert,875,-1,1430,-2.0
1131,insert,1333,-1,1431,-2.0
1132,insert,834,-1,1432,-2.0
1133,insert,1416,-1,1433,-2.0
1134,insert,834,-1,1434,-2.0
1135,insert,708,-1,1435,-2.0
1136,insert,2333,-1,1436,-2.0
1137,insert,1250,-1,1437,-2.0
1138,insert,209,-1,1438,-2.0
1139,insert,1833,-1,1439,-2.0
1140,insert,1417,-1,1440,-2.0
1141,insert,2291,-1,1441,-2.0
1142,insert,1584,-1,1442,-2.0
1143,insert,1750,-1,1443,-2.0
1144,insert,1375,-1,1444,-2.0
1145,insert,750,-1,1445,-2.0
1146,insert,959,-1,1446,-2.0
1147,insert,1375,-1,1447,-2.0
1148,insert,1792,-1,1448,-2.0
1149,insert,1750,-1,1449,-2.0
1150,insert,1083,-1,1450,-2.0
1151,insert,875,-1,1451,-2.0
1152,insert,1375,-1,1452,-2.0
1153,insert,1000,-1,1453,-2.0
1154,insert,1375,-1,1454,-2.0
1155,insert,1417,-1,1455,-2.0
1156,insert,792,-1,1456,-2.0
1157,insert,958,-1,1457,-2.0
1158,insert,292,-1,1458,-2.0
1159,insert,1833,-1,1459,-2.0
1160,insert,2417,-1,1460,-2.0
1161,insert,1500,-1,1461,-2.0
1162,insert,166,-1,1462,-2.0
1163,insert,292,-1,1463,-2.0
1164,insert,1250,-1,1464,-2.0
1165,insert,791,-1,1465,-2.0
1166,insert,417,-1,1466,-2.0
1167,insert,958,-1,1467,-2.0
1168,insert,2083,-1,1468,-2.0
1169,insert,709,-1,1469,-2.0
1170,insert,1166,-1,1470,-2.0
1171,insert,1875,-1,1471,-2.0
1172,insert,1166,-1,1472,-2.0
1173,insert,875,-1,1473,-2.0
1174,insert,1417,-1,1474,-2.0
1175,insert,792,-1,1475,-2.0
1176,insert,1625,-1,1476,-2.0
1177,insert,1125,-1,1477,-2.0
1178,insert,1833,-1,1478,-2.0
1179,insert,1292,-1,1479,-2.0
1180,insert,1000,-1,1480,-2.0
1181,insert,1291,-1,1481,-2.0
1182,insert,959,-1,1482,-2.0
1183,insert,875,-1,1483,-2.0
1184,insert,1459,-1,1484,-2.0
1185,insert,1125,-1,1485,-2.0
1186,insert,1541,-1,1486,-2.0
1187,insert,1250,-1,1487,-2.0
1188,insert,1083,-1,1488,-2.0
1189,insert,1833,-1,1489,-2.0
1190,insert,1584,-1,1490,-2.0
1191,insert,2250,-1,1491,-2.0
1192,insert,1542,-1,1492,-2.0
1193,insert,1750,-1,1493,-2.0
1194,insert,1375,-1,1494,-2.0
1195,insert,1875,-1,1495,-2.0
1196,insert,1625,-1,1496,-2.0
1197,insert,1542,-1,1497,-2.0
1198,insert,833,-1,1498,-2.0
1199,insert,1917,-1,1499,-2.0
1200,insert,2750,976625,1500,1.0
1201,insert,1500,-1,1501,-2.0
1202,insert,1459,-1,1502,-2.0
1203,insert,1250,-1,1503,-2.0
1204,insert,1208,-1,1504,-2.0
1205,insert,2209,-1,1505,-2.0
1206,insert,1125,-1,1506,-2.0
1207,insert,750,-1,1507,-2.0
1208,insert,1000,-1,1508,-2.0
1209,insert,750,-1,1509,-2.0
1210,insert,1167,-1,1510,-2.0
1211,insert,1958,-1,1511,-2.0
1212,insert,1459,-1,1512,-2.0
1213,insert,834,-1,1513,-2.0
1214,insert,1583,-1,1514,-2.0
1215,insert,792,-1,1515,-2.0
1216,insert,875,-1,1516,-2.0
1217,insert,1250,-1,1517,-2.0
1218,insert,2000,-1,1518,-2.0
1219,insert,1334,-1,1519,-2.0
1220,insert,1458,-1,1520,-2.0
1221,insert,2500,-1,1521,-2.0
1222,insert,1417,-1,1522,-2.0
1223,insert,750,-1,1523,-2.0
1224,insert,1542,-1,1524,-2.0
1225,insert,875,-1,1525,-2.0
1226,insert,2083,-1,1526,-2.0
1227,insert,1000,-1,1527,-2.0
1228,insert,666,-1,1528,-2.0
1229,insert,1584,-1,1529,-2.0
1230,insert,2125,-1,1530,-2.0
1231,insert,1500,-1,1531,-2.0
1232,insert,2583,-1,1532,-2.0
1233,insert,834,-1,1533,-2.0
1234,insert,1416,-1,1534,-2.0
1235,insert,1459,-1,1535,-2.0
1236,insert,833,-1,1536,-2.0
1237,insert,1625,-1,1537,-2.0
1238,insert,1833,-1,1538,-2.0
1239,insert,2292,-1,1539,-2.0
1240,insert,2042,-1,1540,-2.0
1241,insert,1875,-1,1541,-2.0
1242,insert,1542,-1,1542,-2.0
1243,insert,1417,-1,1543,-2.0
1244,insert,1333,-1,1544,-2.0
1245,insert,917,-1,1545,-2.0
1246,insert,1083,-1,1546,-2.0
1247,insert,667,-1,1547,-2.0
1248,insert,1333,-1,1548,-2.0
1249,insert,2167,-1,1549,-2.0
1250,insert,375,-1,1550,-2.0
1251,insert,1750,-1,1551,-2.0
1252,insert,875,-1,1552,-2.0
1253,insert,1000,-1,1553,-2.0
1254,insert,2083,-1,1554,-2.0
1255,insert,2167,-1,1555,-2.0
1256,insert,917,-1,1556,-2.0
1257,insert,2250,-1,1557,-2.0
1258,insert,1666,-1,1558,-2.0
1259,insert,958,-1,1559,-2.0
1260,insert,1209,-1,1560,-2.0
1261,insert,1125,-1,1561,-2.0
1262,insert,3250,-1,1562,-2.0
1263,insert,1291,-1,1563,-2.0
1264,insert,1959,-1,1564,-2.0
1265,insert,1041,-1,1565,-2.0
1266,insert,1334,-1,1566,-2.0
1267,insert,1000,-1,1567,-2.0
1268,insert,1458,-1,1568,-2.0
1269,insert,1416,-1,1569,-2.0
1270,insert,1041,-1,1570,-2.0
1271,insert,959,-1,1571,-2.0
1272,insert,958,-1,1572,-2.0
1273,insert,1000,-1,1573,-2.0
1274,insert,1083,-1,1574,-2.0
1275,insert,1042,-1,1575,-2.0
1276,insert,1083,-1,1576,-2.0
1277,insert,959,-1,1577,-2.0
1278,insert,1541,-1,1578,-2.0
1279,insert,1167,-1,1579,-2.0
1280,insert,1167,-1,1580,-2.0
1281,insert,1083,-1,1581,-2.0
1282,insert,2375,-1,1582,-2.0
1283,insert,1375,-1,1583,-2.0
1284,insert,958,-1,1584,-2.0
1285,insert,2333,-1,1585,-2.0
1286,insert,2375,-1,1586,-2.0
1287,insert,250,-1,1587,-2.0
1288,insert,1917,-1,1588,-2.0
1289,insert,2333,-1,1589,-2.0
1290,insert,1666,-1,1590,-2.0
1291,insert,2792,-1,1591,-2.0
1292,insert,1708,-1,1592,-2.0
1293,insert,1250,-1,1593,-2.0
1294,insert,1625,-1,1594,-2.0
1295,insert,1250,-1,1595,-2.0
1296,insert,2459,-1,1596,-2.0
1297,insert,1667,-1,1597,-2.0
1298,insert,1000,-1,1598,-2.0
1299,insert,875,-1,1599,-2.0
1300,insert,1750,-1,1600,-2.0
1301,insert,1083,-1,1601,-2.0
1302,insert,1375,-1,1602,-2.0
1303,insert,625,-1,1603,-2.0
1304,insert,2291,-1,1604,-2.0
1305,insert,791,-1,1605,-2.0
1306,insert,1542,-1,1606,-2.0
1307,insert,1708,-1,1607,-2.0
1308,insert,1417,-1,1608,-2.0
1309,insert,1209,-1,1609,-2.0
1310,insert,1375,-1,1610,-2.0
1311,insert,1291,-1,1611,-2.0
1312,insert,1792,-1,1612,-2.0
1313,insert,1417,-1,1613,-2.0
1314,insert,1416,-1,1614,-2.0
1315,insert,2083,-1,1615,-2.0
1316,insert,1250,-1,1616,-2.0
1317,insert,917,-1,1617,-2.0
1318,insert,1125,-1,1618,-2.0
1319,insert,2125,-1,1619,-2.0
1320,insert,2458,-1,1620,-2.0
1321,insert,959,-1,1621,-2.0
1322,insert,1583,-1,1622,-2.0
1323,insert,1458,-1,1623,-2.0
1324,insert,792,-1,1624,-2.0
1325,insert,2000,-1,1625,-2.0
1326,insert,2000,-1,1626,-2.0
1327,insert,2000,-1,1627,-2.0
1328,insert,2125,-1,1628,-2.0
1329,insert,1750,-1,1629,-2.0
1330,insert,1917,-1,1630,-2.0
1331,insert,2500,-1,1631,-2.0
1332,insert,2292,-1,1632,-2.0
1333,insert,1666,-1,1633,-2.0
1334,insert,2167,-1,1634,-2.0
1335,insert,1291,-1,1635,-2.0
1336,insert,1084,-1,1636,-2.0
1337,insert,916,-1,1637,-2.0
1338,insert,2208,-1,1638,-2.0
1339,insert,2000,-1,1639,-2.0
1340,insert,1375,-1,1640,-2.0
1341,insert,1875,-1,1641,-2.0
1342,insert,1542,-1,1642,-2.0
1343,insert,2084,-1,1643,-2.0
1344,insert,1708,-1,1644,-2.0
1345,insert,1250,-1,1645,-2.0
1346,insert,1167,-1,1646,-2.0
1347,insert,1458,-1,1647,-2.0
1348,insert,1208,-1,1648,-2.0
1349,insert,1167,-1,1649,-2.0
1350,insert,1500,-1,1650,-2.0
1351,insert,1542,-1,1651,-2.0
1352,insert,1500,-1,1652,-2.0
1353,insert,1209,-1,1653,-2.0
1354,insert,1250,-1,1654,-2.0
1355,insert,1333,-1,1655,-2.0
1356,insert,2708,-1,1656,-2.0
1357,insert,1042,-1,1657,-2.0
1358,insert,1583,-1,1658,-2.0
1359,insert,958,-1,1659,-2.0
1360,insert,1375,-1,1660,-2.0
1361,insert,709,-1,1661,-2.0
1362,insert,2167,-1,1662,-2.0
1363,insert,792,-1,1663,-2.0
1364,insert,1500,-1,1664,-2.0
1365,insert,875,-1,1665,-2.0
1366,insert,1959,-1,1666,-2.0
1367,insert,1083,-1,1667,-2.0
1368,insert,917,-1,1668,-2.0
1369,insert,1000,-1,1669,-2.0
1370,insert,1375,-1,1670,-2.0
1371,insert,2417,-1,1671,-2.0
1372,insert,708,-1,1672,-2.0
1373,insert,584,-1,1673,-2.0
1374,insert,959,-1,1674,-2.0
1375,insert,2708,-1,1675,-2.0
1376,insert,2292,-1,1676,-2.0
1377,insert,2791,-1,1677,-2.0
1378,insert,2209,-1,1678,-2.0
1379,insert,1750,-1,1679,-2.0
1380,insert,1291,-1,1680,-2.0
1381,insert,1250,-1,1681,-2.0
1382,insert,334,-1,1682,-2.0
1383,insert,1542,-1,1683,-2.0
1384,insert,1000,-1,1684,-2.0
1385,insert,2083,-1,1685,-2.0
1386,insert,1084,-1,1686,-2.0
1387,insert,1000,-1,1687,-2.0
1388,insert,1083,-1,1688,-2.0
1389,insert,833,-1,1689,-2.0
1390,insert,1792,-1,1690,-2.0
1391,insert,2125,-1,1691,-2.0
1392,insert,667,-1,1692,-2.0
1393,insert,1375,-1,1693,-2.0
1394,insert,667,-1,1694,-2.0
1395,insert,1625,-1,1695,-2.0
1396,insert,1833,-1,1696,-2.0
1397,insert,2166,-1,1697,-2.0
1398,insert,2000,-1,1698,-2.0
1399,insert,875,-1,1699,-2.0
1400,insert,3042,-1,1700,-2.0
1401,insert,1917,-1,1701,-2.0
1402,insert,1625,-1,1702,-2.0
1403,insert,1500,-1,1703,-2.0
1404,insert,500,-1,1704,-2.0
1405,insert,1333,-1,1705,-2.0
1406,insert,1875,-1,1706,-2.0
1407,insert,1375,-1,1707,-2.0
1408,insert,1250,-1,1708,-2.0
1409,insert,1208,-1,1709,-2.0
1410,insert,1083,-1,1710,-2.0
1411,insert,2625,-1,1711,-2.0
1412,insert,667,-1,1712,-2.0
1413,insert,1291,-1,1713,-2.0
1414,insert,792,-1,1714,-2.0
1415,insert,1208,-1,1715,-2.0
1416,insert,1542,-1,1716,-2.0
1417,insert,1792,-1,1717,-2.0
1418,insert,1417,-1,1718,-2.0
1419,insert,2375,-1,1719,-2.0
1420,insert,1458,-1,1720,-2.0
1421,insert,1208,-1,1721,-2.0
1422,insert,1875,-1,1722,-2.0
1423,insert,1667,-1,1723,-2.0
1424,insert,1250,-1,1724,-2.0
1425,insert,250,-1,1725,-2.0
1426,insert,1542,-1,1726,-2.0
1427,insert,1333,-1,1727,-2.0
1428,insert,917,-1,1728,-2.0
1429,insert,2667,-1,1729,-2.0
1430,insert,2791,-1,1730,-2.0
1431,insert,2292,-1,1731,-2.0
1432,insert,1792,-1,1732,-2.0
1433,insert,1667,-1,1733,-2.0
1434,insert,1042,-1,1734,-2.0
1435,insert,2250,-1,1735,-2.0
1436,insert,1166,-1,1736,-2.0
1437,insert,1417,-1,1737,-2.0
1438,insert,3041,-1,1738,-2.0
1439,insert,2334,-1,1739,-2.0
1440,insert,1166,-1,1740,-2.0
1441,insert,2291,-1,1741,-2.0
1442,insert,792,-1,1742,-2.0
1443,insert,1708,-1,1743,-2.0
1444,insert,2500,-1,1744,-2.0
1445,insert,1750,-1,1745,-2.0
1446,insert,1666,-1,1746,-2.0
1447,insert,1542,-1,1747,-2.0
1448,insert,2167,-1,1748,-2.0
1449,insert,1375,-1,1749,-2.0
1450,insert,1458,-1,1750,-2.0
1451,insert,1834,-1,1751,-2.0
1452,insert,2667,-1,1752,-2.0
1453,insert,1916,-1,1753,-2.0
1454,insert,1209,-1,1754,-2.0
1455,insert,1750,-1,1755,-2.0
1456,insert,1417,-1,1756,-2.0
1457,insert,1709,-1,1757,-2.0
1458,insert,3333,-1,1758,-2.0
1459,insert,1834,-1,1759,-2.0
1460,insert,3292,-1,1760,-2.0
1461,insert,1708,-1,1761,-2.0
1462,insert,750,-1,1762,-2.0
1463,insert,1542,-1,1763,-2.0
1464,insert,2458,-1,1764,-2.0
1465,insert,1375,-1,1765,-2.0
1466,insert,2375,-1,1766,-2.0
1467,insert,1292,-1,1767,-2.0
1468,insert,917,-1,1768,-2.0
1469,insert,666,-1,1769,-2.0
1470,insert,1250,-1,1770,-2.0
1471,insert,1625,-1,1771,-2.0
1472,insert,1500,-1,1772,-2.0
1473,insert,1000,-1,1773,-2.0
1474,insert,1708,-1,1774,-2.0
1475,insert,1292,-1,1775,-2.0
1476,insert,2583,-1,1776,-2.0
1477,insert,2792,-1,1777,-2.0
1478,insert,2208,-1,1778,-2.0
1479,insert,1542,-1,1779,-2.0
1480,insert,875,-1,1780,-2.0
1481,insert,875,-1,1781,-2.0
1482,insert,1292,-1,1782,-2.0
1483,insert,1708,-1,1783,-2.0
1484,insert,2667,-1,1784,-2.0
1485,insert,1750,-1,1785,-2.0
1486,insert,1792,-1,1786,-2.0
1487,insert,2083,-1,1787,-2.0
1488,insert,1459,-1,1788,-2.0
1489,insert,2375,-1,1789,-2.0
1490,insert,1625,-1,1790,-2.0
1491,insert,1125,-1,1791,-2.0
1492,insert,2833,-1,1792,-2.0
1493,insert,2458,-1,1793,-2.0
1494,insert,1709,-1,1794,-2.0
1495,insert,1291,-1,1795,-2.0
1496,insert,2416,-1,1796,-2.0
1497,insert,1375,-1,1797,-2.0
1498,insert,2792,-1,1798,-2.0
1499,insert,2125,-1,1799,-2.0
1500,insert,1917,1269667,1800,1.0
1501,insert,3042,-1,1801,-2.0
1502,insert,2250,-1,1802,-2.0
1503,insert,1917,-1,1803,-2.0
1504,insert,1667,-1,1804,-2.0
1505,insert,1166,-1,1805,-2.0
1506,insert,2167,-1,1806,-2.0
1507,insert,1667,-1,1807,-2.0
1508,insert,958,-1,1808,-2.0
1509,insert,667,-1,1809,-2.0
1510,insert,625,-1,1810,-2.0
1511,insert,416,-1,1811,-2.0
1512,insert,1542,-1,1812,-2.0
1513,insert,1458,-1,1813,-2.0
1514,insert,1167,-1,1814,-2.0
1515,insert,1125,-1,1815,-2.0
1516,insert,1083,-1,1816,-2.0
1517,insert,1042,-1,1817,-2.0
1518,insert,1125,-1,1818,-2.0
1519,insert,1500,-1,1819,-2.0
1520,insert,1542,-1,1820,-2.0
1521,insert,2750,-1,1821,-2.0
1522,insert,1792,-1,1822,-2.0
1523,insert,1916,-1,1823,-2.0
1524,insert,2000,-1,1824,-2.0
1525,insert,1375,-1,1825,-2.0
1526,insert,875,-1,1826,-2.0
1527,insert,708,-1,1827,-2.0
1528,insert,708,-1,1828,-2.0
1529,insert,792,-1,1829,-2.0
1530,insert,792,-1,1830,-2.0
1531,insert,916,-1,1831,-2.0
1532,insert,584,-1,1832,-2.0
1533,insert,2708,-1,1833,-2.0
1534,insert,583,-1,1834,-2.0
1535,insert,625,-1,1835,-2.0
1536,insert,833,-1,1836,-2.0
1537,insert,1375,-1,1837,-2.0
1538,insert,1667,-1,1838,-2.0
1539,insert,750,-1,1839,-2.0
1540,insert,708,-1,1840,-2.0
1541,insert,750,-1,1841,-2.0
1542,insert,834,-1,1842,-2.0
1543,insert,750,-1,1843,-2.0
1544,insert,708,-1,1844,-2.0
1545,insert,750,-1,1845,-2.0
1546,insert,834,-1,1846,-2.0
1547,insert,750,-1,1847,-2.0
1548,insert,750,-1,1848,-2.0
1549,insert,750,-1,1849,-2.0
1550,insert,2500,-1,1850,-2.0
1551,insert,1750,-1,1851,-2.0
1552,insert,2083,-1,1852,-2.0
1553,insert,1250,-1,1853,-2.0
1554,insert,2000,-1,1854,-2.0
1555,insert,1583,-1,1855,-2.0
1556,insert,1958,-1,1856,-2.0
1557,insert,1042,-1,1857,-2.0
1558,insert,667,-1,1858,-2.0
1559,insert,1333,-1,1859,-2.0
1560,insert,2333,-1,1860,-2.0
1561,insert,1417,-1,1861,-2.0
1562,insert,792,-1,1862,-2.0
1563,insert,1833,-1,1863,-2.0
1564,insert,1708,-1,1864,-2.0
1565,insert,1166,-1,1865,-2.0
1566,insert,2000,-1,1866,-2.0
1567,insert,1958,-1,1867,-2.0
1568,insert,1417,-1,1868,-2.0
1569,insert,1458,-1,1869,-2.0
1570,insert,1042,-1,1870,-2.0
1571,insert,750,-1,1871,-2.0
1572,insert,1750,-1,1872,-2.0
1573,insert,1708,-1,1873,-2.0
1574,insert,1208,-1,1874,-2.0
1575,insert,1875,-1,1875,-2.0
1576,insert,3083,-1,1876,-2.0
1577,insert,1625,-1,1877,-2.0
1578,insert,1083,-1,1878,-2.0
1579,insert,875,-1,1879,-2.0
1580,insert,834,-1,1880,-2.0
1581,insert,791,-1,1881,-2.0
1582,insert,1042,-1,1882,-2.0
1583,insert,750,-1,1883,-2.0
1584,insert,625,-1,1884,-2.0
1585,insert,1666,-1,1885,-2.0
1586,insert,834,-1,1886,-2.0
1587,insert,1000,-1,1887,-2.0
1588,insert,1458,-1,1888,-2.0
1589,insert,2750,-1,1889,-2.0
1590,insert,1375,-1,1890,-2.0
1591,insert,208,-1,1891,-2.0
1592,insert,2292,-1,1892,-2.0
1593,insert,1667,-1,1893,-2.0
1594,insert,1333,-1,1894,-2.0
1595,insert,1709,-1,1895,-2.0
1596,insert,1291,-1,1896,-2.0
1597,insert,875,-1,1897,-2.0
1598,insert,917,-1,1898,-2.0
1599,insert,1208,-1,1899,-2.0
1600,insert,1750,-1,1900,-2.0
1601,insert,1667,-1,1901,-2.0
1602,insert,1917,-1,1902,-2.0
1603,insert,1416,-1,1903,-2.0
1604,insert,1292,-1,1904,-2.0
1605,insert,1084,-1,1905,-2.0
1606,insert,917,-1,1906,-2.0
1607,insert,1583,-1,1907,-2.0
1608,insert,1333,-1,1908,-2.0
1609,insert,1792,-1,1909,-2.0
1610,insert,1583,-1,1910,-2.0
1611,insert,2667,-1,1911,-2.0
1612,insert,1083,-1,1912,-2.0
1613,insert,1125,-1,1913,-2.0
1614,insert,1083,-1,1914,-2.0
1615,insert,833,-1,1915,-2.0
1616,insert,959,-1,1916,-2.0
1617,insert,750,-1,1917,-2.0
1618,insert,2041,-1,1918,-2.0
1619,insert,1959,-1,1919,-2.0
1620,insert,1625,-1,1920,-2.0
1621,insert,2625,-1,1921,-2.0
1622,insert,1166,-1,1922,-2.0
1623,insert,1208,-1,1923,-2.0
1624,insert,1709,-1,1924,-2.0
1625,insert,1250,-1,1925,-2.0
1626,insert,708,-1,1926,-2.0
1627,insert,959,-1,1927,-2.0
1628,insert,1541,-1,1928,-2.0
1629,insert,1209,-1,1929,-2.0
1630,insert,916,-1,1930,-2.0
1631,insert,1417,-1,1931,-2.0
1632,insert,1250,-1,1932,-2.0
1633,insert,1084,-1,1933,-2.0
1634,insert,708,-1,1934,-2.0
1635,insert,1291,-1,1935,-2.0
1636,insert,1375,-1,1936,-2.0
1637,insert,2417,-1,1937,-2.0
1638,insert,1875,-1,1938,-2.0
1639,insert,833,-1,1939,-2.0
1640,insert,1000,-1,1940,-2.0
1641,insert,1125,-1,1941,-2.0
1642,insert,2375,-1,1942,-2.0
1643,insert,708,-1,1943,-2.0
1644,insert,1792,-1,1944,-2.0
1645,insert,1000,-1,1945,-2.0
1646,insert,1125,-1,1946,-2.0
1647,insert,2667,-1,1947,-2.0
1648,insert,2750,-1,1948,-2.0
1649,insert,1958,-1,1949,-2.0
1650,insert,1334,-1,1950,-2.0
1651,insert,1458,-1,1951,-2.0
1652,insert,917,-1,1952,-2.0
1653,insert,1917,-1,1953,-2.0
1654,insert,2416,-1,1954,-2.0
1655,insert,2417,-1,1955,-2.0
1656,insert,2250,-1,1956,-2.0
1657,insert,2167,-1,1957,-2.0
1658,insert,2417,-1,1958,-2.0
1659,insert,791,-1,1959,-2.0
1660,insert,1834,-1,1960,-2.0
1661,insert,500,-1,1961,-2.0
1662,insert,2292,-1,1962,-2.0
1663,insert,1458,-1,1963,-2.0
1664,insert,2333,-1,1964,-2.0
1665,insert,2291,-1,1965,-2.0
1666,insert,1250,-1,1966,-2.0
1667,insert,541,-1,1967,-2.0
1668,insert,2917,-1,1968,-2.0
1669,insert,2083,-1,1969,-2.0
1670,insert,375,-1,1970,-2.0
1671,insert,1375,-1,1971,-2.0
1672,insert,1625,-1,1972,-2.0
1673,insert,1083,-1,1973,-2.0
1674,insert,2250,-1,1974,-2.0
1675,insert,1375,-1,1975,-2.0
1676,insert,1500,-1,1976,-2.0
1677,insert,2042,-1,1977,-2.0
1678,insert,1833,-1,1978,-2.0
1679,insert,2208,-1,1979,-2.0
1680,insert,1625,-1,1980,-2.0
1681,insert,1584,-1,1981,-2.0
1682,insert,1000,-1,1982,-2.0
1683,insert,916,-1,1983,-2.0
1684,insert,834,-1,1984,-2.0
1685,insert,1958,-1,1985,-2.0
1686,insert,1792,-1,1986,-2.0
1687,insert,1291,-1,1987,-2.0
1688,insert,1959,-1,1988,-2.0
1689,insert,1166,-1,1989,-2.0
1690,insert,1375,-1,1990,-2.0
1691,insert,1833,-1,1991,-2.0
1692,insert,1958,-1,1992,-2.0
1693,insert,1708,-1,1993,-2.0
1694,insert,1458,-1,1994,-2.0
1695,insert,1625,-1,1995,-2.0
1696,insert,1333,-1,1996,-2.0
1697,insert,1459,-1,1997,-2.0
1698,insert,1375,-1,1998,-2.0
1699,insert,1333,-1,1999,-2.0
1700,insert,1792,-1,2000,-2.0
1701,insert,1375,-1,2001,-2.0
1702,insert,833,-1,2002,-2.0
1703,insert,1416,-1,2003,-2.0
1704,insert,1375,-1,2004,-2.0
1705,insert,1708,-1,2005,-2.0
1706,insert,1625,-1,2006,-2.0
1707,insert,1417,-1,2007,-2.0
1708,insert,2542,-1,2008,-2.0
1709,insert,1417,-1,2009,-2.0
1710,insert,1042,-1,2010,-2.0
1711,insert,2250,-1,2011,-2.0
1712,insert,2458,-1,2012,-2.0
1713,insert,2042,-1,2013,-2.0
1714,insert,1791,-1,2014,-2.0
1715,insert,1292,-1,2015,-2.0
1716,insert,1750,-1,2016,-2.0
1717,insert,1917,-1,2017,-2.0
1718,insert,1000,-1,2018,-2.0
1719,insert,1625,-1,2019,-2.0
1720,insert,1166,-1,2020,-2.0
1721,insert,1000,-1,2021,-2.0
1722,insert,1792,-1,2022,-2.0
1723,insert,1292,-1,2023,-2.0
1724,insert,1916,-1,2024,-2.0
1725,insert,667,-1,2025,-2.0
1726,insert,1375,-1,2026,-2.0
1727,insert,1666,-1,2027,-2.0
1728,insert,1167,-1,2028,-2.0
1729,insert,1208,-1,2029,-2.0
1730,insert,1667,-1,2030,-2.0
1731,insert,2500,-1,2031,-2.0
1732,insert,750,-1,2032,-2.0
1733,insert,917,-1,2033,-2.0
1734,insert,792,-1,2034,-2.0
1735,insert,750,-1,2035,-2.0
1736,insert,791,-1,2036,-2.0
1737,insert,1167,-1,2037,-2.0
1738,insert,1167,-1,2038,-2.0
1739,insert,917,-1,2039,-2.0
1740,insert,1958,-1,2040,-2.0
1741,insert,3292,-1,2041,-2.0
1742,insert,1875,-1,2042,-2.0
1743,insert,1000,-1,2043,-2.0
1744,insert,2708,-1,2044,-2.0
1745,insert,2334,-1,2045,-2.0
1746,insert,1208,-1,2046,-2.0
1747,insert,3292,-1,2047,-2.0
1748,insert,2583,-1,2048,-2.0
1749,insert,6209,-1,2049,-2.0
1750,insert,1084,-1,2050,-2.0
1751,insert,2541,-1,2051,-2.0
1752,insert,1833,-1,2052,-2.0
1753,insert,1709,-1,2053,-2.0
1754,insert,1291,-1,2054,-2.0
1755,insert,1834,-1,2055,-2.0
1756,insert,2250,-1,2056,-2.0
1757,insert,1500,-1,2057,-2.0
1758,insert,2208,-1,2058,-2.0
1759,insert,2167,-1,2059,-2.0
1760,insert,1667,-1,2060,-2.0
1761,insert,875,-1,2061,-2.0
1762,insert,625,-1,2062,-2.0
1763,insert,2583,-1,2063,-2.0
1764,insert,1500,-1,2064,-2.0
1765,insert,2292,-1,2065,-2.0
1766,insert,958,-1,2066,-2.0
1767,insert,1916,-1,2067,-2.0
1768,insert,2291,-1,2068,-2.0
1769,insert,2084,-1,2069,-2.0
1770,insert,1333,-1,2070,-2.0
1771,insert,1542,-1,2071,-2.0
1772,insert,2083,-1,2072,-2.0
1773,insert,1959,-1,2073,-2.0
1774,insert,750,-1,2074,-2.0
1775,insert,2000,-1,2075,-2.0
1776,insert,1958,-1,2076,-2.0
1777,insert,2459,-1,2077,-2.0
1778,insert,792,-1,2078,-2.0
1779,insert,1750,-1,2079,-2.0
1780,insert,1000,-1,2080,-2.0
1781,insert,2041,-1,2081,-2.0
1782,insert,1250,-1,2082,-2.0
1783,insert,1708,-1,2083,-2.0
1784,insert,1209,-1,2084,-2.0
1785,insert,708,-1,2085,-2.0
1786,insert,1167,-1,2086,-2.0
1787,insert,1791,-1,2087,-2.0
1788,insert,1458,-1,2088,-2.0
1789,insert,1625,-1,2089,-2.0
1790,insert,1250,-1,2090,-2.0
1791,insert,1166,-1,2091,-2.0
1792,insert,1208,-1,2092,-2.0
1793,insert,1042,-1,2093,-2.0
1794,insert,1083,-1,2094,-2.0
1795,insert,1750,-1,2095,-2.0
1796,insert,1875,-1,2096,-2.0
1797,insert,2416,-1,2097,-2.0
1798,insert,2708,-1,2098,-2.0
1799,insert,2125,-1,2099,-2.0
1800,insert,2042,1580334,2100,1.0
1801,insert,3000,-1,2101,-2.0
1802,insert,2083,-1,2102,-2.0
1803,insert,1916,-1,2103,-2.0
1804,insert,1875,-1,2104,-2.0
1805,insert,1917,-1,2105,-2.0
1806,insert,1916,-1,2106,-2.0
1807,insert,1875,-1,2107,-2.0
1808,insert,2000,-1,2108,-2.0
1809,insert,1875,-1,2109,-2.0
1810,insert,2000,-1,2110,-2.0
1811,insert,2125,-1,2111,-2.0
1812,insert,2125,-1,2112,-2.0
1813,insert,2208,-1,2113,-2.0
1814,insert,2125,-1,2114,-2.0
1815,insert,2042,-1,2115,-2.0
1816,insert,2000,-1,2116,-2.0
1817,insert,2250,-1,2117,-2.0
1818,insert,2125,-1,2118,-2.0
1819,insert,2042,-1,2119,-2.0
1820,insert,2000,-1,2120,-2.0
1821,insert,2000,-1,2121,-2.0
1822,insert,2000,-1,2122,-2.0
1823,insert,2333,-1,2123,-2.0
1824,insert,2209,-1,2124,-2.0
1825,insert,2041,-1,2125,-2.0
1826,insert,2291,-1,2126,-2.0
1827,insert,2084,-1,2127,-2.0
1828,insert,2083,-1,2128,-2.0
1829,insert,2083,-1,2129,-2.0
1830,insert,2084,-1,2130,-2.0
1831,insert,2083,-1,2131,-2.0
1832,insert,2083,-1,2132,-2.0
1833,insert,2167,-1,2133,-2.0
1834,insert,2125,-1,2134,-2.0
1835,insert,2041,-1,2135,-2.0
1836,insert,2125,-1,2136,-2.0
1837,insert,2167,-1,2137,-2.0
1838,insert,2166,-1,2138,-2.0
1839,insert,2375,-1,2139,-2.0
1840,insert,2333,-1,2140,-2.0
1841,insert,2208,-1,2141,-2.0
1842,insert,2792,-1,2142,-2.0
1843,insert,1792,-1,2143,-2.0
1844,insert,2625,-1,2144,-2.0
1845,insert,1958,-1,2145,-2.0
1846,insert,2125,-1,2146,-2.0
1847,insert,2750,-1,2147,-2.0
1848,insert,1958,-1,2148,-2.0
1849,insert,2500,-1,2149,-2.0
1850,insert,2250,-1,2150,-2.0
1851,insert,2125,-1,2151,-2.0
1852,insert,1917,-1,2152,-2.0
1853,insert,2083,-1,2153,-2.0
1854,insert,1000,-1,2154,-2.0
1855,insert,2709,-1,2155,-2.0
1856,insert,2166,-1,2156,-2.0
1857,insert,1625,-1,2157,-2.0
1858,insert,875,-1,2158,-2.0
1859,insert,2334,-1,2159,-2.0
1860,insert,2625,-1,2160,-2.0
1861,insert,2667,-1,2161,-2.0
1862,insert,1583,-1,2162,-2.0
1863,insert,1083,-1,2163,-2.0
1864,insert,2250,-1,2164,-2.0
1865,insert,2292,-1,2165,-2.0
1866,insert,2000,-1,2166,-2.0
1867,insert,1209,-1,2167,-2.0
1868,insert,1458,-1,2168,-2.0
1869,insert,2708,-1,2169,-2.0
1870,insert,2208,-1,2170,-2.0
1871,insert,2542,-1,2171,-2.0
1872,insert,1958,-1,2172,-2.0
1873,insert,2375,-1,2173,-2.0
1874,insert,2042,-1,2174,-2.0
1875,insert,2166,-1,2175,-2.0
1876,insert,1917,-1,2176,-2.0
1877,insert,2000,-1,2177,-2.0
1878,insert,1959,-1,2178,-2.0
1879,insert,2000,-1,2179,-2.0
1880,insert,1167,-1,2180,-2.0
1881,insert,2916,-1,2181,-2.0
1882,insert,833,-1,2182,-2.0
1883,insert,3084,-1,2183,-2.0
1884,insert,1833,-1,2184,-2.0
1885,insert,2209,-1,2185,-2.0
1886,insert,2333,-1,2186,-2.0
1887,insert,2625,-1,2187,-2.0
1888,insert,2791,-1,2188,-2.0
1889,insert,1750,-1,2189,-2.0
1890,insert,1000,-1,2190,-2.0
1891,insert,2583,-1,2191,-2.0
1892,insert,1333,-1,2192,-2.0
1893,insert,1833,-1,2193,-2.0
1894,insert,1750,-1,2194,-2.0
1895,insert,1750,-1,2195,-2.0
1896,insert,1667,-1,2196,-2.0
1897,insert,1167,-1,2197,-2.0
1898,insert,3416,-1,2198,-2.0
1899,insert,1500,-1,2199,-2.0
1900,insert,1584,-1,2200,-2.0
1901,insert,2958,-1,2201,-2.0
1902,insert,2375,-1,2202,-2.0
1903,insert,2458,-1,2203,-2.0
1904,insert,2084,-1,2204,-2.0
1905,insert,1916,-1,2205,-2.0
1906,insert,1959,-1,2206,-2.0
1907,insert,1958,-1,2207,-2.0
1908,insert,1917,-1,2208,-2.0
1909,insert,1500,-1,2209,-2.0
1910,insert,1834,-1,2210,-2.0
1911,insert,1458,-1,2211,-2.0
1912,insert,2833,-1,2212,-2.0
1913,insert,1792,-1,2213,-2.0
1914,insert,2250,-1,2214,-2.0
1915,insert,1166,-1,2215,-2.0
1916,insert,1542,-1,2216,-2.0
1917,insert,2542,-1,2217,-2.0
1918,insert,1958,-1,2218,-2.0
1919,insert,959,-1,2219,-2.0
1920,insert,708,-1,2220,-2.0
1921,insert,1583,-1,2221,-2.0
1922,insert,2292,-1,2222,-2.0
1923,insert,3083,-1,2223,-2.0
1924,insert,2875,-1,2224,-2.0
1925,insert,2708,-1,2225,-2.0
1926,insert,2125,-1,2226,-2.0
1927,insert,2334,-1,2227,-2.0
1928,insert,1125,-1,2228,-2.0
1929,insert,1375,-1,2229,-2.0
1930,insert,1375,-1,2230,-2.0
1931,insert,2625,-1,2231,-2.0
1932,insert,1500,-1,2232,-2.0
1933,insert,1667,-1,2233,-2.0
1934,insert,2292,-1,2234,-2.0
1935,insert,2375,-1,2235,-2.0
1936,insert,1416,-1,2236,-2.0
1937,insert,1375,-1,2237,-2.0
1938,insert,375,-1,2238,-2.0
1939,insert,1708,-1,2239,-2.0
1940,insert,3083,-1,2240,-2.0
1941,insert,2792,-1,2241,-2.0
1942,insert,2292,-1,2242,-2.0
1943,insert,2458,-1,2243,-2.0
1944,insert,2583,-1,2244,-2.0
1945,insert,2625,-1,2245,-2.0
1946,insert,2667,-1,2246,-2.0
1947,insert,2208,-1,2247,-2.0
1948,insert,2250,-1,2248,-2.0
1949,insert,2042,-1,2249,-2.0
1950,insert,2000,-1,2250,-2.0
1951,insert,2083,-1,2251,-2.0
1952,insert,2208,-1,2252,-2.0
1953,insert,2042,-1,2253,-2.0
1954,insert,2042,-1,2254,-2.0
1955,insert,2209,-1,2255,-2.0
1956,insert,2541,-1,2256,-2.0
1957,insert,2083,-1,2257,-2.0
1958,insert,2458,-1,2258,-2.0
1959,insert,2125,-1,2259,-2.0
1960,insert,2291,-1,2260,-2.0
1961,insert,2417,-1,2261,-2.0
1962,insert,2083,-1,2262,-2.0
1963,insert,2125,-1,2263,-2.0
1964,insert,2083,-1,2264,-2.0
1965,insert,2542,-1,2265,-2.0
1966,insert,2500,-1,2266,-2.0
1967,insert,1625,-1,2267,-2.0
1968,insert,2000,-1,2268,-2.0
1969,insert,1125,-1,2269,-2.0
1970,insert,2750,-1,2270,-2.0
1971,insert,2875,-1,2271,-2.0
1972,insert,2667,-1,2272,-2.0
1973,insert,2459,-1,2273,-2.0
1974,insert,1250,-1,2274,-2.0
1975,insert,1041,-1,2275,-2.0
1976,insert,1708,-1,2276,-2.0
1977,insert,1709,-1,2277,-2.0
1978,insert,3083,-1,2278,-2.0
1979,insert,2625,-1,2279,-2.0
1980,insert,1167,-1,2280,-2.0
1981,insert,2458,-1,2281,-2.0
1982,insert,834,-1,2282,-2.0
1983,insert,1958,-1,2283,-2.0
1984,insert,1583,-1,2284,-2.0
1985,insert,1584,-1,2285,-2.0
1986,insert,2875,-1,2286,-2.0
1987,insert,2458,-1,2287,-2.0
1988,insert,1458,-1,2288,-2.0
1989,insert,1417,-1,2289,-2.0
1990,insert,3667,-1,2290,-2.0
1991,insert,1875,-1,2291,-2.0
1992,insert,3208,-1,2292,-2.0
1993,insert,1166,-1,2293,-2.0
1994,insert,2125,-1,2294,-2.0
1995,insert,1083,-1,2295,-2.0
1996,insert,875,-1,2296,-2.0
1997,insert,750,-1,2297,-2.0
1998,insert,1208,-1,2298,-2.0
1999,insert,1917,-1,2299,-2.0
2000,insert,1083,-1,2300,-2.0
2001,insert,1584,-1,2301,-2.0
2002,insert,2583,-1,2302,-2.0
2003,insert,1500,-1,2303,-2.0
2004,insert,1041,-1,2304,-2.0
2005,insert,1667,-1,2305,-2.0
2006,insert,3625,-1,2306,-2.0
2007,insert,1959,-1,2307,-2.0
2008,insert,2209,-1,2308,-2.0
2009,insert,2667,-1,2309,-2.0
2010,insert,1916,-1,2310,-2.0
2011,insert,959,-1,2311,-2.0
2012,insert,1708,-1,2312,-2.0
2013,insert,1750,-1,2313,-2.0
2014,insert,1917,-1,2314,-2.0
2015,insert,2166,-1,2315,-2.0
2016,insert,2917,-1,2316,-2.0
2017,insert,2333,-1,2317,-2.0
2018,insert,1959,-1,2318,-2.0
2019,insert,1375,-1,2319,-2.0
2020,insert,1166,-1,2320,-2.0
2021,insert,1125,-1,2321,-2.0
2022,insert,1667,-1,2322,-2.0
2023,insert,1167,-1,2323,-2.0
2024,insert,3208,-1,2324,-2.0
2025,insert,1542,-1,2325,-2.0
2026,insert,1166,-1,2326,-2.0
2027,insert,1750,-1,2327,-2.0
2028,insert,2584,-1,2328,-2.0
2029,insert,2333,-1,2329,-2.0
2030,insert,2208,-1,2330,-2.0
2031,insert,1042,-1,2331,-2.0
2032,insert,2792,-1,2332,-2.0
2033,insert,1500,-1,2333,-2.0
2034,insert,958,-1,2334,-2.0
2035,insert,917,-1,2335,-2.0
2036,insert,2416,-1,2336,-2.0
2037,insert,1916,-1,2337,-2.0
2038,insert,2125,-1,2338,-2.0
2039,insert,3042,-1,2339,-2.0
2040,insert,458,-1,2340,-2.0
2041,insert,1750,-1,2341,-2.0
2042,insert,1917,-1,2342,-2.0
2043,insert,2334,-1,2343,-2.0
2044,insert,2250,-1,2344,-2.0
2045,insert,458,-1,2345,-2.0
2046,insert,2875,-1,2346,-2.0
2047,insert,1500,-1,2347,-2.0
2048,insert,834,-1,2348,-2.0
2049,insert,1625,-1,2349,-2.0
2050,insert,1958,-1,2350,-2.0
2051,insert,875,-1,2351,-2.0
2052,insert,1375,-1,2352,-2.0
2053,insert,1417,-1,2353,-2.0
2054,insert,1083,-1,2354,-2.0
2055,insert,2916,-1,2355,-2.0
2056,insert,3334,-1,2356,-2.0
2057,insert,3000,-1,2357,-2.0
2058,insert,3083,-1,2358,-2.0
2059,insert,1708,-1,2359,-2.0
2060,insert,2084,-1,2360,-2.0
2061,insert,1583,-1,2361,-2.0
2062,insert,2375,-1,2362,-2.0
2063,insert,750,-1,2363,-2.0
2064,insert,2041,-1,2364,-2.0
2065,insert,4459,-1,2365,-2.0
2066,insert,1791,-1,2366,-2.0
2067,insert,1584,-1,2367,-2.0
2068,insert,2875,-1,2368,-2.0
2069,insert,1083,-1,2369,-2.0
2070,insert,875,-1,2370,-2.0
2071,insert,1458,-1,2371,-2.0
2072,insert,709,-1,2372,-2.0
2073,insert,2875,-1,2373,-2.0
2074,insert,1792,-1,2374,-2.0
2075,insert,1708,-1,2375,-2.0
2076,insert,1917,-1,2376,-2.0
2077,insert,2125,-1,2377,-2.0
2078,insert,1792,-1,2378,-2.0
2079,insert,1084,-1,2379,-2.0
2080,insert,875,-1,2380,-2.0
2081,insert,958,-1,2381,-2.0
2082,insert,1292,-1,2382,-2.0
2083,insert,1917,-1,2383,-2.0
2084,insert,1417,-1,2384,-2.0
2085,insert,1000,-1,2385,-2.0
2086,insert,1833,-1,2386,-2.0
2087,insert,2750,-1,2387,-2.0
2088,insert,2125,-1,2388,-2.0
2089,insert,3250,-1,2389,-2.0
2090,insert,1125,-1,2390,-2.0
2091,insert,833,-1,2391,-2.0
2092,insert,2167,-1,2392,-2.0
2093,insert,1417,-1,2393,-2.0
2094,insert,1750,-1,2394,-2.0
2095,insert,1542,-1,2395,-2.0
2096,insert,833,-1,2396,-2.0
2097,insert,2000,-1,2397,-2.0
2098,insert,2333,-1,2398,-2.0
2099,insert,2791,-1,2399,-2.0
2100,insert,1583,2000875,2400,1.0
2101,insert,2375,-1,2401,-2.0
2102,insert,4584,-1,2402,-2.0
2103,insert,1209,-1,2403,-2.0
2104,insert,1834,-1,2404,-2.0
2105,insert,1000,-1,2405,-2.0
2106,insert,1750,-1,2406,-2.0
2107,insert,1250,-1,2407,-2.0
2108,insert,2709,-1,2408,-2.0
2109,insert,1958,-1,2409,-2.0
2110,insert,1834,-1,2410,-2.0
2111,insert,833,-1,2411,-2.0
2112,insert,1708,-1,2412,-2.0
2113,insert,1500,-1,2413,-2.0
2114,insert,1417,-1,2414,-2.0
2115,insert,916,-1,2415,-2.0
2116,insert,2292,-1,2416,-2.0
2117,insert,1500,-1,2417,-2.0
2118,insert,3834,-1,2418,-2.0
2119,insert,1208,-1,2419,-2.0
2120,insert,2459,-1,2420,-2.0
2121,insert,2125,-1,2421,-2.0
2122,insert,2209,-1,2422,-2.0
2123,insert,2708,-1,2423,-2.0
2124,insert,3375,-1,2424,-2.0
2125,insert,2792,-1,2425,-2.0
2126,insert,1791,-1,2426,-2.0
2127,insert,1917,-1,2427,-2.0
2128,insert,2833,-1,2428,-2.0
2129,insert,917,-1,2429,-2.0
2130,insert,1125,-1,2430,-2.0
2131,insert,1792,-1,2431,-2.0
2132,insert,625,-1,2432,-2.0
2133,insert,1583,-1,2433,-2.0
2134,insert,1041,-1,2434,-2.0
2135,insert,1875,-1,2435,-2.0
2136,insert,500,-1,2436,-2.0
2137,insert,1167,-1,2437,-2.0
2138,insert,3167,-1,2438,-2.0
2139,insert,1833,-1,2439,-2.0
2140,insert,2583,-1,2440,-2.0
2141,insert,708,-1,2441,-2.0
2142,insert,875,-1,2442,-2.0
2143,insert,1916,-1,2443,-2.0
2144,insert,2334,-1,2444,-2.0
2145,insert,2250,-1,2445,-2.0
2146,insert,2083,-1,2446,-2.0
2147,insert,1792,-1,2447,-2.0
2148,insert,3167,-1,2448,-2.0
2149,insert,2625,-1,2449,-2.0
2150,insert,2583,-1,2450,-2.0
2151,insert,1500,-1,2451,-2.0
2152,insert,2042,-1,2452,-2.0
2153,insert,1333,-1,2453,-2.0
2154,insert,1792,-1,2454,-2.0
2155,insert,3041,-1,2455,-2.0
2156,insert,2583,-1,2456,-2.0
2157,insert,2834,-1,2457,-2.0
2158,insert,2708,-1,2458,-2.0
2159,insert,2167,-1,2459,-2.0
2160,insert,2542,-1,2460,-2.0
2161,insert,2458,-1,2461,-2.0
2162,insert,2250,-1,2462,-2.0
2163,insert,2958,-1,2463,-2.0
2164,insert,1958,-1,2464,-2.0
2165,insert,1959,-1,2465,-2.0
2166,insert,2208,-1,2466,-2.0
2167,insert,2917,-1,2467,-2.0
2168,insert,1458,-1,2468,-2.0
2169,insert,2583,-1,2469,-2.0
2170,insert,1125,-1,2470,-2.0
2171,insert,875,-1,2471,-2.0
2172,insert,625,-1,2472,-2.0
2173,insert,1458,-1,2473,-2.0
2174,insert,2917,-1,2474,-2.0
2175,insert,1542,-1,2475,-2.0
2176,insert,1792,-1,2476,-2.0
2177,insert,1625,-1,2477,-2.0
2178,insert,833,-1,2478,-2.0
2179,insert,2209,-1,2479,-2.0
2180,insert,1958,-1,2480,-2.0
2181,insert,2000,-1,2481,-2.0
2182,insert,2417,-1,2482,-2.0
2183,insert,1959,-1,2483,-2.0
2184,insert,3792,-1,2484,-2.0
2185,insert,2958,-1,2485,-2.0
2186,insert,1250,-1,2486,-2.0
2187,insert,2917,-1,2487,-2.0
2188,insert,2167,-1,2488,-2.0
2189,insert,3208,-1,2489,-2.0
2190,insert,1709,-1,2490,-2.0
2191,insert,3041,-1,2491,-2.0
2192,insert,1625,-1,2492,-2.0
2193,insert,584,-1,2493,-2.0
2194,insert,1500,-1,2494,-2.0
2195,insert,3333,-1,2495,-2.0
2196,insert,3167,-1,2496,-2.0
2197,insert,1000,-1,2497,-2.0
2198,insert,375,-1,2498,-2.0
2199,insert,1917,-1,2499,-2.0
2200,insert,666,-1,2500,-2.0
2201,insert,2625,-1,2501,-2.0
2202,insert,1500,-1,2502,-2.0
2203,insert,1875,-1,2503,-2.0
2204,insert,2791,-1,2504,-2.0
2205,insert,2792,-1,2505,-2.0
2206,insert,2208,-1,2506,-2.0
2207,insert,1000,-1,2507,-2.0
2208,insert,1792,-1,2508,-2.0
2209,insert,292,-1,2509,-2.0
2210,insert,1708,-1,2510,-2.0
2211,insert,3292,-1,2511,-2.0
2212,insert,667,-1,2512,-2.0
2213,insert,3083,-1,2513,-2.0
2214,insert,2542,-1,2514,-2.0
2215,insert,1625,-1,2515,-2.0
2216,insert,1792,-1,2516,-2.0
2217,insert,1625,-1,2517,-2.0
2218,insert,1875,-1,2518,-2.0
2219,insert,1125,-1,2519,-2.0
2220,insert,2125,-1,2520,-2.0
2221,insert,1750,-1,2521,-2.0
2222,insert,1000,-1,2522,-2.0
2223,insert,1833,-1,2523,-2.0
2224,insert,2500,-1,2524,-2.0
2225,insert,750,-1,2525,-2.0
2226,insert,1500,-1,2526,-2.0
2227,insert,2625,-1,2527,-2.0
2228,insert,2791,-1,2528,-2.0
2229,insert,1625,-1,2529,-2.0
2230,insert,1292,-1,2530,-2.0
2231,insert,3417,-1,2531,-2.0
2232,insert,2292,-1,2532,-2.0
2233,insert,4208,-1,2533,-2.0
2234,insert,2708,-1,2534,-2.0
2235,insert,2167,-1,2535,-2.0
2236,insert,1958,-1,2536,-2.0
2237,insert,1750,-1,2537,-2.0
2238,insert,1750,-1,2538,-2.0
2239,insert,2125,-1,2539,-2.0
2240,insert,792,-1,2540,-2.0
2241,insert,1667,-1,2541,-2.0
2242,insert,1791,-1,2542,-2.0
2243,insert,1833,-1,2543,-2.0
2244,insert,2167,-1,2544,-2.0
2245,insert,1667,-1,2545,-2.0
2246,insert,917,-1,2546,-2.0
2247,insert,1666,-1,2547,-2.0
2248,insert,1709,-1,2548,-2.0
2249,insert,2125,-1,2549,-2.0
2250,insert,1542,-1,2550,-2.0
2251,insert,2000,-1,2551,-2.0
2252,insert,1166,-1,2552,-2.0
2253,insert,2334,-1,2553,-2.0
2254,insert,1916,-1,2554,-2.0
2255,insert,2000,-1,2555,-2.0
2256,insert,1542,-1,2556,-2.0
2257,insert,791,-1,2557,-2.0
2258,insert,1834,-1,2558,-2.0
2259,insert,1375,-1,2559,-2.0
2260,insert,1375,-1,2560,-2.0
2261,insert,1583,-1,2561,-2.0
2262,insert,1167,-1,2562,-2.0
2263,insert,2208,-1,2563,-2.0
2264,insert,2792,-1,2564,-2.0
2265,insert,958,-1,2565,-2.0
2266,insert,1584,-1,2566,-2.0
2267,insert,2750,-1,2567,-2.0
2268,insert,2416,-1,2568,-2.0
2269,insert,2000,-1,2569,-2.0
2270,insert,1875,-1,2570,-2.0
2271,insert,1917,-1,2571,-2.0
2272,insert,1416,-1,2572,-2.0
2273,insert,2459,-1,2573,-2.0
2274,insert,2208,-1,2574,-2.0
2275,insert,1875,-1,2575,-2.0
2276,insert,2083,-1,2576,-2.0
2277,insert,1083,-1,2577,-2.0
2278,insert,2459,-1,2578,-2.0
2279,insert,2208,-1,2579,-2.0
2280,insert,875,-1,2580,-2.0
2281,insert,1792,-1,2581,-2.0
2282,insert,1208,-1,2582,-2.0
2283,insert,2459,-1,2583,-2.0
2284,insert,1166,-1,2584,-2.0
2285,insert,2375,-1,2585,-2.0
2286,insert,1166,-1,2586,-2.0
2287,insert,2375,-1,2587,-2.0
2288,insert,1375,-1,2588,-2.0
2289,insert,2083,-1,2589,-2.0
2290,insert,1084,-1,2590,-2.0
2291,insert,1916,-1,2591,-2.0
2292,insert,2250,-1,2592,-2.0
2293,insert,1792,-1,2593,-2.0
2294,insert,2125,-1,2594,-2.0
2295,insert,834,-1,2595,-2.0
2296,insert,1375,-1,2596,-2.0
2297,insert,1666,-1,2597,-2.0
2298,insert,1292,-1,2598,-2.0
2299,insert,3541,-1,2599,-2.0
2300,insert,2792,-1,2600,-2.0
2301,insert,917,-1,2601,-2.0
2302,insert,2416,-1,2602,-2.0
2303,insert,1958,-1,2603,-2.0
2304,insert,3125,-1,2604,-2.0
2305,insert,1125,-1,2605,-2.0
2306,insert,2917,-1,2606,-2.0
2307,insert,1250,-1,2607,-2.0
2308,insert,2250,-1,2608,-2.0
2309,insert,1709,-1,2609,-2.0
2310,insert,1666,-1,2610,-2.0
2311,insert,1708,-1,2611,-2.0
2312,insert,3333,-1,2612,-2.0
2313,insert,1167,-1,2613,-2.0
2314,insert,2042,-1,2614,-2.0
2315,insert,1916,-1,2615,-2.0
2316,insert,2292,-1,2616,-2.0
2317,insert,1417,-1,2617,-2.0
2318,insert,1291,-1,2618,-2.0
2319,insert,709,-1,2619,-2.0
2320,insert,2250,-1,2620,-2.0
2321,insert,3541,-1,2621,-2.0
2322,insert,2292,-1,2622,-2.0
2323,insert,1833,-1,2623,-2.0
2324,insert,1084,-1,2624,-2.0
2325,insert,1583,-1,2625,-2.0
2326,insert,1625,-1,2626,-2.0
2327,insert,1042,-1,2627,-2.0
2328,insert,1916,-1,2628,-2.0
2329,insert,1750,-1,2629,-2.0
2330,insert,1708,-1,2630,-2.0
2331,insert,4250,-1,2631,-2.0
2332,insert,1417,-1,2632,-2.0
2333,insert,2667,-1,2633,-2.0
2334,insert,1959,-1,2634,-2.0
2335,insert,3291,-1,2635,-2.0
2336,insert,1792,-1,2636,-2.0
2337,insert,2750,-1,2637,-2.0
2338,insert,2333,-1,2638,-2.0
2339,insert,4417,-1,2639,-2.0
2340,insert,1833,-1,2640,-2.0
2341,insert,2250,-1,2641,-2.0
2342,insert,1875,-1,2642,-2.0
2343,insert,1042,-1,2643,-2.0
2344,insert,1583,-1,2644,-2.0
2345,insert,2834,-1,2645,-2.0
2346,insert,2083,-1,2646,-2.0
2347,insert,2500,-1,2647,-2.0
2348,insert,3208,-1,2648,-2.0
2349,insert,2875,-1,2649,-2.0
2350,insert,1875,-1,2650,-2.0
2351,insert,1542,-1,2651,-2.0
2352,insert,1500,-1,2652,-2.0
2353,insert,2208,-1,2653,-2.0
2354,insert,1500,-1,2654,-2.0
2355,insert,1250,-1,2655,-2.0
2356,insert,875,-1,2656,-2.0
2357,insert,2375,-1,2657,-2.0
2358,insert,2792,-1,2658,-2.0
2359,insert,2208,-1,2659,-2.0
2360,insert,3000,-1,2660,-2.0
2361,insert,1583,-1,2661,-2.0
2362,insert,2084,-1,2662,-2.0
2363,insert,2791,-1,2663,-2.0
2364,insert,2084,-1,2664,-2.0
2365,insert,2000,-1,2665,-2.0
2366,insert,2250,-1,2666,-2.0
2367,insert,2958,-1,2667,-2.0
2368,insert,3000,-1,2668,-2.0
2369,insert,3000,-1,2669,-2.0
2370,insert,1708,-1,2670,-2.0
2371,insert,1959,-1,2671,-2.0
2372,insert,1000,-1,2672,-2.0
2373,insert,3208,-1,2673,-2.0
2374,insert,1792,-1,2674,-2.0
2375,insert,1792,-1,2675,-2.0
2376,insert,2000,-1,2676,-2.0
2377,insert,1125,-1,2677,-2.0
2378,insert,959,-1,2678,-2.0
2379,insert,3291,-1,2679,-2.0
2380,insert,1084,-1,2680,-2.0
2381,insert,833,-1,2681,-2.0
2382,insert,1375,-1,2682,-2.0
2383,insert,1041,-1,2683,-2.0
2384,insert,1209,-1,2684,-2.0
2385,insert,2166,-1,2685,-2.0
2386,insert,834,-1,2686,-2.0
2387,insert,2000,-1,2687,-2.0
2388,insert,791,-1,2688,-2.0
2389,insert,1917,-1,2689,-2.0
2390,insert,1792,-1,2690,-2.0
2391,insert,1500,-1,2691,-2.0
2392,insert,1250,-1,2692,-2.0
2393,insert,1375,-1,2693,-2.0
2394,insert,2167,-1,2694,-2.0
2395,insert,1875,-1,2695,-2.0
2396,insert,1750,-1,2696,-2.0
2397,insert,2542,-1,2697,-2.0
2398,insert,4041,-1,2698,-2.0
2399,insert,2041,-1,2699,-2.0
2400,insert,1459,2371291,2700,1.0
2401,insert,3459,-1,2701,-2.0
2402,insert,2042,-1,2702,-2.0
2403,insert,1958,-1,2703,-2.0
2404,insert,1291,-1,2704,-2.0
2405,insert,1250,-1,2705,-2.0
2406,insert,2625,-1,2706,-2.0
2407,insert,2750,-1,2707,-2.0
2408,insert,1917,-1,2708,-2.0
2409,insert,2292,-1,2709,-2.0
2410,insert,2083,-1,2710,-2.0
2411,insert,1875,-1,2711,-2.0
2412,insert,2542,-1,2712,-2.0
2413,insert,2833,-1,2713,-2.0
2414,insert,1000,-1,2714,-2.0
2415,insert,625,-1,2715,-2.0
2416,insert,667,-1,2716,-2.0
2417,insert,542,-1,2717,-2.0
2418,insert,1958,-1,2718,-2.0
2419,insert,2042,-1,2719,-2.0
2420,insert,3333,-1,2720,-2.0
2421,insert,3083,-1,2721,-2.0
2422,insert,2542,-1,2722,-2.0
2423,insert,2917,-1,2723,-2.0
2424,insert,2458,-1,2724,-2.0
2425,insert,2417,-1,2725,-2.0
2426,insert,2541,-1,2726,-2.0
2427,insert,2375,-1,2727,-2.0
2428,insert,4000,-1,2728,-2.0
2429,insert,3292,-1,2729,-2.0
2430,insert,2958,-1,2730,-2.0
2431,insert,3167,-1,2731,-2.0
2432,insert,3084,-1,2732,-2.0
2433,insert,3417,-1,2733,-2.0
2434,insert,3000,-1,2734,-2.0
2435,insert,2959,-1,2735,-2.0
2436,insert,2750,-1,2736,-2.0
2437,insert,2583,-1,2737,-2.0
2438,insert,2000,-1,2738,-2.0
2439,insert,1792,-1,2739,-2.0
2440,insert,2417,-1,2740,-2.0
2441,insert,1375,-1,2741,-2.0
2442,insert,2458,-1,2742,-2.0
2443,insert,917,-1,2743,-2.0
2444,insert,2833,-1,2744,-2.0
2445,insert,1125,-1,2745,-2.0
2446,insert,2792,-1,2746,-2.0
2447,insert,2792,-1,2747,-2.0
2448,insert,2500,-1,2748,-2.0
2449,insert,2083,-1,2749,-2.0
2450,insert,2292,-1,2750,-2.0
2451,insert,2291,-1,2751,-2.0
2452,insert,1792,-1,2752,-2.0
2453,insert,1042,-1,2753,-2.0
2454,insert,1875,-1,2754,-2.0
2455,insert,2625,-1,2755,-2.0
2456,insert,2166,-1,2756,-2.0
2457,insert,1417,-1,2757,-2.0
2458,insert,750,-1,2758,-2.0
2459,insert,2208,-1,2759,-2.0
2460,insert,4042,-1,2760,-2.0
2461,insert,2375,-1,2761,-2.0
2462,insert,3750,-1,2762,-2.0
2463,insert,2000,-1,2763,-2.0
2464,insert,2708,-1,2764,-2.0
2465,insert,2125,-1,2765,-2.0
2466,insert,3291,-1,2766,-2.0
2467,insert,3000,-1,2767,-2.0
2468,insert,3208,-1,2768,-2.0
2469,insert,1292,-1,2769,-2.0
2470,insert,1417,-1,2770,-2.0
2471,insert,1041,-1,2771,-2.0
2472,insert,2542,-1,2772,-2.0
2473,insert,1375,-1,2773,-2.0
2474,insert,2041,-1,2774,-2.0
2475,insert,1209,-1,2775,-2.0
2476,insert,916,-1,2776,-2.0
2477,insert,875,-1,2777,-2.0
2478,insert,2875,-1,2778,-2.0
2479,insert,2208,-1,2779,-2.0
2480,insert,708,-1,2780,-2.0
2481,insert,1083,-1,2781,-2.0
2482,insert,2875,-1,2782,-2.0
2483,insert,1459,-1,2783,-2.0
2484,insert,2000,-1,2784,-2.0
2485,insert,2291,-1,2785,-2.0
2486,insert,2000,-1,2786,-2.0
2487,insert,959,-1,2787,-2.0
2488,insert,1708,-1,2788,-2.0
2489,insert,2375,-1,2789,-2.0
2490,insert,1959,-1,2790,-2.0
2491,insert,2666,-1,2791,-2.0
2492,insert,3667,-1,2792,-2.0
2493,insert,2667,-1,2793,-2.0
2494,insert,916,-1,2794,-2.0
2495,insert,2084,-1,2795,-2.0
2496,insert,1625,-1,2796,-2.0
2497,insert,2250,-1,2797,-2.0
2498,insert,1459,-1,2798,-2.0
2499,insert,2583,-1,2799,-2.0
2500,insert,2084,-1,2800,-2.0
2501,insert,2333,-1,2801,-2.0
2502,insert,1708,-1,2802,-2.0
2503,insert,2166,-1,2803,-2.0
2504,insert,3333,-1,2804,-2.0
2505,insert,3250,-1,2805,-2.0
2506,insert,2292,-1,2806,-2.0
2507,insert,2000,-1,2807,-2.0
2508,insert,1417,-1,2808,-2.0
2509,insert,2041,-1,2809,-2.0
2510,insert,2042,-1,2810,-2.0
2511,insert,2084,-1,2811,-2.0
2512,insert,1833,-1,2812,-2.0
2513,insert,1750,-1,2813,-2.0
2514,insert,2500,-1,2814,-2.0
2515,insert,1958,-1,2815,-2.0
2516,insert,334,-1,2816,-2.0
2517,insert,2583,-1,2817,-2.0
2518,insert,2250,-1,2818,-2.0
2519,insert,1125,-1,2819,-2.0
2520,insert,1833,-1,2820,-2.0
2521,insert,1875,-1,2821,-2.0
2522,insert,1709,-1,2822,-2.0
2523,insert,1916,-1,2823,-2.0
2524,insert,2042,-1,2824,-2.0
2525,insert,1875,-1,2825,-2.0
2526,insert,2708,-1,2826,-2.0
2527,insert,1667,-1,2827,-2.0
2528,insert,1292,-1,2828,-2.0
2529,insert,1083,-1,2829,-2.0
2530,insert,1625,-1,2830,-2.0
2531,insert,2709,-1,2831,-2.0
2532,insert,1916,-1,2832,-2.0
2533,insert,2084,-1,2833,-2.0
2534,insert,709,-1,2834,-2.0
2535,insert,2000,-1,2835,-2.0
2536,insert,1875,-1,2836,-2.0
2537,insert,1750,-1,2837,-2.0
2538,insert,1917,-1,2838,-2.0
2539,insert,2167,-1,2839,-2.0
2540,insert,1916,-1,2840,-2.0
2541,insert,2084,-1,2841,-2.0
2542,insert,2000,-1,2842,-2.0
2543,insert,4917,-1,2843,-2.0
2544,insert,3708,-1,2844,-2.0
2545,insert,1417,-1,2845,-2.0
2546,insert,2958,-1,2846,-2.0
2547,insert,3209,-1,2847,-2.0
2548,insert,2833,-1,2848,-2.0
2549,insert,2625,-1,2849,-2.0
2550,insert,2542,-1,2850,-2.0
2551,insert,1666,-1,2851,-2.0
2552,insert,2500,-1,2852,-2.0
2553,insert,2250,-1,2853,-2.0
2554,insert,3000,-1,2854,-2.0
2555,insert,958,-1,2855,-2.0
2556,insert,2292,-1,2856,-2.0
2557,insert,2792,-1,2857,-2.0
2558,insert,2000,-1,2858,-2.0
2559,insert,2375,-1,2859,-2.0
2560,insert,1875,-1,2860,-2.0
2561,insert,3584,-1,2861,-2.0
2562,insert,3500,-1,2862,-2.0
2563,insert,3041,-1,2863,-2.0
2564,insert,2500,-1,2864,-2.0
2565,insert,2750,-1,2865,-2.0
2566,insert,1000,-1,2866,-2.0
2567,insert,750,-1,2867,-2.0
2568,insert,3834,-1,2868,-2.0
2569,insert,1125,-1,2869,-2.0
2570,insert,2416,-1,2870,-2.0
2571,insert,1542,-1,2871,-2.0
2572,insert,2208,-1,2872,-2.0
2573,insert,4083,-1,2873,-2.0
2574,insert,2333,-1,2874,-2.0
2575,insert,1417,-1,2875,-2.0
2576,insert,2083,-1,2876,-2.0
2577,insert,2583,-1,2877,-2.0
2578,insert,2417,-1,2878,-2.0
2579,insert,10334,-1,2879,-2.0
2580,insert,2792,-1,2880,-2.0
2581,insert,2958,-1,2881,-2.0
2582,insert,2333,-1,2882,-2.0
2583,insert,1292,-1,2883,-2.0
2584,insert,3292,-1,2884,-2.0
2585,insert,1333,-1,2885,-2.0
2586,insert,1625,-1,2886,-2.0
2587,insert,1417,-1,2887,-2.0
2588,insert,1333,-1,2888,-2.0
2589,insert,2292,-1,2889,-2.0
2590,insert,1875,-1,2890,-2.0
2591,insert,2458,-1,2891,-2.0
2592,insert,2250,-1,2892,-2.0
2593,insert,2583,-1,2893,-2.0
2594,insert,2209,-1,2894,-2.0
2595,insert,1750,-1,2895,-2.0
2596,insert,3209,-1,2896,-2.0
2597,insert,2958,-1,2897,-2.0
2598,insert,2750,-1,2898,-2.0
2599,insert,2167,-1,2899,-2.0
2600,insert,1916,-1,2900,-2.0
2601,insert,1792,-1,2901,-2.0
2602,insert,1833,-1,2902,-2.0
2603,insert,2042,-1,2903,-2.0
2604,insert,2250,-1,2904,-2.0
2605,insert,2958,-1,2905,-2.0
2606,insert,2042,-1,2906,-2.0
2607,insert,3792,-1,2907,-2.0
2608,insert,3500,-1,2908,-2.0
2609,insert,917,-1,2909,-2.0
2610,insert,2541,-1,2910,-2.0
2611,insert,3959,-1,2911,-2.0
2612,insert,2875,-1,2912,-2.0
2613,insert,2500,-1,2913,-2.0
2614,insert,2417,-1,2914,-2.0
2615,insert,2458,-1,2915,-2.0
2616,insert,2458,-1,2916,-2.0
2617,insert,2500,-1,2917,-2.0
2618,insert,2500,-1,2918,-2.0
2619,insert,2416,-1,2919,-2.0
2620,insert,2375,-1,2920,-2.0
2621,insert,4625,-1,2921,-2.0
2622,insert,2208,-1,2922,-2.0
2623,insert,2167,-1,2923,-2.0
2624,insert,2625,-1,2924,-2.0
2625,insert,2333,-1,2925,-2.0
2626,insert,2000,-1,2926,-2.0
2627,insert,1584,-1,2927,-2.0
2628,insert,2000,-1,2928,-2.0
2629,insert,4791,-1,2929,-2.0
2630,insert,1875,-1,2930,-2.0
2631,insert,625,-1,2931,-2.0
2632,insert,3084,-1,2932,-2.0
2633,insert,2000,-1,2933,-2.0
2634,insert,2083,-1,2934,-2.0
2635,insert,2084,-1,2935,-2.0
2636,insert,2000,-1,2936,-2.0
2637,insert,1833,-1,2937,-2.0
2638,insert,1125,-1,2938,-2.0
2639,insert,2375,-1,2939,-2.0
2640,insert,2250,-1,2940,-2.0
2641,insert,2459,-1,2941,-2.0
2642,insert,1292,-1,2942,-2.0
2643,insert,1542,-1,2943,-2.0
2644,insert,959,-1,2944,-2.0
2645,insert,2042,-1,2945,-2.0
2646,insert,2917,-1,2946,-2.0
2647,insert,2458,-1,2947,-2.0
2648,insert,2250,-1,2948,-2.0
2649,insert,2042,-1,2949,-2.0
2650,insert,2042,-1,2950,-2.0
2651,insert,3916,-1,2951,-2.0
2652,insert,2083,-1,2952,-2.0
2653,insert,1083,-1,2953,-2.0
2654,insert,2292,-1,2954,-2.0
2655,insert,1292,-1,2955,-2.0
2656,insert,3209,-1,2956,-2.0
2657,insert,3458,-1,2957,-2.0
2658,insert,3042,-1,2958,-2.0
2659,insert,2834,-1,2959,-2.0
2660,insert,2625,-1,2960,-2.0
2661,insert,1500,-1,2961,-2.0
2662,insert,1583,-1,2962,-2.0
2663,insert,3750,-1,2963,-2.0
2664,insert,3916,-1,2964,-2.0
2665,insert,2458,-1,2965,-2.0
2666,insert,4667,-1,2966,-2.0
2667,insert,1541,-1,2967,-2.0
2668,insert,2166,-1,2968,-2.0
2669,insert,2000,-1,2969,-2.0
2670,insert,1125,-1,2970,-2.0
2671,insert,1708,-1,2971,-2.0
2672,insert,2083,-1,2972,-2.0
2673,insert,3125,-1,2973,-2.0
2674,insert,3959,-1,2974,-2.0
2675,insert,3417,-1,2975,-2.0
2676,insert,2708,-1,2976,-2.0
2677,insert,3083,-1,2977,-2.0
2678,insert,2792,-1,2978,-2.0
2679,insert,2167,-1,2979,-2.0
2680,insert,3792,-1,2980,-2.0
2681,insert,3291,-1,2981,-2.0
2682,insert,3625,-1,2982,-2.0
2683,insert,3458,-1,2983,-2.0
2684,insert,3125,-1,2984,-2.0
2685,insert,3042,-1,2985,-2.0
2686,insert,2167,-1,2986,-2.0
2687,insert,2083,-1,2987,-2.0
2688,insert,4417,-1,2988,-2.0
2689,insert,1375,-1,2989,-2.0
2690,insert,1875,-1,2990,-2.0
2691,insert,2708,-1,2991,-2.0
2692,insert,1542,-1,2992,-2.0
2693,insert,1333,-1,2993,-2.0
2694,insert,917,-1,2994,-2.0
2695,insert,3458,-1,2995,-2.0
2696,insert,2917,-1,2996,-2.0
2697,insert,917,-1,2997,-2.0
2698,insert,1458,-1,2998,-2.0
2699,insert,1125,-1,2999,-2.0
2700,insert,1083,2836375,3000,1.0
2701,insert,1709,-1,3001,-2.0
2702,insert,1125,-1,3002,-2.0
2703,insert,1042,-1,3003,-2.0
2704,insert,1083,-1,3004,-2.0
2705,insert,1000,-1,3005,-2.0
2706,insert,1917,-1,3006,-2.0
2707,insert,1084,-1,3007,-2.0
2708,insert,3166,-1,3008,-2.0
2709,insert,1750,-1,3009,-2.0
2710,insert,2000,-1,3010,-2.0
2711,insert,2375,-1,3011,-2.0
2712,insert,2209,-1,3012,-2.0
2713,insert,3125,-1,3013,-2.0
2714,insert,2375,-1,3014,-2.0
2715,insert,1833,-1,3015,-2.0
2716,insert,1917,-1,3016,-2.0
2717,insert,2500,-1,3017,-2.0
2718,insert,1500,-1,3018,-2.0
2719,insert,2750,-1,3019,-2.0
2720,insert,1916,-1,3020,-2.0
2721,insert,1875,-1,3021,-2.0
2722,insert,2292,-1,3022,-2.0
2723,insert,3042,-1,3023,-2.0
2724,insert,1125,-1,3024,-2.0
2725,insert,1958,-1,3025,-2.0
2726,insert,2417,-1,3026,-2.0
2727,insert,2583,-1,3027,-2.0
2728,insert,2792,-1,3028,-2.0
2729,insert,3458,-1,3029,-2.0
2730,insert,4125,-1,3030,-2.0
2731,insert,1125,-1,3031,-2.0
2732,insert,2833,-1,3032,-2.0
2733,insert,2000,-1,3033,-2.0
2734,insert,3125,-1,3034,-2.0
2735,insert,1791,-1,3035,-2.0
2736,insert,1500,-1,3036,-2.0
2737,insert,2667,-1,3037,-2.0
2738,insert,1000,-1,3038,-2.0
2739,insert,1625,-1,3039,-2.0
2740,insert,2292,-1,3040,-2.0
2741,insert,1750,-1,3041,-2.0
2742,insert,1416,-1,3042,-2.0
2743,insert,3167,-1,3043,-2.0
2744,insert,3292,-1,3044,-2.0
2745,insert,3125,-1,3045,-2.0
2746,insert,2583,-1,3046,-2.0
2747,insert,2500,-1,3047,-2.0
2748,insert,2500,-1,3048,-2.0
2749,insert,1583,-1,3049,-2.0
2750,insert,2917,-1,3050,-2.0
2751,insert,2250,-1,3051,-2.0
2752,insert,1583,-1,3052,-2.0
2753,insert,1958,-1,3053,-2.0
2754,insert,2125,-1,3054,-2.0
2755,insert,875,-1,3055,-2.0
2756,insert,2584,-1,3056,-2.0
2757,insert,1709,-1,3057,-2.0
2758,insert,2541,-1,3058,-2.0
2759,insert,1584,-1,3059,-2.0
2760,insert,2791,-1,3060,-2.0
2761,insert,1542,-1,3061,-2.0
2762,insert,2750,-1,3062,-2.0
2763,insert,1250,-1,3063,-2.0
2764,insert,2125,-1,3064,-2.0
2765,insert,2791,-1,3065,-2.0
2766,insert,1375,-1,3066,-2.0
2767,insert,1042,-1,3067,-2.0
2768,insert,2500,-1,3068,-2.0
2769,insert,3541,-1,3069,-2.0
2770,insert,2542,-1,3070,-2.0
2771,insert,3583,-1,3071,-2.0
2772,insert,2834,-1,3072,-2.0
2773,insert,4166,-1,3073,-2.0
2774,insert,3208,-1,3074,-2.0
2775,insert,1167,-1,3075,-2.0
2776,insert,2583,-1,3076,-2.0
2777,insert,2375,-1,3077,-2.0
2778,insert,2084,-1,3078,-2.0
2779,insert,2042,-1,3079,-2.0
2780,insert,2208,-1,3080,-2.0
2781,insert,2042,-1,3081,-2.0
2782,insert,2791,-1,3082,-2.0
2783,insert,1250,-1,3083,-2.0
2784,insert,1083,-1,3084,-2.0
2785,insert,708,-1,3085,-2.0
2786,insert,3625,-1,3086,-2.0
2787,insert,3416,-1,3087,-2.0
2788,insert,1125,-1,3088,-2.0
2789,insert,1541,-1,3089,-2.0
2790,insert,1625,-1,3090,-2.0
2791,insert,1375,-1,3091,-2.0
2792,insert,3292,-1,3092,-2.0
2793,insert,1416,-1,3093,-2.0
2794,insert,1375,-1,3094,-2.0
2795,insert,1292,-1,3095,-2.0
2796,insert,2958,-1,3096,-2.0
2797,insert,2750,-1,3097,-2.0
2798,insert,1709,-1,3098,-2.0
2799,insert,1750,-1,3099,-2.0
2800,insert,1666,-1,3100,-2.0
2801,insert,3084,-1,3101,-2.0
2802,insert,1583,-1,3102,-2.0
2803,insert,2042,-1,3103,-2.0
2804,insert,2959,-1,3104,-2.0
2805,insert,1791,-1,3105,-2.0
2806,insert,1042,-1,3106,-2.0
2807,insert,1917,-1,3107,-2.0
2808,insert,1583,-1,3108,-2.0
2809,insert,1417,-1,3109,-2.0
2810,insert,2000,-1,3110,-2.0
2811,insert,2458,-1,3111,-2.0
2812,insert,2125,-1,3112,-2.0
2813,insert,1667,-1,3113,-2.0
2814,insert,1625,-1,3114,-2.0
2815,insert,1791,-1,3115,-2.0
2816,insert,1709,-1,3116,-2.0
2817,insert,1791,-1,3117,-2.0
2818,insert,3250,-1,3118,-2.0
2819,insert,2083,-1,3119,-2.0
2820,insert,1709,-1,3120,-2.0
2821,insert,1500,-1,3121,-2.0
2822,insert,1708,-1,3122,-2.0
2823,insert,2833,-1,3123,-2.0
2824,insert,1167,-1,3124,-2.0
2825,insert,833,-1,3125,-2.0
2826,insert,1000,-1,3126,-2.0
2827,insert,833,-1,3127,-2.0
2828,insert,1875,-1,3128,-2.0
2829,insert,792,-1,3129,-2.0
2830,insert,1875,-1,3130,-2.0
2831,insert,1542,-1,3131,-2.0
2832,insert,792,-1,3132,-2.0
2833,insert,917,-1,3133,-2.0
2834,insert,1917,-1,3134,-2.0
2835,insert,1625,-1,3135,-2.0
2836,insert,1916,-1,3136,-2.0
2837,insert,1959,-1,3137,-2.0
2838,insert,2875,-1,3138,-2.0
2839,insert,2458,-1,3139,-2.0
2840,insert,2000,-1,3140,-2.0
2841,insert,1541,-1,3141,-2.0
2842,insert,3209,-1,3142,-2.0
2843,insert,1750,-1,3143,-2.0
2844,insert,2417,-1,3144,-2.0
2845,insert,750,-1,3145,-2.0
2846,insert,1583,-1,3146,-2.0
2847,insert,1750,-1,3147,-2.0
2848,insert,1625,-1,3148,-2.0
2849,insert,3167,-1,3149,-2.0
2850,insert,1583,-1,3150,-2.0
2851,insert,2500,-1,3151,-2.0
2852,insert,292,-1,3152,-2.0
2853,insert,3708,-1,3153,-2.0
2854,insert,1958,-1,3154,-2.0
2855,insert,3042,-1,3155,-2.0
2856,insert,3458,-1,3156,-2.0
2857,insert,3000,-1,3157,-2.0
2858,insert,2166,-1,3158,-2.0
2859,insert,1292,-1,3159,-2.0
2860,insert,2083,-1,3160,-2.0
2861,insert,1459,-1,3161,-2.0
2862,insert,1000,-1,3162,-2.0
2863,insert,916,-1,3163,-2.0
2864,insert,917,-1,3164,-2.0
2865,insert,958,-1,3165,-2.0
2866,insert,2084,-1,3166,-2.0
2867,insert,1583,-1,3167,-2.0
2868,insert,1542,-1,3168,-2.0
2869,insert,1625,-1,3169,-2.0
2870,insert,1542,-1,3170,-2.0
2871,insert,1500,-1,3171,-2.0
2872,insert,2209,-1,3172,-2.0
2873,insert,1791,-1,3173,-2.0
2874,insert,1709,-1,3174,-2.0
2875,insert,1375,-1,3175,-2.0
2876,insert,1291,-1,3176,-2.0
2877,insert,1667,-1,3177,-2.0
2878,insert,1875,-1,3178,-2.0
2879,insert,1500,-1,3179,-2.0
2880,insert,1459,-1,3180,-2.0
2881,insert,1125,-1,3181,-2.0
2882,insert,1500,-1,3182,-2.0
2883,insert,2125,-1,3183,-2.0
2884,insert,1416,-1,3184,-2.0
2885,insert,1166,-1,3185,-2.0
2886,insert,1584,-1,3186,-2.0
2887,insert,1666,-1,3187,-2.0
2888,insert,1625,-1,3188,-2.0
2889,insert,1458,-1,3189,-2.0
2890,insert,1542,-1,3190,-2.0
2891,insert,1417,-1,3191,-2.0
2892,insert,1250,-1,3192,-2.0
2893,insert,1750,-1,3193,-2.0
2894,insert,1541,-1,3194,-2.0
2895,insert,1709,-1,3195,-2.0
2896,insert,1541,-1,3196,-2.0
2897,insert,1417,-1,3197,-2.0
2898,insert,1417,-1,3198,-2.0
2899,insert,1667,-1,3199,-2.0
2900,insert,1500,-1,3200,-2.0
2901,insert,1375,-1,3201,-2.0
2902,insert,1375,-1,3202,-2.0
2903,insert,1250,-1,3203,-2.0
2904,insert,1583,-1,3204,-2.0
2905,insert,1583,-1,3205,-2.0
2906,insert,1584,-1,3206,-2.0
2907,insert,1333,-1,3207,-2.0
2908,insert,1333,-1,3208,-2.0
2909,insert,1334,-1,3209,-2.0
2910,insert,1791,-1,3210,-2.0
2911,insert,1375,-1,3211,-2.0
2912,insert,1541,-1,3212,-2.0
2913,insert,1292,-1,3213,-2.0
2914,insert,1500,-1,3214,-2.0
2915,insert,1583,-1,3215,-2.0
2916,insert,1417,-1,3216,-2.0
2917,insert,1458,-1,3217,-2.0
2918,insert,1291,-1,3218,-2.0
2919,insert,1250,-1,3219,-2.0
2920,insert,1334,-1,3220,-2.0
2921,insert,1333,-1,3221,-2.0
2922,insert,1459,-1,3222,-2.0
2923,insert,1375,-1,3223,-2.0
2924,insert,1417,-1,3224,-2.0
2925,insert,1291,-1,3225,-2.0
2926,insert,1708,-1,3226,-2.0
2927,insert,1500,-1,3227,-2.0
2928,insert,1584,-1,3228,-2.0
2929,insert,1292,-1,3229,-2.0
2930,insert,1416,-1,3230,-2.0
2931,insert,1334,-1,3231,-2.0
2932,insert,1542,-1,3232,-2.0
2933,insert,1333,-1,3233,-2.0
2934,insert,1875,-1,3234,-2.0
2935,insert,1417,-1,3235,-2.0
2936,insert,1541,-1,3236,-2.0
2937,insert,1417,-1,3237,-2.0
2938,insert,1333,-1,3238,-2.0
2939,insert,1750,-1,3239,-2.0
2940,insert,1708,-1,3240,-2.0
2941,insert,1625,-1,3241,-2.0
2942,insert,1375,-1,3242,-2.0
2943,insert,1500,-1,3243,-2.0
2944,insert,1750,-1,3244,-2.0
2945,insert,1750,-1,3245,-2.0
2946,insert,1500,-1,3246,-2.0
2947,insert,1417,-1,3247,-2.0
2948,insert,1708,-1,3248,-2.0
2949,insert,1750,-1,3249,-2.0
2950,insert,1625,-1,3250,-2.0
2951,insert,1625,-1,3251,-2.0
2952,insert,1625,-1,3252,-2.0
2953,insert,1875,-1,3253,-2.0
2954,insert,1583,-1,3254,-2.0
2955,insert,1584,-1,3255,-2.0
2956,insert,1791,-1,3256,-2.0
2957,insert,1584,-1,3257,-2.0
2958,insert,1541,-1,3258,-2.0
2959,insert,1625,-1,3259,-2.0
2960,insert,1709,-1,3260,-2.0
2961,insert,1750,-1,3261,-2.0
2962,insert,1584,-1,3262,-2.0
2963,insert,1541,-1,3263,-2.0
2964,insert,1584,-1,3264,-2.0
2965,insert,1583,-1,3265,-2.0
2966,insert,1667,-1,3266,-2.0
2967,insert,1541,-1,3267,-2.0
2968,insert,1709,-1,3268,-2.0
2969,insert,1541,-1,3269,-2.0
2970,insert,1834,-1,3270,-2.0
2971,insert,1708,-1,3271,-2.0
2972,insert,1667,-1,3272,-2.0
2973,insert,1834,-1,3273,-2.0
2974,insert,1500,-1,3274,-2.0
2975,insert,1500,-1,3275,-2.0
2976,insert,1833,-1,3276,-2.0
2977,insert,1875,-1,3277,-2.0
2978,insert,1666,-1,3278,-2.0
2979,insert,1667,-1,3279,-2.0
2980,insert,1625,-1,3280,-2.0
2981,insert,1625,-1,3281,-2.0
2982,insert,1625,-1,3282,-2.0
2983,insert,1583,-1,3283,-2.0
2984,insert,1666,-1,3284,-2.0
2985,insert,1750,-1,3285,-2.0
2986,insert,1666,-1,3286,-2.0
2987,insert,1583,-1,3287,-2.0
2988,insert,1750,-1,3288,-2.0
2989,insert,1666,-1,3289,-2.0
2990,insert,1667,-1,3290,-2.0
2991,insert,1667,-1,3291,-2.0
2992,insert,1625,-1,3292,-2.0
2993,insert,1458,-1,3293,-2.0
2994,insert,1584,-1,3294,-2.0
2995,insert,1708,-1,3295,-2.0
2996,insert,1542,-1,3296,-2.0
2997,insert,1833,-1,3297,-2.0
2998,insert,1917,-1,3298,-2.0
2999,insert,1834,-1,3299,-2.0
3000,insert,1792,3194334,3300,1.0
3001,insert,2625,-1,3301,-2.0
3002,insert,2084,-1,3302,-2.0
3003,insert,1875,-1,3303,-2.0
3004,insert,2917,-1,3304,-2.0
3005,insert,1708,-1,3305,-2.0
3006,insert,1875,-1,3306,-2.0
3007,insert,1709,-1,3307,-2.0
3008,insert,1750,-1,3308,-2.0
3009,insert,1708,-1,3309,-2.0
3010,insert,1833,-1,3310,-2.0
3011,insert,1708,-1,3311,-2.0
3012,insert,1708,-1,3312,-2.0
3013,insert,1750,-1,3313,-2.0
3014,insert,1666,-1,3314,-2.0
3015,insert,1709,-1,3315,-2.0
3016,insert,1625,-1,3316,-2.0
3017,insert,1625,-1,3317,-2.0
3018,insert,1750,-1,3318,-2.0
3019,insert,1709,-1,3319,-2.0
3020,insert,1625,-1,3320,-2.0
3021,insert,1625,-1,3321,-2.0
3022,insert,1667,-1,3322,-2.0
3023,insert,1750,-1,3323,-2.0
3024,insert,1875,-1,3324,-2.0
3025,insert,1667,-1,3325,-2.0
3026,insert,1708,-1,3326,-2.0
3027,insert,1750,-1,3327,-2.0
3028,insert,1666,-1,3328,-2.0
3029,insert,1625,-1,3329,-2.0
3030,insert,1875,-1,3330,-2.0
3031,insert,1667,-1,3331,-2.0
3032,insert,1750,-1,3332,-2.0
3033,insert,2167,-1,3333,-2.0
3034,insert,1666,-1,3334,-2.0
3035,insert,1625,-1,3335,-2.0
3036,insert,1500,-1,3336,-2.0
3037,insert,1834,-1,3337,-2.0
3038,insert,1708,-1,3338,-2.0
3039,insert,1709,-1,3339,-2.0
3040,insert,2291,-1,3340,-2.0
3041,insert,1834,-1,3341,-2.0
3042,insert,1791,-1,3342,-2.0
3043,insert,2084,-1,3343,-2.0
3044,insert,1750,-1,3344,-2.0
3045,insert,1791,-1,3345,-2.0
3046,insert,2667,-1,3346,-2.0
3047,insert,2000,-1,3347,-2.0
3048,insert,1791,-1,3348,-2.0
3049,insert,2042,-1,3349,-2.0
3050,insert,1750,-1,3350,-2.0
3051,insert,1750,-1,3351,-2.0
3052,insert,2250,-1,3352,-2.0
3053,insert,1750,-1,3353,-2.0
3054,insert,1792,-1,3354,-2.0
3055,insert,2166,-1,3355,-2.0
3056,insert,1709,-1,3356,-2.0
3057,insert,1792,-1,3357,-2.0
3058,insert,1792,-1,3358,-2.0
3059,insert,2166,-1,3359,-2.0
3060,insert,2125,-1,3360,-2.0
3061,insert,1708,-1,3361,-2.0
3062,insert,2125,-1,3362,-2.0
3063,insert,1750,-1,3363,-2.0
3064,insert,1708,-1,3364,-2.0
3065,insert,2041,-1,3365,-2.0
3066,insert,1959,-1,3366,-2.0
3067,insert,1917,-1,3367,-2.0
3068,insert,1750,-1,3368,-2.0
3069,insert,2083,-1,3369,-2.0
3070,insert,2000,-1,3370,-2.0
3071,insert,2167,-1,3371,-2.0
3072,insert,2083,-1,3372,-2.0
3073,insert,1917,-1,3373,-2.0
3074,insert,1875,-1,3374,-2.0
3075,insert,1917,-1,3375,-2.0
3076,insert,2083,-1,3376,-2.0
3077,insert,1833,-1,3377,-2.0
3078,insert,2042,-1,3378,-2.0
3079,insert,2583,-1,3379,-2.0
3080,insert,2167,-1,3380,-2.0
3081,insert,2125,-1,3381,-2.0
3082,insert,2042,-1,3382,-2.0
3083,insert,2041,-1,3383,-2.0
3084,insert,2041,-1,3384,-2.0
3085,insert,2042,-1,3385,-2.0
3086,insert,2292,-1,3386,-2.0
3087,insert,1917,-1,3387,-2.0
3088,insert,2125,-1,3388,-2.0
3089,insert,2041,-1,3389,-2.0
3090,insert,2084,-1,3390,-2.0
3091,insert,2250,-1,3391,-2.0
3092,insert,1958,-1,3392,-2.0
3093,insert,2167,-1,3393,-2.0
3094,insert,2083,-1,3394,-2.0
3095,insert,2084,-1,3395,-2.0
3096,insert,2291,-1,3396,-2.0
3097,insert,2291,-1,3397,-2.0
3098,insert,2291,-1,3398,-2.0
3099,insert,2084,-1,3399,-2.0
3100,insert,2208,-1,3400,-2.0
3101,insert,2000,-1,3401,-2.0
3102,insert,2333,-1,3402,-2.0
3103,insert,2250,-1,3403,-2.0
3104,insert,2375,-1,3404,-2.0
3105,insert,2125,-1,3405,-2.0
3106,insert,2042,-1,3406,-2.0
3107,insert,2792,-1,3407,-2.0
3108,insert,2083,-1,3408,-2.0
3109,insert,2083,-1,3409,-2.0
3110,insert,2625,-1,3410,-2.0
3111,insert,2167,-1,3411,-2.0
3112,insert,2125,-1,3412,-2.0
3113,insert,2542,-1,3413,-2.0
3114,insert,2125,-1,3414,-2.0
3115,insert,2083,-1,3415,-2.0
3116,insert,2083,-1,3416,-2.0
3117,insert,2125,-1,3417,-2.0
3118,insert,2500,-1,3418,-2.0
3119,insert,2375,-1,3419,-2.0
3120,insert,2458,-1,3420,-2.0
3121,insert,2167,-1,3421,-2.0
3122,insert,2166,-1,3422,-2.0
3123,insert,2166,-1,3423,-2.0
3124,insert,2375,-1,3424,-2.0
3125,insert,2125,-1,3425,-2.0
3126,insert,2167,-1,3426,-2.0
3127,insert,2250,-1,3427,-2.0
3128,insert,2125,-1,3428,-2.0
3129,insert,2958,-1,3429,-2.0
3130,insert,2416,-1,3430,-2.0
3131,insert,2208,-1,3431,-2.0
3132,insert,2459,-1,3432,-2.0
3133,insert,2458,-1,3433,-2.0
3134,insert,2334,-1,3434,-2.0
3135,insert,2500,-1,3435,-2.0
3136,insert,2292,-1,3436,-2.0
3137,insert,2292,-1,3437,-2.0
3138,insert,2375,-1,3438,-2.0
3139,insert,2500,-1,3439,-2.0
3140,insert,2292,-1,3440,-2.0
3141,insert,2583,-1,3441,-2.0
3142,insert,2542,-1,3442,-2.0
3143,insert,2333,-1,3443,-2.0
3144,insert,2333,-1,3444,-2.0
3145,insert,2375,-1,3445,-2.0
3146,insert,2416,-1,3446,-2.0
3147,insert,2292,-1,3447,-2.0
3148,insert,2500,-1,3448,-2.0
3149,insert,2292,-1,3449,-2.0
3150,insert,2458,-1,3450,-2.0
3151,insert,2542,-1,3451,-2.0
3152,insert,2541,-1,3452,-2.0
3153,insert,2500,-1,3453,-2.0
3154,insert,2584,-1,3454,-2.0
3155,insert,2291,-1,3455,-2.0
3156,insert,2500,-1,3456,-2.0
3157,insert,2459,-1,3457,-2.0
3158,insert,2917,-1,3458,-2.0
3159,insert,2584,-1,3459,-2.0
3160,insert,2500,-1,3460,-2.0
3161,insert,2458,-1,3461,-2.0
3162,insert,2375,-1,3462,-2.0
3163,insert,2375,-1,3463,-2.0
3164,insert,2542,-1,3464,-2.0
3165,insert,2292,-1,3465,-2.0
3166,insert,2291,-1,3466,-2.0
3167,insert,2334,-1,3467,-2.0
3168,insert,2333,-1,3468,-2.0
3169,insert,2542,-1,3469,-2.0
3170,insert,3666,-1,3470,-2.0
3171,insert,3541,-1,3471,-2.0
3172,insert,2875,-1,3472,-2.0
3173,insert,2375,-1,3473,-2.0
3174,insert,3292,-1,3474,-2.0
3175,insert,2583,-1,3475,-2.0
3176,insert,2625,-1,3476,-2.0
3177,insert,2333,-1,3477,-2.0
3178,insert,3334,-1,3478,-2.0
3179,insert,2792,-1,3479,-2.0
3180,insert,2792,-1,3480,-2.0
3181,insert,2833,-1,3481,-2.0
3182,insert,2500,-1,3482,-2.0
3183,insert,2416,-1,3483,-2.0
3184,insert,2625,-1,3484,-2.0
3185,insert,2833,-1,3485,-2.0
3186,insert,2916,-1,3486,-2.0
3187,insert,2625,-1,3487,-2.0
3188,insert,2333,-1,3488,-2.0
3189,insert,2583,-1,3489,-2.0
3190,insert,2667,-1,3490,-2.0
3191,insert,2500,-1,3491,-2.0
3192,insert,2583,-1,3492,-2.0
3193,insert,2458,-1,3493,-2.0
3194,insert,2666,-1,3494,-2.0
3195,insert,2666,-1,3495,-2.0
3196,insert,2541,-1,3496,-2.0
3197,insert,2625,-1,3497,-2.0
3198,insert,3125,-1,3498,-2.0
3199,insert,2750,-1,3499,-2.0
3200,insert,2792,-1,3500,-2.0
3201,insert,2625,-1,3501,-2.0
3202,insert,2709,-1,3502,-2.0
3203,insert,2958,-1,3503,-2.0
3204,insert,2667,-1,3504,-2.0
3205,insert,2458,-1,3505,-2.0
3206,insert,2792,-1,3506,-2.0
3207,insert,2458,-1,3507,-2.0
3208,insert,2542,-1,3508,-2.0
3209,insert,2541,-1,3509,-2.0
3210,insert,2708,-1,3510,-2.0
3211,insert,2625,-1,3511,-2.0
3212,insert,2459,-1,3512,-2.0
3213,insert,2500,-1,3513,-2.0
3214,insert,2625,-1,3514,-2.0
3215,insert,2709,-1,3515,-2.0
3216,insert,2833,-1,3516,-2.0
3217,insert,2584,-1,3517,-2.0
3218,insert,2500,-1,3518,-2.0
3219,insert,2625,-1,3519,-2.0
3220,insert,2541,-1,3520,-2.0
3221,insert,3250,-1,3521,-2.0
3222,insert,2708,-1,3522,-2.0
3223,insert,2917,-1,3523,-2.0
3224,insert,2917,-1,3524,-2.0
3225,insert,3167,-1,3525,-2.0
3226,insert,2875,-1,3526,-2.0
3227,insert,2541,-1,3527,-2.0
3228,insert,2959,-1,3528,-2.0
3229,insert,2666,-1,3529,-2.0
3230,insert,2584,-1,3530,-2.0
3231,insert,2875,-1,3531,-2.0
3232,insert,2625,-1,3532,-2.0
3233,insert,3041,-1,3533,-2.0
3234,insert,2875,-1,3534,-2.0
3235,insert,2917,-1,3535,-2.0
3236,insert,2875,-1,3536,-2.0
3237,insert,2500,-1,3537,-2.0
3238,insert,2542,-1,3538,-2.0
3239,insert,4583,-1,3539,-2.0
3240,insert,2917,-1,3540,-2.0
3241,insert,3375,-1,3541,-2.0
3242,insert,2625,-1,3542,-2.0
3243,insert,3625,-1,3543,-2.0
3244,insert,2625,-1,3544,-2.0
3245,insert,3250,-1,3545,-2.0
3246,insert,2625,-1,3546,-2.0
3247,insert,3208,-1,3547,-2.0
3248,insert,2917,-1,3548,-2.0
3249,insert,2917,-1,3549,-2.0
3250,insert,3083,-1,3550,-2.0
3251,insert,2583,-1,3551,-2.0
3252,insert,2542,-1,3552,-2.0
3253,insert,2833,-1,3553,-2.0
3254,insert,3292,-1,3554,-2.0
3255,insert,3042,-1,3555,-2.0
3256,insert,3041,-1,3556,-2.0
3257,insert,3000,-1,3557,-2.0
3258,insert,2959,-1,3558,-2.0
3259,insert,3375,-1,3559,-2.0
3260,insert,2916,-1,3560,-2.0
3261,insert,2667,-1,3561,-2.0
3262,insert,3000,-1,3562,-2.0
3263,insert,3166,-1,3563,-2.0
3264,insert,3292,-1,3564,-2.0
3265,insert,3042,-1,3565,-2.0
3266,insert,3166,-1,3566,-2.0
3267,insert,2875,-1,3567,-2.0
3268,insert,3042,-1,3568,-2.0
3269,insert,3083,-1,3569,-2.0
3270,insert,3084,-1,3570,-2.0
3271,insert,3083,-1,3571,-2.0
3272,insert,3292,-1,3572,-2.0
3273,insert,3084,-1,3573,-2.0
3274,insert,2916,-1,3574,-2.0
3275,insert,3083,-1,3575,-2.0
3276,insert,3208,-1,3576,-2.0
3277,insert,3292,-1,3577,-2.0
3278,insert,3042,-1,3578,-2.0
3279,insert,3250,-1,3579,-2.0
3280,insert,2750,-1,3580,-2.0
3281,insert,3208,-1,3581,-2.0
3282,insert,2583,-1,3582,-2.0
3283,insert,2584,-1,3583,-2.0
3284,insert,3083,-1,3584,-2.0
3285,insert,3083,-1,3585,-2.0
3286,insert,3125,-1,3586,-2.0
3287,insert,3250,-1,3587,-2.0
3288,insert,2958,-1,3588,-2.0
3289,insert,3208,-1,3589,-2.0
3290,insert,3042,-1,3590,-2.0
3291,insert,4292,-1,3591,-2.0
3292,insert,3333,-1,3592,-2.0
3293,insert,2542,-1,3593,-2.0
3294,insert,3458,-1,3594,-2.0
3295,insert,3083,-1,3595,-2.0
3296,insert,3375,-1,3596,-2.0
3297,insert,3375,-1,3597,-2.0
3298,insert,3292,-1,3598,-2.0
3299,insert,3125,-1,3599,-2.0
3300,insert,3500,3892500,3600,1.0
3301,insert,4625,-1,3601,-2.0
3302,insert,3250,-1,3602,-2.0
3303,insert,3167,-1,3603,-2.0
3304,insert,3041,-1,3604,-2.0
3305,insert,3667,-1,3605,-2.0
3306,insert,3375,-1,3606,-2.0
3307,insert,3458,-1,3607,-2.0
3308,insert,3209,-1,3608,-2.0
3309,insert,3375,-1,3609,-2.0
3310,insert,2875,-1,3610,-2.0
3311,insert,3208,-1,3611,-2.0
3312,insert,3292,-1,3612,-2.0
3313,insert,3208,-1,3613,-2.0
3314,insert,3584,-1,3614,-2.0
3315,insert,3333,-1,3615,-2.0
3316,insert,3167,-1,3616,-2.0
3317,insert,3250,-1,3617,-2.0
3318,insert,3250,-1,3618,-2.0
3319,insert,2709,-1,3619,-2.0
3320,insert,3416,-1,3620,-2.0
3321,insert,3334,-1,3621,-2.0
3322,insert,3250,-1,3622,-2.0
3323,insert,3083,-1,3623,-2.0
3324,insert,3375,-1,3624,-2.0
3325,insert,3208,-1,3625,-2.0
3326,insert,3208,-1,3626,-2.0
3327,insert,3000,-1,3627,-2.0
3328,insert,2708,-1,3628,-2.0
3329,insert,2792,-1,3629,-2.0
3330,insert,3166,-1,3630,-2.0
3331,insert,3125,-1,3631,-2.0
3332,insert,3125,-1,3632,-2.0
3333,insert,3250,-1,3633,-2.0
3334,insert,3375,-1,3634,-2.0
3335,insert,3250,-1,3635,-2.0
3336,insert,3708,-1,3636,-2.0
3337,insert,3334,-1,3637,-2.0
3338,insert,2959,-1,3638,-2.0
3339,insert,3250,-1,3639,-2.0
3340,insert,3208,-1,3640,-2.0
3341,insert,3125,-1,3641,-2.0
3342,insert,3083,-1,3642,-2.0
3343,insert,3125,-1,3643,-2.0
3344,insert,3208,-1,3644,-2.0
3345,insert,2958,-1,3645,-2.0
3346,insert,3250,-1,3646,-2.0
3347,insert,3167,-1,3647,-2.0
3348,insert,3292,-1,3648,-2.0
3349,insert,3208,-1,3649,-2.0
3350,insert,3208,-1,3650,-2.0
3351,insert,3167,-1,3651,-2.0
3352,insert,3208,-1,3652,-2.0
3353,insert,2792,-1,3653,-2.0
3354,insert,2875,-1,3654,-2.0
3355,insert,3417,-1,3655,-2.0
3356,insert,3708,-1,3656,-2.0
3357,insert,3333,-1,3657,-2.0
3358,insert,3334,-1,3658,-2.0
3359,insert,3209,-1,3659,-2.0
3360,insert,3459,-1,3660,-2.0
3361,insert,3166,-1,3661,-2.0
3362,insert,3292,-1,3662,-2.0
3363,insert,3084,-1,3663,-2.0
3364,insert,3250,-1,3664,-2.0
3365,insert,3417,-1,3665,-2.0
3366,insert,3291,-1,3666,-2.0
3367,insert,3625,-1,3667,-2.0
3368,insert,3375,-1,3668,-2.0
3369,insert,3208,-1,3669,-2.0
3370,insert,3208,-1,3670,-2.0
3371,insert,3375,-1,3671,-2.0
3372,insert,3459,-1,3672,-2.0
3373,insert,3291,-1,3673,-2.0
3374,insert,3500,-1,3674,-2.0
3375,insert,3500,-1,3675,-2.0
3376,insert,3375,-1,3676,-2.0
3377,insert,3166,-1,3677,-2.0
3378,insert,3250,-1,3678,-2.0
3379,insert,3375,-1,3679,-2.0
3380,insert,3333,-1,3680,-2.0
3381,insert,3209,-1,3681,-2.0
3382,insert,3291,-1,3682,-2.0
3383,insert,3416,-1,3683,-2.0
3384,insert,3291,-1,3684,-2.0
3385,insert,3875,-1,3685,-2.0
3386,insert,3000,-1,3686,-2.0
3387,insert,3125,-1,3687,-2.0
3388,insert,3416,-1,3688,-2.0
3389,insert,3375,-1,3689,-2.0
3390,insert,3541,-1,3690,-2.0
3391,insert,3459,-1,3691,-2.0
3392,insert,3375,-1,3692,-2.0
3393,insert,3167,-1,3693,-2.0
3394,insert,3333,-1,3694,-2.0
3395,insert,3375,-1,3695,-2.0
3396,insert,3708,-1,3696,-2.0
3397,insert,3459,-1,3697,-2.0
3398,insert,3166,-1,3698,-2.0
3399,insert,3334,-1,3699,-2.0
3400,insert,3166,-1,3700,-2.0
3401,insert,3417,-1,3701,-2.0
3402,insert,3875,-1,3702,-2.0
3403,insert,3333,-1,3703,-2.0
3404,insert,3292,-1,3704,-2.0
3405,insert,3458,-1,3705,-2.0
3406,insert,3417,-1,3706,-2.0
3407,insert,3583,-1,3707,-2.0
3408,insert,3500,-1,3708,-2.0
3409,insert,3500,-1,3709,-2.0
3410,insert,3583,-1,3710,-2.0
3411,insert,3625,-1,3711,-2.0
3412,insert,3459,-1,3712,-2.0
3413,insert,3375,-1,3713,-2.0
3414,insert,3542,-1,3714,-2.0
3415,insert,3250,-1,3715,-2.0
3416,insert,3417,-1,3716,-2.0
3417,insert,3708,-1,3717,-2.0
3418,insert,3458,-1,3718,-2.0
3419,insert,3375,-1,3719,-2.0
3420,insert,3375,-1,3720,-2.0
3421,insert,3542,-1,3721,-2.0
3422,insert,3875,-1,3722,-2.0
3423,insert,3417,-1,3723,-2.0
3424,insert,3500,-1,3724,-2.0
3425,insert,3750,-1,3725,-2.0
3426,insert,3584,-1,3726,-2.0
3427,insert,3458,-1,3727,-2.0
3428,insert,3417,-1,3728,-2.0
3429,insert,3500,-1,3729,-2.0
3430,insert,3666,-1,3730,-2.0
3431,insert,3375,-1,3731,-2.0
3432,insert,3500,-1,3732,-2.0
3433,insert,3584,-1,3733,-2.0
3434,insert,3500,-1,3734,-2.0
3435,insert,3458,-1,3735,-2.0
3436,insert,3375,-1,3736,-2.0
3437,insert,3750,-1,3737,-2.0
3438,insert,3542,-1,3738,-2.0
3439,insert,3542,-1,3739,-2.0
3440,insert,3375,-1,3740,-2.0
3441,insert,3125,-1,3741,-2.0
3442,insert,3500,-1,3742,-2.0
3443,insert,3458,-1,3743,-2.0
3444,insert,3583,-1,3744,-2.0
3445,insert,3458,-1,3745,-2.0
3446,insert,3459,-1,3746,-2.0
3447,insert,3500,-1,3747,-2.0
3448,insert,3750,-1,3748,-2.0
3449,insert,3667,-1,3749,-2.0
3450,insert,3500,-1,3750,-2.0
3451,insert,3792,-1,3751,-2.0
3452,insert,4166,-1,3752,-2.0
3453,insert,3542,-1,3753,-2.0
3454,insert,4083,-1,3754,-2.0
3455,insert,3708,-1,3755,-2.0
3456,insert,3625,-1,3756,-2.0
3457,insert,3542,-1,3757,-2.0
3458,insert,4292,-1,3758,-2.0
3459,insert,3708,-1,3759,-2.0
3460,insert,3917,-1,3760,-2.0
3461,insert,4375,-1,3761,-2.0
3462,insert,3417,-1,3762,-2.0
3463,insert,3875,-1,3763,-2.0
3464,insert,3625,-1,3764,-2.0
3465,insert,3708,-1,3765,-2.0
3466,insert,3917,-1,3766,-2.0
3467,insert,3625,-1,3767,-2.0
3468,insert,3334,-1,3768,-2.0
3469,insert,4083,-1,3769,-2.0
3470,insert,3917,-1,3770,-2.0
3471,insert,3542,-1,3771,-2.0
3472,insert,3667,-1,3772,-2.0
3473,insert,3583,-1,3773,-2.0
3474,insert,3625,-1,3774,-2.0
3475,insert,3459,-1,3775,-2.0
3476,insert,3666,-1,3776,-2.0
3477,insert,3625,-1,3777,-2.0
3478,insert,3667,-1,3778,-2.0
3479,insert,3667,-1,3779,-2.0
3480,insert,3584,-1,3780,-2.0
3481,insert,4958,-1,3781,-2.0
3482,insert,6125,-1,3782,-2.0
3483,insert,3583,-1,3783,-2.0
3484,insert,3833,-1,3784,-2.0
3485,insert,4208,-1,3785,-2.0
3486,insert,4375,-1,3786,-2.0
3487,insert,3292,-1,3787,-2.0
3488,insert,3958,-1,3788,-2.0
3489,insert,3834,-1,3789,-2.0
3490,insert,3416,-1,3790,-2.0
3491,insert,3750,-1,3791,-2.0
3492,insert,3834,-1,3792,-2.0
3493,insert,3750,-1,3793,-2.0
3494,insert,3667,-1,3794,-2.0
3495,insert,3625,-1,3795,-2.0
3496,insert,3750,-1,3796,-2.0
3497,insert,3541,-1,3797,-2.0
3498,insert,3542,-1,3798,-2.0
3499,insert,3708,-1,3799,-2.0
3500,insert,3666,-1,3800,-2.0
3501,insert,3875,-1,3801,-2.0
3502,insert,3959,-1,3802,-2.0
3503,insert,3750,-1,3803,-2.0
3504,insert,3750,-1,3804,-2.0
3505,insert,3625,-1,3805,-2.0
3506,insert,3708,-1,3806,-2.0
3507,insert,3750,-1,3807,-2.0
3508,insert,3750,-1,3808,-2.0
3509,insert,3833,-1,3809,-2.0
3510,insert,3500,-1,3810,-2.0
3511,insert,3917,-1,3811,-2.0
3512,insert,3542,-1,3812,-2.0
3513,insert,3791,-1,3813,-2.0
3514,insert,3833,-1,3814,-2.0
3515,insert,3792,-1,3815,-2.0
3516,insert,3708,-1,3816,-2.0
3517,insert,3750,-1,3817,-2.0
3518,insert,3917,-1,3818,-2.0
3519,insert,3542,-1,3819,-2.0
3520,insert,3792,-1,3820,-2.0
3521,insert,3750,-1,3821,-2.0
3522,insert,3750,-1,3822,-2.0
3523,insert,3792,-1,3823,-2.0
3524,insert,3708,-1,3824,-2.0
3525,insert,3875,-1,3825,-2.0
3526,insert,3708,-1,3826,-2.0
3527,insert,4333,-1,3827,-2.0
3528,insert,3917,-1,3828,-2.0
3529,insert,4042,-1,3829,-2.0
3530,insert,3708,-1,3830,-2.0
3531,insert,4334,-1,3831,-2.0
3532,insert,3833,-1,3832,-2.0
3533,insert,3750,-1,3833,-2.0
3534,insert,4208,-1,3834,-2.0
3535,insert,3916,-1,3835,-2.0
3536,insert,3917,-1,3836,-2.0
3537,insert,3792,-1,3837,-2.0
3538,insert,4333,-1,3838,-2.0
3539,insert,3959,-1,3839,-2.0
3540,insert,4125,-1,3840,-2.0
3541,insert,3750,-1,3841,-2.0
3542,insert,3667,-1,3842,-2.0
3543,insert,3916,-1,3843,-2.0
3544,insert,3875,-1,3844,-2.0
3545,insert,3958,-1,3845,-2.0
3546,insert,3750,-1,3846,-2.0
3547,insert,3625,-1,3847,-2.0
3548,insert,3792,-1,3848,-2.0
3549,insert,3750,-1,3849,-2.0
3550,insert,3667,-1,3850,-2.0
3551,insert,3750,-1,3851,-2.0
3552,insert,4208,-1,3852,-2.0
3553,insert,4458,-1,3853,-2.0
3554,insert,3750,-1,3854,-2.0
3555,insert,4041,-1,3855,-2.0
3556,insert,3667,-1,3856,-2.0
3557,insert,4042,-1,3857,-2.0
3558,insert,3625,-1,3858,-2.0
3559,insert,3792,-1,3859,-2.0
3560,insert,3875,-1,3860,-2.0
3561,insert,3834,-1,3861,-2.0
3562,insert,3875,-1,3862,-2.0
3563,insert,3875,-1,3863,-2.0
3564,insert,3958,-1,3864,-2.0
3565,insert,3791,-1,3865,-2.0
3566,insert,3959,-1,3866,-2.0
3567,insert,3500,-1,3867,-2.0
3568,insert,3541,-1,3868,-2.0
3569,insert,3708,-1,3869,-2.0
3570,insert,3792,-1,3870,-2.0
3571,insert,5750,-1,3871,-2.0
3572,insert,3542,-1,3872,-2.0
3573,insert,3917,-1,3873,-2.0
3574,insert,3875,-1,3874,-2.0
3575,insert,3792,-1,3875,-2.0
3576,insert,4000,-1,3876,-2.0
3577,insert,3875,-1,3877,-2.0
3578,insert,3875,-1,3878,-2.0
3579,insert,3834,-1,3879,-2.0
3580,insert,3958,-1,3880,-2.0
3581,insert,4000,-1,3881,-2.0
3582,insert,4000,-1,3882,-2.0
3583,insert,3833,-1,3883,-2.0
3584,insert,4542,-1,3884,-2.0
3585,insert,3958,-1,3885,-2.0
3586,insert,5041,-1,3886,-2.0
3587,insert,4083,-1,3887,-2.0
3588,insert,3875,-1,3888,-2.0
3589,insert,4583,-1,3889,-2.0
3590,insert,4084,-1,3890,-2.0
3591,insert,3916,-1,3891,-2.0
3592,insert,3834,-1,3892,-2.0
3593,insert,4083,-1,3893,-2.0
3594,insert,5459,-1,3894,-2.0
3595,insert,3791,-1,3895,-2.0
3596,insert,4042,-1,3896,-2.0
3597,insert,4250,-1,3897,-2.0
3598,insert,4167,-1,3898,-2.0
3599,insert,4000,-1,3899,-2.0
3600,insert,4000,4970834,3900,1.0
3601,insert,7625,-1,3901,-2.0
3602,insert,4375,-1,3902,-2.0
3603,insert,4375,-1,3903,-2.0
3604,insert,4208,-1,3904,-2.0
3605,insert,4291,-1,3905,-2.0
3606,insert,5084,-1,3906,-2.0
3607,insert,4208,-1,3907,-2.0
3608,insert,3958,-1,3908,-2.0
3609,insert,4083,-1,3909,-2.0
3610,insert,4250,-1,3910,-2.0
3611,insert,3917,-1,3911,-2.0
3612,insert,4542,-1,3912,-2.0
3613,insert,4167,-1,3913,-2.0
3614,insert,4500,-1,3914,-2.0
3615,insert,4375,-1,3915,-2.0
3616,insert,5375,-1,3916,-2.0
3617,insert,4167,-1,3917,-2.0
3618,insert,4333,-1,3918,-2.0
3619,insert,5542,-1,3919,-2.0
3620,insert,3958,-1,3920,-2.0
3621,insert,4208,-1,3921,-2.0
3622,insert,4167,-1,3922,-2.0
3623,insert,4208,-1,3923,-2.0
3624,insert,4292,-1,3924,-2.0
3625,insert,4333,-1,3925,-2.0
3626,insert,4250,-1,3926,-2.0
3627,insert,4125,-1,3927,-2.0
3628,insert,4208,-1,3928,-2.0
3629,insert,4209,-1,3929,-2.0
3630,insert,4083,-1,3930,-2.0
3631,insert,4333,-1,3931,-2.0
3632,insert,4125,-1,3932,-2.0
3633,insert,4041,-1,3933,-2.0
3634,insert,4458,-1,3934,-2.0
3635,insert,4334,-1,3935,-2.0
3636,insert,4166,-1,3936,-2.0
3637,insert,4250,-1,3937,-2.0
3638,insert,4209,-1,3938,-2.0
3639,insert,5250,-1,3939,-2.0
3640,insert,4125,-1,3940,-2.0
3641,insert,4458,-1,3941,-2.0
3642,insert,4209,-1,3942,-2.0
3643,insert,4208,-1,3943,-2.0
3644,insert,4625,-1,3944,-2.0
3645,insert,4125,-1,3945,-2.0
3646,insert,5041,-1,3946,-2.0
3647,insert,4250,-1,3947,-2.0
3648,insert,4292,-1,3948,-2.0
3649,insert,4208,-1,3949,-2.0
3650,insert,5167,-1,3950,-2.0
3651,insert,4375,-1,3951,-2.0
3652,insert,3958,-1,3952,-2.0
3653,insert,4208,-1,3953,-2.0
3654,insert,4125,-1,3954,-2.0
3655,insert,5334,-1,3955,-2.0
3656,insert,4083,-1,3956,-2.0
3657,insert,4250,-1,3957,-2.0
3658,insert,4333,-1,3958,-2.0
3659,insert,4292,-1,3959,-2.0
3660,insert,4333,-1,3960,-2.0
3661,insert,5167,-1,3961,-2.0
3662,insert,4125,-1,3962,-2.0
3663,insert,4375,-1,3963,-2.0
3664,insert,4250,-1,3964,-2.0
3665,insert,4375,-1,3965,-2.0
3666,insert,4000,-1,3966,-2.0
3667,insert,4083,-1,3967,-2.0
3668,insert,4125,-1,3968,-2.0
3669,insert,4375,-1,3969,-2.0
3670,insert,5417,-1,3970,-2.0
3671,insert,4959,-1,3971,-2.0
3672,insert,4291,-1,3972,-2.0
3673,insert,5500,-1,3973,-2.0
3674,insert,6375,-1,3974,-2.0
3675,insert,4291,-1,3975,-2.0
3676,insert,4792,-1,3976,-2.0
3677,insert,4208,-1,3977,-2.0
3678,insert,4167,-1,3978,-2.0
3679,insert,4666,-1,3979,-2.0
3680,insert,4208,-1,3980,-2.0
3681,insert,4042,-1,3981,-2.0
3682,insert,4292,-1,3982,-2.0
3683,insert,4167,-1,3983,-2.0
3684,insert,3916,-1,3984,-2.0
3685,insert,4084,-1,3985,-2.0
3686,insert,4083,-1,3986,-2.0
3687,insert,4458,-1,3987,-2.0
3688,insert,4292,-1,3988,-2.0
3689,insert,4125,-1,3989,-2.0
3690,insert,3833,-1,3990,-2.0
3691,insert,4083,-1,3991,-2.0
3692,insert,5208,-1,3992,-2.0
3693,insert,4416,-1,3993,-2.0
3694,insert,4292,-1,3994,-2.0
3695,insert,4125,-1,3995,-2.0
3696,insert,4291,-1,3996,-2.0
3697,insert,4375,-1,3997,-2.0
3698,insert,4416,-1,3998,-2.0
3699,insert,5708,-1,3999,-2.0
3700,insert,4167,-1,4000,-2.0
3701,insert,4250,-1,4001,-2.0
3702,insert,4375,-1,4002,-2.0
3703,insert,4333,-1,4003,-2.0
3704,insert,4375,-1,4004,-2.0
3705,insert,5125,-1,4005,-2.0
3706,insert,3833,-1,4006,-2.0
3707,insert,4125,-1,4007,-2.0
3708,insert,4250,-1,4008,-2.0
3709,insert,4083,-1,4009,-2.0
3710,insert,5500,-1,4010,-2.0
3711,insert,5209,-1,4011,-2.0
3712,insert,4375,-1,4012,-2.0
3713,insert,4625,-1,4013,-2.0
3714,insert,4417,-1,4014,-2.0
3715,insert,4291,-1,4015,-2.0
3716,insert,4292,-1,4016,-2.0
3717,insert,4042,-1,4017,-2.0
3718,insert,5583,-1,4018,-2.0
3719,insert,4500,-1,4019,-2.0
3720,insert,5917,-1,4020,-2.0
3721,insert,5250,-1,4021,-2.0
3722,insert,5166,-1,4022,-2.0
3723,insert,5208,-1,4023,-2.0
3724,insert,4500,-1,4024,-2.0
3725,insert,4292,-1,4025,-2.0
3726,insert,4416,-1,4026,-2.0
3727,insert,5625,-1,4027,-2.0
3728,insert,4417,-1,4028,-2.0
3729,insert,5208,-1,4029,-2.0
3730,insert,4416,-1,4030,-2.0
3731,insert,4625,-1,4031,-2.0
3732,insert,4459,-1,4032,-2.0
3733,insert,4416,-1,4033,-2.0
3734,insert,4333,-1,4034,-2.0
3735,insert,4333,-1,4035,-2.0
3736,insert,4334,-1,4036,-2.0
3737,insert,4417,-1,4037,-2.0
3738,insert,4333,-1,4038,-2.0
3739,insert,4125,-1,4039,-2.0
3740,insert,4292,-1,4040,-2.0
3741,insert,4375,-1,4041,-2.0
3742,insert,4334,-1,4042,-2.0
3743,insert,4583,-1,4043,-2.0
3744,insert,4500,-1,4044,-2.0
3745,insert,4583,-1,4045,-2.0
3746,insert,5000,-1,4046,-2.0
3747,insert,4583,-1,4047,-2.0
3748,insert,4750,-1,4048,-2.0
3749,insert,4292,-1,4049,-2.0
3750,insert,4666,-1,4050,-2.0
3751,insert,4542,-1,4051,-2.0
3752,insert,5375,-1,4052,-2.0
3753,insert,4375,-1,4053,-2.0
3754,insert,4500,-1,4054,-2.0
3755,insert,4667,-1,4055,-2.0
3756,insert,4583,-1,4056,-2.0
3757,insert,4292,-1,4057,-2.0
3758,insert,4583,-1,4058,-2.0
3759,insert,4500,-1,4059,-2.0
3760,insert,4417,-1,4060,-2.0
3761,insert,5250,-1,4061,-2.0
3762,insert,4708,-1,4062,-2.0
3763,insert,4459,-1,4063,-2.0
3764,insert,4583,-1,4064,-2.0
3765,insert,4542,-1,4065,-2.0
3766,insert,4375,-1,4066,-2.0
3767,insert,5666,-1,4067,-2.0
3768,insert,4292,-1,4068,-2.0
3769,insert,4625,-1,4069,-2.0
3770,insert,4500,-1,4070,-2.0
3771,insert,5625,-1,4071,-2.0
3772,insert,5917,-1,4072,-2.0
3773,insert,4416,-1,4073,-2.0
3774,insert,4584,-1,4074,-2.0
3775,insert,5958,-1,4075,-2.0
3776,insert,6042,-1,4076,-2.0
3777,insert,5708,-1,4077,-2.0
3778,insert,4917,-1,4078,-2.0
3779,insert,4333,-1,4079,-2.0
3780,insert,5750,-1,4080,-2.0
3781,insert,5666,-1,4081,-2.0
3782,insert,5708,-1,4082,-2.0
3783,insert,5083,-1,4083,-2.0
3784,insert,5750,-1,4084,-2.0
3785,insert,4834,-1,4085,-2.0
3786,insert,4750,-1,4086,-2.0
3787,insert,5833,-1,4087,-2.0
3788,insert,5083,-1,4088,-2.0
3789,insert,4334,-1,4089,-2.0
3790,insert,5792,-1,4090,-2.0
3791,insert,4333,-1,4091,-2.0
3792,insert,5708,-1,4092,-2.0
3793,insert,4458,-1,4093,-2.0
3794,insert,4250,-1,4094,-2.0
3795,insert,5916,-1,4095,-2.0
3796,insert,5209,-1,4096,-2.0
3797,insert,14708,-1,4097,-2.0
3798,insert,4375,-1,4098,-2.0
3799,insert,5583,-1,4099,-2.0
3800,insert,4959,-1,4100,-2.0
3801,insert,4416,-1,4101,-2.0
3802,insert,5250,-1,4102,-2.0
3803,insert,5208,-1,4103,-2.0
3804,insert,5667,-1,4104,-2.0
3805,insert,4625,-1,4105,-2.0
3806,insert,5917,-1,4106,-2.0
3807,insert,5292,-1,4107,-2.0
3808,insert,5334,-1,4108,-2.0
3809,insert,5041,-1,4109,-2.0
3810,insert,5167,-1,4110,-2.0
3811,insert,5000,-1,4111,-2.0
3812,insert,5542,-1,4112,-2.0
3813,insert,4542,-1,4113,-2.0
3814,insert,5750,-1,4114,-2.0
3815,insert,5041,-1,4115,-2.0
3816,insert,5000,-1,4116,-2.0
3817,insert,4959,-1,4117,-2.0
3818,insert,5125,-1,4118,-2.0
3819,insert,5000,-1,4119,-2.0
3820,insert,4958,-1,4120,-2.0
3821,insert,5083,-1,4121,-2.0
3822,insert,5041,-1,4122,-2.0
3823,insert,5250,-1,4123,-2.0
3824,insert,5333,-1,4124,-2.0
3825,insert,5792,-1,4125,-2.0
3826,insert,5250,-1,4126,-2.0
3827,insert,5166,-1,4127,-2.0
3828,insert,5459,-1,4128,-2.0
3829,insert,4584,-1,4129,-2.0
3830,insert,6042,-1,4130,-2.0
3831,insert,5208,-1,4131,-2.0
3832,insert,5209,-1,4132,-2.0
3833,insert,5250,-1,4133,-2.0
3834,insert,5709,-1,4134,-2.0
3835,insert,5250,-1,4135,-2.0
3836,insert,5125,-1,4136,-2.0
3837,insert,5750,-1,4137,-2.0
3838,insert,5167,-1,4138,-2.0
3839,insert,5333,-1,4139,-2.0
3840,insert,5125,-1,4140,-2.0
3841,insert,5375,-1,4141,-2.0
3842,insert,5708,-1,4142,-2.0
3843,insert,4792,-1,4143,-2.0
3844,insert,5792,-1,4144,-2.0
3845,insert,5333,-1,4145,-2.0
3846,insert,5208,-1,4146,-2.0
3847,insert,5750,-1,4147,-2.0
3848,insert,5416,-1,4148,-2.0
3849,insert,5334,-1,4149,-2.0
3850,insert,5041,-1,4150,-2.0
3851,insert,5708,-1,4151,-2.0
3852,insert,5375,-1,4152,-2.0
3853,insert,5583,-1,4153,-2.0
3854,insert,5250,-1,4154,-2.0
3855,insert,5666,-1,4155,-2.0
3856,insert,4459,-1,4156,-2.0
3857,insert,4958,-1,4157,-2.0
3858,insert,6042,-1,4158,-2.0
3859,insert,5208,-1,4159,-2.0
3860,insert,5000,-1,4160,-2.0
3861,insert,5250,-1,4161,-2.0
3862,insert,6166,-1,4162,-2.0
3863,insert,5334,-1,4163,-2.0
3864,insert,5500,-1,4164,-2.0
3865,insert,5333,-1,4165,-2.0
3866,insert,5416,-1,4166,-2.0
3867,insert,6000,-1,4167,-2.0
3868,insert,5083,-1,4168,-2.0
3869,insert,5750,-1,4169,-2.0
3870,insert,5625,-1,4170,-2.0
3871,insert,5291,-1,4171,-2.0
3872,insert,5250,-1,4172,-2.0
3873,insert,4042,-1,4173,-2.0
3874,insert,5041,-1,4174,-2.0
3875,insert,5250,-1,4175,-2.0
3876,insert,5625,-1,4176,-2.0
3877,insert,5417,-1,4177,-2.0
3878,insert,5958,-1,4178,-2.0
3879,insert,5458,-1,4179,-2.0
3880,insert,5708,-1,4180,-2.0
3881,insert,5833,-1,4181,-2.0
3882,insert,6084,-1,4182,-2.0
3883,insert,5333,-1,4183,-2.0
3884,insert,5167,-1,4184,-2.0
3885,insert,6416,-1,4185,-2.0
3886,insert,5834,-1,4186,-2.0
3887,insert,5625,-1,4187,-2.0
3888,insert,6292,-1,4188,-2.0
3889,insert,5500,-1,4189,-2.0
3890,insert,5625,-1,4190,-2.0
3891,insert,6209,-1,4191,-2.0
3892,insert,5458,-1,4192,-2.0
3893,insert,5750,-1,4193,-2.0
3894,insert,5333,-1,4194,-2.0
3895,insert,5417,-1,4195,-2.0
3896,insert,3125,-1,4196,-2.0
3897,insert,5375,-1,4197,-2.0
3898,insert,5917,-1,4198,-2.0
3899,insert,7958,-1,4199,-2.0
3900,insert,5625,7019292,4200,1.0
3901,insert,12542,-1,4201,-2.0
3902,insert,6667,-1,4202,-2.0
3903,insert,6333,-1,4203,-2.0
3904,insert,6500,-1,4204,-2.0
3905,insert,6458,-1,4205,-2.0
3906,insert,6667,-1,4206,-2.0
3907,insert,6209,-1,4207,-2.0
3908,insert,6292,-1,4208,-2.0
3909,insert,6416,-1,4209,-2.0
3910,insert,6334,-1,4210,-2.0
3911,insert,6125,-1,4211,-2.0
3912,insert,6083,-1,4212,-2.0
3913,insert,6333,-1,4213,-2.0
3914,insert,6500,-1,4214,-2.0
3915,insert,6167,-1,4215,-2.0
3916,insert,6291,-1,4216,-2.0
3917,insert,6459,-1,4217,-2.0
3918,insert,6375,-1,4218,-2.0
3919,insert,5708,-1,4219,-2.0
3920,insert,6250,-1,4220,-2.0
3921,insert,6125,-1,4221,-2.0
3922,insert,6375,-1,4222,-2.0
3923,insert,6291,-1,4223,-2.0
3924,insert,6292,-1,4224,-2.0
3925,insert,6000,-1,4225,-2.0
3926,insert,6209,-1,4226,-2.0
3927,insert,6208,-1,4227,-2.0
3928,insert,7209,-1,4228,-2.0
3929,insert,6125,-1,4229,-2.0
3930,insert,6125,-1,4230,-2.0
3931,insert,6333,-1,4231,-2.0
3932,insert,6375,-1,4232,-2.0
3933,insert,5917,-1,4233,-2.0
3934,insert,8542,-1,4234,-2.0
3935,insert,6500,-1,4235,-2.0
3936,insert,6250,-1,4236,-2.0
3937,insert,6791,-1,4237,-2.0
3938,insert,6708,-1,4238,-2.0
3939,insert,6209,-1,4239,-2.0
3940,insert,6500,-1,4240,-2.0
3941,insert,6500,-1,4241,-2.0
3942,insert,6500,-1,4242,-2.0
3943,insert,6000,-1,4243,-2.0
3944,insert,6375,-1,4244,-2.0
3945,insert,7083,-1,4245,-2.0
3946,insert,6500,-1,4246,-2.0
3947,insert,6375,-1,4247,-2.0
3948,insert,6500,-1,4248,-2.0
3949,insert,6541,-1,4249,-2.0
3950,insert,6166,-1,4250,-2.0
3951,insert,6500,-1,4251,-2.0
3952,insert,6167,-1,4252,-2.0
3953,insert,6083,-1,4253,-2.0
3954,insert,5042,-1,4254,-2.0
3955,insert,5791,-1,4255,-2.0
3956,insert,4875,-1,4256,-2.0
3957,insert,5459,-1,4257,-2.0
3958,insert,5417,-1,4258,-2.0
3959,insert,5667,-1,4259,-2.0
3960,insert,5375,-1,4260,-2.0
3961,insert,5291,-1,4261,-2.0
3962,insert,5334,-1,4262,-2.0
3963,insert,9458,-1,4263,-2.0
3964,insert,5875,-1,4264,-2.0
3965,insert,6875,-1,4265,-2.0
3966,insert,6583,-1,4266,-2.0
3967,insert,5667,-1,4267,-2.0
3968,insert,5667,-1,4268,-2.0
3969,insert,5625,-1,4269,-2.0
3970,insert,5500,-1,4270,-2.0
3971,insert,5583,-1,4271,-2.0
3972,insert,6458,-1,4272,-2.0
3973,insert,6208,-1,4273,-2.0
3974,insert,8291,-1,4274,-2.0
3975,insert,5625,-1,4275,-2.0
3976,insert,5791,-1,4276,-2.0
3977,insert,5875,-1,4277,-2.0
3978,insert,5458,-1,4278,-2.0
3979,insert,6375,-1,4279,-2.0
3980,insert,6416,-1,4280,-2.0
3981,insert,5875,-1,4281,-2.0
3982,insert,6333,-1,4282,-2.0
3983,insert,6000,-1,4283,-2.0
3984,insert,6708,-1,4284,-2.0
3985,insert,5708,-1,4285,-2.0
3986,insert,5625,-1,4286,-2.0
3987,insert,6708,-1,4287,-2.0
3988,insert,6334,-1,4288,-2.0
3989,insert,6208,-1,4289,-2.0
3990,insert,5583,-1,4290,-2.0
3991,insert,5875,-1,4291,-2.0
3992,insert,6250,-1,4292,-2.0
3993,insert,6625,-1,4293,-2.0
3994,insert,5875,-1,4294,-2.0
3995,insert,6417,-1,4295,-2.0
3996,insert,5458,-1,4296,-2.0
3997,insert,5792,-1,4297,-2.0
3998,insert,6666,-1,4298,-2.0
3999,insert,5750,-1,4299,-2.0
4000,insert,6542,-1,4300,-2.0
4001,insert,5792,-1,4301,-2.0
4002,insert,5500,-1,4302,-2.0
4003,insert,6416,-1,4303,-2.0
4004,insert,5708,-1,4304,-2.0
4005,insert,6875,-1,4305,-2.0
4006,insert,6375,-1,4306,-2.0
4007,insert,6792,-1,4307,-2.0
4008,insert,5750,-1,4308,-2.0
4009,insert,5750,-1,4309,-2.0
4010,insert,5708,-1,4310,-2.0
4011,insert,5834,-1,4311,-2.0
4012,insert,5916,-1,4312,-2.0
4013,insert,6666,-1,4313,-2.0
4014,insert,6791,-1,4314,-2.0
4015,insert,5667,-1,4315,-2.0
4016,insert,6250,-1,4316,-2.0
4017,insert,5667,-1,4317,-2.0
4018,insert,6958,-1,4318,-2.0
4019,insert,5750,-1,4319,-2.0
4020,insert,5667,-1,4320,-2.0
4021,insert,5875,-1,4321,-2.0
4022,insert,6209,-1,4322,-2.0
4023,insert,5750,-1,4323,-2.0
4024,insert,6584,-1,4324,-2.0
4025,insert,6291,-1,4325,-2.0
4026,insert,5541,-1,4326,-2.0
4027,insert,5625,-1,4327,-2.0
4028,insert,6458,-1,4328,-2.0
4029,insert,5916,-1,4329,-2.0
4030,insert,5917,-1,4330,-2.0
4031,insert,6708,-1,4331,-2.0
4032,insert,6708,-1,4332,-2.0
4033,insert,7042,-1,4333,-2.0
4034,insert,6416,-1,4334,-2.0
4035,insert,6666,-1,4335,-2.0
4036,insert,6334,-1,4336,-2.0
4037,insert,5917,-1,4337,-2.0
4038,insert,5833,-1,4338,-2.0
4039,insert,5875,-1,4339,-2.0
4040,insert,6000,-1,4340,-2.0
4041,insert,6541,-1,4341,-2.0
4042,insert,5875,-1,4342,-2.0
4043,insert,6042,-1,4343,-2.0
4044,insert,5875,-1,4344,-2.0
4045,insert,6583,-1,4345,-2.0
4046,insert,5709,-1,4346,-2.0
4047,insert,5917,-1,4347,-2.0
4048,insert,6167,-1,4348,-2.0
4049,insert,5792,-1,4349,-2.0
4050,insert,5083,-1,4350,-2.0
4051,insert,5708,-1,4351,-2.0
4052,insert,5667,-1,4352,-2.0
4053,insert,5958,-1,4353,-2.0
4054,insert,4625,-1,4354,-2.0
4055,insert,5958,-1,4355,-2.0
4056,insert,5917,-1,4356,-2.0
4057,insert,5750,-1,4357,-2.0
4058,insert,6541,-1,4358,-2.0
4059,insert,8250,-1,4359,-2.0
4060,insert,6083,-1,4360,-2.0
4061,insert,6000,-1,4361,-2.0
4062,insert,5792,-1,4362,-2.0
4063,insert,5083,-1,4363,-2.0
4064,insert,6834,-1,4364,-2.0
4065,insert,5958,-1,4365,-2.0
4066,insert,6625,-1,4366,-2.0
4067,insert,5750,-1,4367,-2.0
4068,insert,5916,-1,4368,-2.0
4069,insert,5667,-1,4369,-2.0
4070,insert,6000,-1,4370,-2.0
4071,insert,6667,-1,4371,-2.0
4072,insert,6000,-1,4372,-2.0
4073,insert,5625,-1,4373,-2.0
4074,insert,6834,-1,4374,-2.0
4075,insert,5667,-1,4375,-2.0
4076,insert,5917,-1,4376,-2.0
4077,insert,5667,-1,4377,-2.0
4078,insert,6125,-1,4378,-2.0
4079,insert,5916,-1,4379,-2.0
4080,insert,6125,-1,4380,-2.0
4081,insert,6750,-1,4381,-2.0
4082,insert,5959,-1,4382,-2.0
4083,insert,6625,-1,4383,-2.0
4084,insert,7042,-1,4384,-2.0
4085,insert,5916,-1,4385,-2.0
4086,insert,6083,-1,4386,-2.0
4087,insert,6583,-1,4387,-2.0
4088,insert,5792,-1,4388,-2.0
4089,insert,6875,-1,4389,-2.0
4090,insert,5917,-1,4390,-2.0
4091,insert,5791,-1,4391,-2.0
4092,insert,6083,-1,4392,-2.0
4093,insert,5959,-1,4393,-2.0
4094,insert,7166,-1,4394,-2.0
4095,insert,6250,-1,4395,-2.0
4096,insert,6875,-1,4396,-2.0
4097,insert,7041,-1,4397,-2.0
4098,insert,5917,-1,4398,-2.0
4099,insert,5708,-1,4399,-2.0
4100,insert,7083,-1,4400,-2.0
4101,insert,6792,-1,4401,-2.0
4102,insert,5125,-1,4402,-2.0
4103,insert,5375,-1,4403,-2.0
4104,insert,7000,-1,4404,-2.0
4105,insert,6333,-1,4405,-2.0
4106,insert,6542,-1,4406,-2.0
4107,insert,6125,-1,4407,-2.0
4108,insert,6250,-1,4408,-2.0
4109,insert,6042,-1,4409,-2.0
4110,insert,5292,-1,4410,-2.0
4111,insert,5250,-1,4411,-2.0
4112,insert,6083,-1,4412,-2.0
4113,insert,6042,-1,4413,-2.0
4114,insert,6584,-1,4414,-2.0
4115,insert,6292,-1,4415,-2.0
4116,insert,6000,-1,4416,-2.0
4117,insert,6042,-1,4417,-2.0
4118,insert,6459,-1,4418,-2.0
4119,insert,6000,-1,4419,-2.0
4120,insert,5750,-1,4420,-2.0
4121,insert,6083,-1,4421,-2.0
4122,insert,6042,-1,4422,-2.0
4123,insert,6333,-1,4423,-2.0
4124,insert,5833,-1,4424,-2.0
4125,insert,7167,-1,4425,-2.0
4126,insert,6208,-1,4426,-2.0
4127,insert,7917,-1,4427,-2.0
4128,insert,7000,-1,4428,-2.0
4129,insert,5833,-1,4429,-2.0
4130,insert,6042,-1,4430,-2.0
4131,insert,6333,-1,4431,-2.0
4132,insert,6667,-1,4432,-2.0
4133,insert,7292,-1,4433,-2.0
4134,insert,6375,-1,4434,-2.0
4135,insert,6000,-1,4435,-2.0
4136,insert,6083,-1,4436,-2.0
4137,insert,7583,-1,4437,-2.0
4138,insert,5667,-1,4438,-2.0
4139,insert,7125,-1,4439,-2.0
4140,insert,7083,-1,4440,-2.0
4141,insert,6083,-1,4441,-2.0
4142,insert,5667,-1,4442,-2.0
4143,insert,6625,-1,4443,-2.0
4144,insert,6375,-1,4444,-2.0
4145,insert,6291,-1,4445,-2.0
4146,insert,5916,-1,4446,-2.0
4147,insert,6292,-1,4447,-2.0
4148,insert,6084,-1,4448,-2.0
4149,insert,6458,-1,4449,-2.0
4150,insert,6250,-1,4450,-2.0
4151,insert,6750,-1,4451,-2.0
4152,insert,7083,-1,4452,-2.0
4153,insert,6167,-1,4453,-2.0
4154,insert,6250,-1,4454,-2.0
4155,insert,6500,-1,4455,-2.0
4156,insert,6250,-1,4456,-2.0
4157,insert,6083,-1,4457,-2.0
4158,insert,6125,-1,4458,-2.0
4159,insert,7000,-1,4459,-2.0
4160,insert,7084,-1,4460,-2.0
4161,insert,6875,-1,4461,-2.0
4162,insert,7083,-1,4462,-2.0
4163,insert,7292,-1,4463,-2.0
4164,insert,9958,-1,4464,-2.0
4165,insert,7625,-1,4465,-2.0
4166,insert,6833,-1,4466,-2.0
4167,insert,7500,-1,4467,-2.0
4168,insert,7417,-1,4468,-2.0
4169,insert,6958,-1,4469,-2.0
4170,insert,6208,-1,4470,-2.0
4171,insert,7041,-1,4471,-2.0
4172,insert,7333,-1,4472,-2.0
4173,insert,7750,-1,4473,-2.0
4174,insert,7375,-1,4474,-2.0
4175,insert,7208,-1,4475,-2.0
4176,insert,7958,-1,4476,-2.0
4177,insert,7042,-1,4477,-2.0
4178,insert,7625,-1,4478,-2.0
4179,insert,6334,-1,4479,-2.0
4180,insert,6958,-1,4480,-2.0
4181,insert,7375,-1,4481,-2.0
4182,insert,7792,-1,4482,-2.0
4183,insert,7750,-1,4483,-2.0
4184,insert,7750,-1,4484,-2.0
4185,insert,7417,-1,4485,-2.0
4186,insert,7417,-1,4486,-2.0
4187,insert,6583,-1,4487,-2.0
4188,insert,7292,-1,4488,-2.0
4189,insert,7333,-1,4489,-2.0
4190,insert,7750,-1,4490,-2.0
4191,insert,7250,-1,4491,-2.0
4192,insert,7208,-1,4492,-2.0
4193,insert,7416,-1,4493,-2.0
4194,insert,6875,-1,4494,-2.0
4195,insert,7250,-1,4495,-2.0
4196,insert,8166,-1,4496,-2.0
4197,insert,6792,-1,4497,-2.0
4198,insert,6833,-1,4498,-2.0
4199,insert,7334,-1,4499,-2.0
4200,insert,6625,7890167,4500,1.0
4201,insert,11917,-1,4501,-2.0
4202,insert,7458,-1,4502,-2.0
4203,insert,7375,-1,4503,-2.0
4204,insert,7042,-1,4504,-2.0
4205,insert,7959,-1,4505,-2.0
4206,insert,8583,-1,4506,-2.0
4207,insert,7208,-1,4507,-2.0
4208,insert,7042,-1,4508,-2.0
4209,insert,7084,-1,4509,-2.0
4210,insert,7625,-1,4510,-2.0
4211,insert,6625,-1,4511,-2.0
4212,insert,6833,-1,4512,-2.0
4213,insert,6792,-1,4513,-2.0
4214,insert,11541,-1,4514,-2.0
4215,insert,7458,-1,4515,-2.0
4216,insert,7667,-1,4516,-2.0
4217,insert,7167,-1,4517,-2.0
4218,insert,6875,-1,4518,-2.0
4219,insert,7417,-1,4519,-2.0
4220,insert,7250,-1,4520,-2.0
4221,insert,6375,-1,4521,-2.0
4222,insert,7250,-1,4522,-2.0
4223,insert,6917,-1,4523,-2.0
4224,insert,7292,-1,4524,-2.0
4225,insert,7000,-1,4525,-2.0
4226,insert,7375,-1,4526,-2.0
4227,insert,7791,-1,4527,-2.0
4228,insert,7125,-1,4528,-2.0
4229,insert,7542,-1,4529,-2.0
4230,insert,7250,-1,4530,-2.0
4231,insert,6625,-1,4531,-2.0
4232,insert,7041,-1,4532,-2.0
4233,insert,7167,-1,4533,-2.0
4234,insert,7542,-1,4534,-2.0
4235,insert,7334,-1,4535,-2.0
4236,insert,7041,-1,4536,-2.0
4237,insert,7375,-1,4537,-2.0
4238,insert,7542,-1,4538,-2.0
4239,insert,7500,-1,4539,-2.0
4240,insert,6917,-1,4540,-2.0
4241,insert,7166,-1,4541,-2.0
4242,insert,6334,-1,4542,-2.0
4243,insert,6625,-1,4543,-2.0
4244,insert,7333,-1,4544,-2.0
4245,insert,7167,-1,4545,-2.0
4246,insert,7250,-1,4546,-2.0
4247,insert,7042,-1,4547,-2.0
4248,insert,7250,-1,4548,-2.0
4249,insert,6208,-1,4549,-2.0
4250,insert,10834,-1,4550,-2.0
4251,insert,7250,-1,4551,-2.0
4252,insert,7125,-1,4552,-2.0
4253,insert,6917,-1,4553,-2.0
4254,insert,7500,-1,4554,-2.0
4255,insert,6625,-1,4555,-2.0
4256,insert,8709,-1,4556,-2.0
4257,insert,7417,-1,4557,-2.0
4258,insert,7625,-1,4558,-2.0
4259,insert,7208,-1,4559,-2.0
4260,insert,8875,-1,4560,-2.0
4261,insert,7208,-1,4561,-2.0
4262,insert,7667,-1,4562,-2.0
4263,insert,7000,-1,4563,-2.0
4264,insert,7292,-1,4564,-2.0
4265,insert,7834,-1,4565,-2.0
4266,insert,7458,-1,4566,-2.0
4267,insert,7417,-1,4567,-2.0
4268,insert,7541,-1,4568,-2.0
4269,insert,7292,-1,4569,-2.0
4270,insert,9417,-1,4570,-2.0
4271,insert,7666,-1,4571,-2.0
4272,insert,7667,-1,4572,-2.0
4273,insert,7167,-1,4573,-2.0
4274,insert,11500,-1,4574,-2.0
4275,insert,10000,-1,4575,-2.0
4276,insert,7583,-1,4576,-2.0
4277,insert,6875,-1,4577,-2.0
4278,insert,6542,-1,4578,-2.0
4279,insert,6917,-1,4579,-2.0
4280,insert,6541,-1,4580,-2.0
4281,insert,7375,-1,4581,-2.0
4282,insert,7375,-1,4582,-2.0
4283,insert,7875,-1,4583,-2.0
4284,insert,7875,-1,4584,-2.0
4285,insert,7583,-1,4585,-2.0
4286,insert,7125,-1,4586,-2.0
4287,insert,8666,-1,4587,-2.0
4288,insert,7583,-1,4588,-2.0
4289,insert,7417,-1,4589,-2.0
4290,insert,7208,-1,4590,-2.0
4291,insert,7792,-1,4591,-2.0
4292,insert,7541,-1,4592,-2.0
4293,insert,7250,-1,4593,-2.0
4294,insert,8208,-1,4594,-2.0
4295,insert,7500,-1,4595,-2.0
4296,insert,7958,-1,4596,-2.0
4297,insert,8500,-1,4597,-2.0
4298,insert,10250,-1,4598,-2.0
4299,insert,7292,-1,4599,-2.0
4300,insert,7417,-1,4600,-2.0
4301,insert,7834,-1,4601,-2.0
4302,insert,7250,-1,4602,-2.0
4303,insert,7500,-1,4603,-2.0
4304,insert,7292,-1,4604,-2.0
4305,insert,7625,-1,4605,-2.0
4306,insert,7416,-1,4606,-2.0
4307,insert,7666,-1,4607,-2.0
4308,insert,7709,-1,4608,-2.0
4309,insert,7541,-1,4609,-2.0
4310,insert,7750,-1,4610,-2.0
4311,insert,7375,-1,4611,-2.0
4312,insert,7209,-1,4612,-2.0
4313,insert,7750,-1,4613,-2.0
4314,insert,7083,-1,4614,-2.0
4315,insert,7750,-1,4615,-2.0
4316,insert,7750,-1,4616,-2.0
4317,insert,6375,-1,4617,-2.0
4318,insert,7833,-1,4618,-2.0
4319,insert,7708,-1,4619,-2.0
4320,insert,7292,-1,4620,-2.0
4321,insert,7875,-1,4621,-2.0
4322,insert,7542,-1,4622,-2.0
4323,insert,8708,-1,4623,-2.0
4324,insert,7167,-1,4624,-2.0
4325,insert,7375,-1,4625,-2.0
4326,insert,7792,-1,4626,-2.0
4327,insert,7750,-1,4627,-2.0
4328,insert,7375,-1,4628,-2.0
4329,insert,8083,-1,4629,-2.0
4330,insert,7959,-1,4630,-2.0
4331,insert,7750,-1,4631,-2.0
4332,insert,7083,-1,4632,-2.0
4333,insert,7750,-1,4633,-2.0
4334,insert,7625,-1,4634,-2.0
4335,insert,8125,-1,4635,-2.0
4336,insert,7666,-1,4636,-2.0
4337,insert,10167,-1,4637,-2.0
4338,insert,7583,-1,4638,-2.0
4339,insert,7916,-1,4639,-2.0
4340,insert,7708,-1,4640,-2.0
4341,insert,6750,-1,4641,-2.0
4342,insert,7875,-1,4642,-2.0
4343,insert,8084,-1,4643,-2.0
4344,insert,7541,-1,4644,-2.0
4345,insert,4542,-1,4645,-2.0
4346,insert,7875,-1,4646,-2.0
4347,insert,7166,-1,4647,-2.0
4348,insert,7667,-1,4648,-2.0
4349,insert,6917,-1,4649,-2.0
4350,insert,7625,-1,4650,-2.0
4351,insert,7292,-1,4651,-2.0
4352,insert,7584,-1,4652,-2.0
4353,insert,7500,-1,4653,-2.0
4354,insert,8375,-1,4654,-2.0
4355,insert,8458,-1,4655,-2.0
4356,insert,7834,-1,4656,-2.0
4357,insert,10167,-1,4657,-2.0
4358,insert,7875,-1,4658,-2.0
4359,insert,7458,-1,4659,-2.0
4360,insert,7875,-1,4660,-2.0
4361,insert,7625,-1,4661,-2.0
4362,insert,10125,-1,4662,-2.0
4363,insert,7333,-1,4663,-2.0
4364,insert,6167,-1,4664,-2.0
4365,insert,7625,-1,4665,-2.0
4366,insert,6750,-1,4666,-2.0
4367,insert,8459,-1,4667,-2.0
4368,insert,7625,-1,4668,-2.0
4369,insert,10417,-1,4669,-2.0
4370,insert,8125,-1,4670,-2.0
4371,insert,7375,-1,4671,-2.0
4372,insert,7916,-1,4672,-2.0
4373,insert,7250,-1,4673,-2.0
4374,insert,7667,-1,4674,-2.0
4375,insert,7917,-1,4675,-2.0
4376,insert,12500,-1,4676,-2.0
4377,insert,7959,-1,4677,-2.0
4378,insert,7708,-1,4678,-2.0
4379,insert,8042,-1,4679,-2.0
4380,insert,7583,-1,4680,-2.0
4381,insert,7333,-1,4681,-2.0
4382,insert,7917,-1,4682,-2.0
4383,insert,7833,-1,4683,-2.0
4384,insert,7958,-1,4684,-2.0
4385,insert,7792,-1,4685,-2.0
4386,insert,7791,-1,4686,-2.0
4387,insert,8625,-1,4687,-2.0
4388,insert,11250,-1,4688,-2.0
4389,insert,10042,-1,4689,-2.0
4390,insert,7958,-1,4690,-2.0
4391,insert,7542,-1,4691,-2.0
4392,insert,7667,-1,4692,-2.0
4393,insert,7416,-1,4693,-2.0
4394,insert,7625,-1,4694,-2.0
4395,insert,7750,-1,4695,-2.0
4396,insert,8416,-1,4696,-2.0
4397,insert,8209,-1,4697,-2.0
4398,insert,7458,-1,4698,-2.0
4399,insert,7792,-1,4699,-2.0
4400,insert,8250,-1,4700,-2.0
4401,insert,7959,-1,4701,-2.0
4402,insert,8500,-1,4702,-2.0
4403,insert,7750,-1,4703,-2.0
4404,insert,6583,-1,4704,-2.0
4405,insert,7375,-1,4705,-2.0
4406,insert,7667,-1,4706,-2.0
4407,insert,8250,-1,4707,-2.0
4408,insert,7750,-1,4708,-2.0
4409,insert,7917,-1,4709,-2.0
4410,insert,7583,-1,4710,-2.0
4411,insert,7375,-1,4711,-2.0
4412,insert,8791,-1,4712,-2.0
4413,insert,7875,-1,4713,-2.0
4414,insert,7916,-1,4714,-2.0
4415,insert,8750,-1,4715,-2.0
4416,insert,8292,-1,4716,-2.0
4417,insert,9208,-1,4717,-2.0
4418,insert,7458,-1,4718,-2.0
4419,insert,12041,-1,4719,-2.0
4420,insert,7584,-1,4720,-2.0
4421,insert,7417,-1,4721,-2.0
4422,insert,7833,-1,4722,-2.0
4423,insert,7875,-1,4723,-2.0
4424,insert,7417,-1,4724,-2.0
4425,insert,7750,-1,4725,-2.0
4426,insert,8250,-1,4726,-2.0
4427,insert,8209,-1,4727,-2.0
4428,insert,7875,-1,4728,-2.0
4429,insert,8250,-1,4729,-2.0
4430,insert,8375,-1,4730,-2.0
4431,insert,8042,-1,4731,-2.0
4432,insert,8292,-1,4732,-2.0
4433,insert,7708,-1,4733,-2.0
4434,insert,7708,-1,4734,-2.0
4435,insert,7791,-1,4735,-2.0
4436,insert,9208,-1,4736,-2.0
4437,insert,7500,-1,4737,-2.0
4438,insert,8209,-1,4738,-2.0
4439,insert,8000,-1,4739,-2.0
4440,insert,7709,-1,4740,-2.0
4441,insert,7916,-1,4741,-2.0
4442,insert,9875,-1,4742,-2.0
4443,insert,7834,-1,4743,-2.0
4444,insert,7833,-1,4744,-2.0
4445,insert,7833,-1,4745,-2.0
4446,insert,9667,-1,4746,-2.0
4447,insert,8459,-1,4747,-2.0
4448,insert,8500,-1,4748,-2.0
4449,insert,8375,-1,4749,-2.0
4450,insert,8083,-1,4750,-2.0
4451,insert,8250,-1,4751,-2.0
4452,insert,7875,-1,4752,-2.0
4453,insert,9500,-1,4753,-2.0
4454,insert,8250,-1,4754,-2.0
4455,insert,8459,-1,4755,-2.0
4456,insert,8166,-1,4756,-2.0
4457,insert,7834,-1,4757,-2.0
4458,insert,8250,-1,4758,-2.0
4459,insert,11375,-1,4759,-2.0
4460,insert,8292,-1,4760,-2.0
4461,insert,8708,-1,4761,-2.0
4462,insert,2833,-1,4762,-2.0
4463,insert,8042,-1,4763,-2.0
4464,insert,9417,-1,4764,-2.0
4465,insert,9000,-1,4765,-2.0
4466,insert,8417,-1,4766,-2.0
4467,insert,7958,-1,4767,-2.0
4468,insert,8208,-1,4768,-2.0
4469,insert,8375,-1,4769,-2.0
4470,insert,7917,-1,4770,-2.0
4471,insert,7667,-1,4771,-2.0
4472,insert,8250,-1,4772,-2.0
4473,insert,7167,-1,4773,-2.0
4474,insert,8166,-1,4774,-2.0
4475,insert,8167,-1,4775,-2.0
4476,insert,8250,-1,4776,-2.0
4477,insert,9792,-1,4777,-2.0
4478,insert,7750,-1,4778,-2.0
4479,insert,7500,-1,4779,-2.0
4480,insert,8416,-1,4780,-2.0
4481,insert,7959,-1,4781,-2.0
4482,insert,8291,-1,4782,-2.0
4483,insert,8541,-1,4783,-2.0
4484,insert,8250,-1,4784,-2.0
4485,insert,8125,-1,4785,-2.0
4486,insert,7833,-1,4786,-2.0
4487,insert,8250,-1,4787,-2.0
4488,insert,8000,-1,4788,-2.0
4489,insert,8250,-1,4789,-2.0
4490,insert,8375,-1,4790,-2.0
4491,insert,8500,-1,4791,-2.0
4492,insert,8209,-1,4792,-2.0
4493,insert,8166,-1,4793,-2.0
4494,insert,8167,-1,4794,-2.0
4495,insert,7833,-1,4795,-2.0
4496,insert,8333,-1,4796,-2.0
4497,insert,8833,-1,4797,-2.0
4498,insert,8667,-1,4798,-2.0
4499,insert,7042,-1,4799,-2.0
4500,insert,9375,9539291,4800,1.0
4501,insert,12042,-1,4801,-2.0
4502,insert,9041,-1,4802,-2.0
4503,insert,8791,-1,4803,-2.0
4504,insert,7375,-1,4804,-2.0
4505,insert,8958,-1,4805,-2.0
4506,insert,9083,-1,4806,-2.0
4507,insert,8125,-1,4807,-2.0
4508,insert,8375,-1,4808,-2.0
4509,insert,8625,-1,4809,-2.0
4510,insert,9958,-1,4810,-2.0
4511,insert,15208,-1,4811,-2.0
4512,insert,11250,-1,4812,-2.0
4513,insert,10500,-1,4813,-2.0
4514,insert,10541,-1,4814,-2.0
4515,insert,11000,-1,4815,-2.0
4516,insert,9666,-1,4816,-2.0
4517,insert,8500,-1,4817,-2.0
4518,insert,9916,-1,4818,-2.0
4519,insert,10291,-1,4819,-2.0
4520,insert,10000,-1,4820,-2.0
4521,insert,9542,-1,4821,-2.0
4522,insert,10750,-1,4822,-2.0
4523,insert,8875,-1,4823,-2.0
4524,insert,8791,-1,4824,-2.0
4525,insert,8750,-1,4825,-2.0
4526,insert,8208,-1,4826,-2.0
4527,insert,8959,-1,4827,-2.0
4528,insert,9917,-1,4828,-2.0
4529,insert,8833,-1,4829,-2.0
4530,insert,8750,-1,4830,-2.0
4531,insert,8625,-1,4831,-2.0
4532,insert,8792,-1,4832,-2.0
4533,insert,8958,-1,4833,-2.0
4534,insert,8500,-1,4834,-2.0
4535,insert,8291,-1,4835,-2.0
4536,insert,9084,-1,4836,-2.0
4537,insert,8541,-1,4837,-2.0
4538,insert,8583,-1,4838,-2.0
4539,insert,8458,-1,4839,-2.0
4540,insert,8334,-1,4840,-2.0
4541,insert,8292,-1,4841,-2.0
4542,insert,8458,-1,4842,-2.0
4543,insert,8625,-1,4843,-2.0
4544,insert,8500,-1,4844,-2.0
4545,insert,8750,-1,4845,-2.0
4546,insert,8666,-1,4846,-2.0
4547,insert,9083,-1,4847,-2.0
4548,insert,9250,-1,4848,-2.0
4549,insert,8167,-1,4849,-2.0
4550,insert,8292,-1,4850,-2.0
4551,insert,8542,-1,4851,-2.0
4552,insert,8750,-1,4852,-2.0
4553,insert,8625,-1,4853,-2.0
4554,insert,8208,-1,4854,-2.0
4555,insert,8625,-1,4855,-2.0
4556,insert,8875,-1,4856,-2.0
4557,insert,8167,-1,4857,-2.0
4558,insert,8334,-1,4858,-2.0
4559,insert,8750,-1,4859,-2.0
4560,insert,8333,-1,4860,-2.0
4561,insert,8208,-1,4861,-2.0
4562,insert,8209,-1,4862,-2.0
4563,insert,8458,-1,4863,-2.0
4564,insert,8417,-1,4864,-2.0
4565,insert,9083,-1,4865,-2.0
4566,insert,1917,-1,4866,-2.0
4567,insert,8750,-1,4867,-2.0
4568,insert,8375,-1,4868,-2.0
4569,insert,9500,-1,4869,-2.0
4570,insert,9083,-1,4870,-2.0
4571,insert,8250,-1,4871,-2.0
4572,insert,8125,-1,4872,-2.0
4573,insert,9292,-1,4873,-2.0
4574,insert,8875,-1,4874,-2.0
4575,insert,9333,-1,4875,-2.0
4576,insert,8334,-1,4876,-2.0
4577,insert,8416,-1,4877,-2.0
4578,insert,9000,-1,4878,-2.0
4579,insert,8208,-1,4879,-2.0
4580,insert,7709,-1,4880,-2.0
4581,insert,8166,-1,4881,-2.0
4582,insert,8458,-1,4882,-2.0
4583,insert,7042,-1,4883,-2.0
4584,insert,8250,-1,4884,-2.0
4585,insert,8459,-1,4885,-2.0
4586,insert,6958,-1,4886,-2.0
4587,insert,8667,-1,4887,-2.0
4588,insert,8917,-1,4888,-2.0
4589,insert,7792,-1,4889,-2.0
4590,insert,8583,-1,4890,-2.0
4591,insert,8458,-1,4891,-2.0
4592,insert,8375,-1,4892,-2.0
4593,insert,7833,-1,4893,-2.0
4594,insert,8208,-1,4894,-2.0
4595,insert,7917,-1,4895,-2.0
4596,insert,5750,-1,4896,-2.0
4597,insert,8167,-1,4897,-2.0
4598,insert,9333,-1,4898,-2.0
4599,insert,8709,-1,4899,-2.0
4600,insert,8209,-1,4900,-2.0
4601,insert,7208,-1,4901,-2.0
4602,insert,8959,-1,4902,-2.0
4603,insert,7583,-1,4903,-2.0
4604,insert,6917,-1,4904,-2.0
4605,insert,10042,-1,4905,-2.0
4606,insert,8792,-1,4906,-2.0
4607,insert,7042,-1,4907,-2.0
4608,insert,12209,-1,4908,-2.0
4609,insert,9250,-1,4909,-2.0
4610,insert,6917,-1,4910,-2.0
4611,insert,9042,-1,4911,-2.0
4612,insert,8250,-1,4912,-2.0
4613,insert,8375,-1,4913,-2.0
4614,insert,9375,-1,4914,-2.0
4615,insert,9125,-1,4915,-2.0
4616,insert,9000,-1,4916,-2.0
4617,insert,8709,-1,4917,-2.0
4618,insert,9292,-1,4918,-2.0
4619,insert,10791,-1,4919,-2.0
4620,insert,9000,-1,4920,-2.0
4621,insert,8625,-1,4921,-2.0
4622,insert,7584,-1,4922,-2.0
4623,insert,8542,-1,4923,-2.0
4624,insert,8750,-1,4924,-2.0
4625,insert,9500,-1,4925,-2.0
4626,insert,9084,-1,4926,-2.0
4627,insert,9000,-1,4927,-2.0
4628,insert,9167,-1,4928,-2.0
4629,insert,8125,-1,4929,-2.0
4630,insert,8042,-1,4930,-2.0
4631,insert,7375,-1,4931,-2.0
4632,insert,10334,-1,4932,-2.0
4633,insert,8875,-1,4933,-2.0
4634,insert,8458,-1,4934,-2.0
4635,insert,8500,-1,4935,-2.0
4636,insert,7708,-1,4936,-2.0
4637,insert,9083,-1,4937,-2.0
4638,insert,9167,-1,4938,-2.0
4639,insert,8834,-1,4939,-2.0
4640,insert,8083,-1,4940,-2.0
4641,insert,8292,-1,4941,-2.0
4642,insert,8125,-1,4942,-2.0
4643,insert,8584,-1,4943,-2.0
4644,insert,7334,-1,4944,-2.0
4645,insert,7458,-1,4945,-2.0
4646,insert,7833,-1,4946,-2.0
4647,insert,7417,-1,4947,-2.0
4648,insert,9375,-1,4948,-2.0
4649,insert,12583,-1,4949,-2.0
4650,insert,6792,-1,4950,-2.0
4651,insert,6666,-1,4951,-2.0
4652,insert,7667,-1,4952,-2.0
4653,insert,8375,-1,4953,-2.0
4654,insert,7292,-1,4954,-2.0
4655,insert,7542,-1,4955,-2.0
4656,insert,8375,-1,4956,-2.0
4657,insert,7459,-1,4957,-2.0
4658,insert,9458,-1,4958,-2.0
4659,insert,7875,-1,4959,-2.0
4660,insert,8083,-1,4960,-2.0
4661,insert,9417,-1,4961,-2.0
4662,insert,7792,-1,4962,-2.0
4663,insert,9125,-1,4963,-2.0
4664,insert,7916,-1,4964,-2.0
4665,insert,9209,-1,4965,-2.0
4666,insert,7375,-1,4966,-2.0
4667,insert,7458,-1,4967,-2.0
4668,insert,7500,-1,4968,-2.0
4669,insert,8375,-1,4969,-2.0
4670,insert,8250,-1,4970,-2.0
4671,insert,8000,-1,4971,-2.0
4672,insert,7333,-1,4972,-2.0
4673,insert,7542,-1,4973,-2.0
4674,insert,8666,-1,4974,-2.0
4675,insert,7416,-1,4975,-2.0
4676,insert,7542,-1,4976,-2.0
4677,insert,8333,-1,4977,-2.0
4678,insert,9458,-1,4978,-2.0
4679,insert,8500,-1,4979,-2.0
4680,insert,7542,-1,4980,-2.0
4681,insert,8250,-1,4981,-2.0
4682,insert,8167,-1,4982,-2.0
4683,insert,9000,-1,4983,-2.0
4684,insert,7916,-1,4984,-2.0
4685,insert,7833,-1,4985,-2.0
4686,insert,8000,-1,4986,-2.0
4687,insert,9250,-1,4987,-2.0
4688,insert,8792,-1,4988,-2.0
4689,insert,8041,-1,4989,-2.0
4690,insert,8292,-1,4990,-2.0
4691,insert,8750,-1,4991,-2.0
4692,insert,8000,-1,4992,-2.0
4693,insert,8083,-1,4993,-2.0
4694,insert,7542,-1,4994,-2.0
4695,insert,8375,-1,4995,-2.0
4696,insert,7500,-1,4996,-2.0
4697,insert,8000,-1,4997,-2.0
4698,insert,7417,-1,4998,-2.0
4699,insert,9125,-1,4999,-2.0
4700,insert,7916,-1,5000,-2.0
4701,insert,8417,-1,5001,-2.0
4702,insert,8041,-1,5002,-2.0
4703,insert,7750,-1,5003,-2.0
4704,insert,8542,-1,5004,-2.0
4705,insert,7667,-1,5005,-2.0
4706,insert,8500,-1,5006,-2.0
4707,insert,7667,-1,5007,-2.0
4708,insert,7333,-1,5008,-2.0
4709,insert,7834,-1,5009,-2.0
4710,insert,8292,-1,5010,-2.0
4711,insert,7458,-1,5011,-2.0
4712,insert,8209,-1,5012,-2.0
4713,insert,8417,-1,5013,-2.0
4714,insert,8208,-1,5014,-2.0
4715,insert,7958,-1,5015,-2.0
4716,insert,8083,-1,5016,-2.0
4717,insert,8167,-1,5017,-2.0
4718,insert,8334,-1,5018,-2.0
4719,insert,8208,-1,5019,-2.0
4720,insert,8750,-1,5020,-2.0
4721,insert,7625,-1,5021,-2.0
4722,insert,7708,-1,5022,-2.0
4723,insert,8292,-1,5023,-2.0
4724,insert,7583,-1,5024,-2.0
4725,insert,8584,-1,5025,-2.0
4726,insert,8708,-1,5026,-2.0
4727,insert,9625,-1,5027,-2.0
4728,insert,8792,-1,5028,-2.0
4729,insert,8875,-1,5029,-2.0
4730,insert,9291,-1,5030,-2.0
4731,insert,9334,-1,5031,-2.0
4732,insert,9125,-1,5032,-2.0
4733,insert,9125,-1,5033,-2.0
4734,insert,9167,-1,5034,-2.0
4735,insert,8500,-1,5035,-2.0
4736,insert,8458,-1,5036,-2.0
4737,insert,8125,-1,5037,-2.0
4738,insert,8542,-1,5038,-2.0
4739,insert,9083,-1,5039,-2.0
4740,insert,8833,-1,5040,-2.0
4741,insert,9583,-1,5041,-2.0
4742,insert,9125,-1,5042,-2.0
4743,insert,8208,-1,5043,-2.0
4744,insert,10208,-1,5044,-2.0
4745,insert,8625,-1,5045,-2.0
4746,insert,8625,-1,5046,-2.0
4747,insert,8875,-1,5047,-2.0
4748,insert,9375,-1,5048,-2.0
4749,insert,8333,-1,5049,-2.0
4750,insert,9959,-1,5050,-2.0
4751,insert,9250,-1,5051,-2.0
4752,insert,8917,-1,5052,-2.0
4753,insert,9458,-1,5053,-2.0
4754,insert,8875,-1,5054,-2.0
4755,insert,8792,-1,5055,-2.0
4756,insert,14334,-1,5056,-2.0
4757,insert,9459,-1,5057,-2.0
4758,insert,9250,-1,5058,-2.0
4759,insert,9500,-1,5059,-2.0
4760,insert,9291,-1,5060,-2.0
4761,insert,10875,-1,5061,-2.0
4762,insert,10916,-1,5062,-2.0
4763,insert,9667,-1,5063,-2.0
4764,insert,4959,-1,5064,-2.0
4765,insert,9000,-1,5065,-2.0
4766,insert,10417,-1,5066,-2.0
4767,insert,9708,-1,5067,-2.0
4768,insert,9458,-1,5068,-2.0
4769,insert,9209,-1,5069,-2.0
4770,insert,8500,-1,5070,-2.0
4771,insert,8208,-1,5071,-2.0
4772,insert,7917,-1,5072,-2.0
4773,insert,9750,-1,5073,-2.0
4774,insert,9583,-1,5074,-2.0
4775,insert,9500,-1,5075,-2.0
4776,insert,4375,-1,5076,-2.0
4777,insert,9250,-1,5077,-2.0
4778,insert,9166,-1,5078,-2.0
4779,insert,9542,-1,5079,-2.0
4780,insert,9250,-1,5080,-2.0
4781,insert,9709,-1,5081,-2.0
4782,insert,8375,-1,5082,-2.0
4783,insert,7959,-1,5083,-2.0
4784,insert,9208,-1,5084,-2.0
4785,insert,9417,-1,5085,-2.0
4786,insert,7875,-1,5086,-2.0
4787,insert,9667,-1,5087,-2.0
4788,insert,9500,-1,5088,-2.0
4789,insert,10042,-1,5089,-2.0
4790,insert,8041,-1,5090,-2.0
4791,insert,8583,-1,5091,-2.0
4792,insert,7959,-1,5092,-2.0
4793,insert,8708,-1,5093,-2.0
4794,insert,13125,-1,5094,-2.0
4795,insert,8333,-1,5095,-2.0
4796,insert,8542,-1,5096,-2.0
4797,insert,10000,-1,5097,-2.0
4798,insert,9667,-1,5098,-2.0
4799,insert,9958,-1,5099,-2.0
4800,insert,8417,11606084,5100,1.0
4801,insert,13000,-1,5101,-2.0
4802,insert,8875,-1,5102,-2.0
4803,insert,7583,-1,5103,-2.0
4804,insert,8583,-1,5104,-2.0
4805,insert,8834,-1,5105,-2.0
4806,insert,8375,-1,5106,-2.0
4807,insert,8459,-1,5107,-2.0
4808,insert,8333,-1,5108,-2.0
4809,insert,7459,-1,5109,-2.0
4810,insert,7583,-1,5110,-2.0
4811,insert,8542,-1,5111,-2.0
4812,insert,8416,-1,5112,-2.0
4813,insert,7750,-1,5113,-2.0
4814,insert,8083,-1,5114,-2.0
4815,insert,7792,-1,5115,-2.0
4816,insert,13958,-1,5116,-2.0
4817,insert,8500,-1,5117,-2.0
4818,insert,7667,-1,5118,-2.0
4819,insert,7708,-1,5119,-2.0
4820,insert,13500,-1,5120,-2.0
4821,insert,10459,-1,5121,-2.0
4822,insert,8958,-1,5122,-2.0
4823,insert,13750,-1,5123,-2.0
4824,insert,11541,-1,5124,-2.0
4825,insert,8500,-1,5125,-2.0
4826,insert,7959,-1,5126,-2.0
4827,insert,10000,-1,5127,-2.0
4828,insert,8625,-1,5128,-2.0
4829,insert,4625,-1,5129,-2.0
4830,insert,8667,-1,5130,-2.0
4831,insert,8333,-1,5131,-2.0
4832,insert,8125,-1,5132,-2.0
4833,insert,7792,-1,5133,-2.0
4834,insert,8958,-1,5134,-2.0
4835,insert,8417,-1,5135,-2.0
4836,insert,9666,-1,5136,-2.0
4837,insert,8709,-1,5137,-2.0
4838,insert,9958,-1,5138,-2.0
4839,insert,7500,-1,5139,-2.0
4840,insert,7208,-1,5140,-2.0
4841,insert,8583,-1,5141,-2.0
4842,insert,8209,-1,5142,-2.0
4843,insert,8500,-1,5143,-2.0
4844,insert,4708,-1,5144,-2.0
4845,insert,8000,-1,5145,-2.0
4846,insert,12875,-1,5146,-2.0
4847,insert,9125,-1,5147,-2.0
4848,insert,7792,-1,5148,-2.0
4849,insert,7792,-1,5149,-2.0
4850,insert,8291,-1,5150,-2.0
4851,insert,8791,-1,5151,-2.0
4852,insert,8333,-1,5152,-2.0
4853,insert,7292,-1,5153,-2.0
4854,insert,8375,-1,5154,-2.0
4855,insert,8792,-1,5155,-2.0
4856,insert,12875,-1,5156,-2.0
4857,insert,11000,-1,5157,-2.0
4858,insert,8708,-1,5158,-2.0
4859,insert,9583,-1,5159,-2.0
4860,insert,8750,-1,5160,-2.0
4861,insert,9208,-1,5161,-2.0
4862,insert,9209,-1,5162,-2.0
4863,insert,8708,-1,5163,-2.0
4864,insert,8166,-1,5164,-2.0
4865,insert,7834,-1,5165,-2.0
4866,insert,8375,-1,5166,-2.0
4867,insert,7500,-1,5167,-2.0
4868,insert,7791,-1,5168,-2.0
4869,insert,8459,-1,5169,-2.0
4870,insert,11250,-1,5170,-2.0
4871,insert,9916,-1,5171,-2.0
4872,insert,12917,-1,5172,-2.0
4873,insert,9000,-1,5173,-2.0
4874,insert,8208,-1,5174,-2.0
4875,insert,10750,-1,5175,-2.0
4876,insert,10708,-1,5176,-2.0
4877,insert,8958,-1,5177,-2.0
4878,insert,7709,-1,5178,-2.0
4879,insert,9500,-1,5179,-2.0
4880,insert,7917,-1,5180,-2.0
4881,insert,8500,-1,5181,-2.0
4882,insert,10833,-1,5182,-2.0
4883,insert,9875,-1,5183,-2.0
4884,insert,7667,-1,5184,-2.0
4885,insert,9208,-1,5185,-2.0
4886,insert,9625,-1,5186,-2.0
4887,insert,9125,-1,5187,-2.0
4888,insert,8167,-1,5188,-2.0
4889,insert,8083,-1,5189,-2.0
4890,insert,12166,-1,5190,-2.0
4891,insert,10542,-1,5191,-2.0
4892,insert,12917,-1,5192,-2.0
4893,insert,8541,-1,5193,-2.0
4894,insert,10125,-1,5194,-2.0
4895,insert,8917,-1,5195,-2.0
4896,insert,8625,-1,5196,-2.0
4897,insert,8000,-1,5197,-2.0
4898,insert,9167,-1,5198,-2.0
4899,insert,8583,-1,5199,-2.0
4900,insert,8042,-1,5200,-2.0
4901,insert,9750,-1,5201,-2.0
4902,insert,9125,-1,5202,-2.0
4903,insert,8209,-1,5203,-2.0
4904,insert,7291,-1,5204,-2.0
4905,insert,8375,-1,5205,-2.0
4906,insert,7709,-1,5206,-2.0
4907,insert,8084,-1,5207,-2.0
4908,insert,10666,-1,5208,-2.0
4909,insert,10167,-1,5209,-2.0
4910,insert,9792,-1,5210,-2.0
4911,insert,9917,-1,5211,-2.0
4912,insert,8541,-1,5212,-2.0
4913,insert,9500,-1,5213,-2.0
4914,insert,10000,-1,5214,-2.0
4915,insert,8791,-1,5215,-2.0
4916,insert,9625,-1,5216,-2.0
4917,insert,10208,-1,5217,-2.0
4918,insert,8292,-1,5218,-2.0
4919,insert,11333,-1,5219,-2.0
4920,insert,8584,-1,5220,-2.0
4921,insert,11083,-1,5221,-2.0
4922,insert,8625,-1,5222,-2.0
4923,insert,9750,-1,5223,-2.0
4924,insert,8875,-1,5224,-2.0
4925,insert,10375,-1,5225,-2.0
4926,insert,7541,-1,5226,-2.0
4927,insert,8875,-1,5227,-2.0
4928,insert,8208,-1,5228,-2.0
4929,insert,10625,-1,5229,-2.0
4930,insert,8042,-1,5230,-2.0
4931,insert,8667,-1,5231,-2.0
4932,insert,8042,-1,5232,-2.0
4933,insert,9708,-1,5233,-2.0
4934,insert,8500,-1,5234,-2.0
4935,insert,9834,-1,5235,-2.0
4936,insert,7709,-1,5236,-2.0
4937,insert,8833,-1,5237,-2.0
4938,insert,8292,-1,5238,-2.0
4939,insert,9208,-1,5239,-2.0
4940,insert,9792,-1,5240,-2.0
4941,insert,8375,-1,5241,-2.0
4942,insert,11083,-1,5242,-2.0
4943,insert,6958,-1,5243,-2.0
4944,insert,8292,-1,5244,-2.0
4945,insert,9916,-1,5245,-2.0
4946,insert,9542,-1,5246,-2.0
4947,insert,8500,-1,5247,-2.0
4948,insert,10083,-1,5248,-2.0
4949,insert,9500,-1,5249,-2.0
4950,insert,8417,-1,5250,-2.0
4951,insert,8084,-1,5251,-2.0
4952,insert,8000,-1,5252,-2.0
4953,insert,7875,-1,5253,-2.0
4954,insert,7834,-1,5254,-2.0
4955,insert,7916,-1,5255,-2.0
4956,insert,10000,-1,5256,-2.0
4957,insert,8584,-1,5257,-2.0
4958,insert,8584,-1,5258,-2.0
4959,insert,10125,-1,5259,-2.0
4960,insert,11625,-1,5260,-2.0
4961,insert,9583,-1,5261,-2.0
4962,insert,9834,-1,5262,-2.0
4963,insert,8833,-1,5263,-2.0
4964,insert,8125,-1,5264,-2.0
4965,insert,10167,-1,5265,-2.0
4966,insert,10250,-1,5266,-2.0
4967,insert,9250,-1,5267,-2.0
4968,insert,8916,-1,5268,-2.0
4969,insert,9375,-1,5269,-2.0
4970,insert,11208,-1,5270,-2.0
4971,insert,9208,-1,5271,-2.0
4972,insert,8250,-1,5272,-2.0
4973,insert,9875,-1,5273,-2.0
4974,insert,9625,-1,5274,-2.0
4975,insert,9250,-1,5275,-2.0
4976,insert,13125,-1,5276,-2.0
4977,insert,8542,-1,5277,-2.0
4978,insert,13500,-1,5278,-2.0
4979,insert,11250,-1,5279,-2.0
4980,insert,9250,-1,5280,-2.0
4981,insert,8458,-1,5281,-2.0
4982,insert,9625,-1,5282,-2.0
4983,insert,10125,-1,5283,-2.0
4984,insert,8041,-1,5284,-2.0
4985,insert,10209,-1,5285,-2.0
4986,insert,11791,-1,5286,-2.0
4987,insert,9125,-1,5287,-2.0
4988,insert,1250,-1,5288,-2.0
4989,insert,9959,-1,5289,-2.0
4990,insert,9333,-1,5290,-2.0
4991,insert,11500,-1,5291,-2.0
4992,insert,8459,-1,5292,-2.0
4993,insert,8500,-1,5293,-2.0
4994,insert,8625,-1,5294,-2.0
4995,insert,8666,-1,5295,-2.0
4996,insert,9917,-1,5296,-2.0
4997,insert,8750,-1,5297,-2.0
4998,insert,9834,-1,5298,-2.0
4999,insert,11750,-1,5299,-2.0
5000,insert,11666,-1,5300,-2.0
5001,insert,11250,-1,5301,-2.0
5002,insert,11334,-1,5302,-2.0
5003,insert,11958,-1,5303,-2.0
5004,insert,10875,-1,5304,-2.0
5005,insert,11458,-1,5305,-2.0
5006,insert,11833,-1,5306,-2.0
5007,insert,11667,-1,5307,-2.0
5008,insert,11584,-1,5308,-2.0
5009,insert,12250,-1,5309,-2.0
5010,insert,11667,-1,5310,-2.0
5011,insert,10667,-1,5311,-2.0
5012,insert,10000,-1,5312,-2.0
5013,insert,11708,-1,5313,-2.0
5014,insert,10125,-1,5314,-2.0
5015,insert,4458,-1,5315,-2.0
5016,insert,12167,-1,5316,-2.0
5017,insert,11875,-1,5317,-2.0
5018,insert,9709,-1,5318,-2.0
5019,insert,10708,-1,5319,-2.0
5020,insert,11959,-1,5320,-2.0
5021,insert,11000,-1,5321,-2.0
5022,insert,11458,-1,5322,-2.0
5023,insert,9500,-1,5323,-2.0
5024,insert,11250,-1,5324,-2.0
5025,insert,10208,-1,5325,-2.0
5026,insert,10375,-1,5326,-2.0
5027,insert,11166,-1,5327,-2.0
5028,insert,9459,-1,5328,-2.0
5029,insert,10917,-1,5329,-2.0
5030,insert,10833,-1,5330,-2.0
5031,insert,13000,-1,5331,-2.0
5032,insert,12166,-1,5332,-2.0
5033,insert,7666,-1,5333,-2.0
5034,insert,14166,-1,5334,-2.0
5035,insert,12875,-1,5335,-2.0
5036,insert,12875,-1,5336,-2.0
5037,insert,9542,-1,5337,-2.0
5038,insert,10667,-1,5338,-2.0
5039,insert,9541,-1,5339,-2.0
5040,insert,9875,-1,5340,-2.0
5041,insert,8417,-1,5341,-2.0
5042,insert,11416,-1,5342,-2.0
5043,insert,13875,-1,5343,-2.0
5044,insert,9458,-1,5344,-2.0
5045,insert,10166,-1,5345,-2.0
5046,insert,8167,-1,5346,-2.0
5047,insert,9208,-1,5347,-2.0
5048,insert,9541,-1,5348,-2.0
5049,insert,8375,-1,5349,-2.0
5050,insert,10083,-1,5350,-2.0
5051,insert,8000,-1,5351,-2.0
5052,insert,10500,-1,5352,-2.0
5053,insert,8084,-1,5353,-2.0
5054,insert,8041,-1,5354,-2.0
5055,insert,9333,-1,5355,-2.0
5056,insert,9292,-1,5356,-2.0
5057,insert,13625,-1,5357,-2.0
5058,insert,13416,-1,5358,-2.0
5059,insert,10167,-1,5359,-2.0
5060,insert,9500,-1,5360,-2.0
5061,insert,10291,-1,5361,-2.0
5062,insert,9042,-1,5362,-2.0
5063,insert,9292,-1,5363,-2.0
5064,insert,10958,-1,5364,-2.0
5065,insert,10459,-1,5365,-2.0
5066,insert,9250,-1,5366,-2.0
5067,insert,11542,-1,5367,-2.0
5068,insert,9625,-1,5368,-2.0
5069,insert,10167,-1,5369,-2.0
5070,insert,9792,-1,5370,-2.0
5071,insert,9916,-1,5371,-2.0
5072,insert,8667,-1,5372,-2.0
5073,insert,9458,-1,5373,-2.0
5074,insert,10833,-1,5374,-2.0
5075,insert,8667,-1,5375,-2.0
5076,insert,9833,-1,5376,-2.0
5077,insert,9625,-1,5377,-2.0
5078,insert,9292,-1,5378,-2.0
5079,insert,11750,-1,5379,-2.0
5080,insert,8750,-1,5380,-2.0
5081,insert,9250,-1,5381,-2.0
5082,insert,9833,-1,5382,-2.0
5083,insert,11750,-1,5383,-2.0
5084,insert,8542,-1,5384,-2.0
5085,insert,10375,-1,5385,-2.0
5086,insert,10416,-1,5386,-2.0
5087,insert,10084,-1,5387,-2.0
5088,insert,9250,-1,5388,-2.0
5089,insert,10958,-1,5389,-2.0
5090,insert,10000,-1,5390,-2.0
5091,insert,9667,-1,5391,-2.0
5092,insert,9291,-1,5392,-2.0
5093,insert,8834,-1,5393,-2.0
5094,insert,11958,-1,5394,-2.0
5095,insert,10333,-1,5395,-2.0
5096,insert,8542,-1,5396,-2.0
5097,insert,9750,-1,5397,-2.0
5098,insert,10000,-1,5398,-2.0
5099,insert,9375,-1,5399,-2.0
5100,insert,9000,19131750,5400,1.0
5101,insert,14750,-1,5401,-2.0
5102,insert,9125,-1,5402,-2.0
5103,insert,8208,-1,5403,-2.0
5104,insert,7833,-1,5404,-2.0
5105,insert,10916,-1,5405,-2.0
5106,insert,8333,-1,5406,-2.0
5107,insert,8125,-1,5407,-2.0
5108,insert,7791,-1,5408,-2.0
5109,insert,11542,-1,5409,-2.0
5110,insert,10917,-1,5410,-2.0
5111,insert,10250,-1,5411,-2.0
5112,insert,10875,-1,5412,-2.0
5113,insert,10958,-1,5413,-2.0
5114,insert,10458,-1,5414,-2.0
5115,insert,9667,-1,5415,-2.0
5116,insert,11958,-1,5416,-2.0
5117,insert,9834,-1,5417,-2.0
5118,insert,10250,-1,5418,-2.0
5119,insert,9916,-1,5419,-2.0
5120,insert,10334,-1,5420,-2.0
5121,insert,10125,-1,5421,-2.0
5122,insert,10041,-1,5422,-2.0
5123,insert,9625,-1,5423,-2.0
5124,insert,13125,-1,5424,-2.0
5125,insert,8834,-1,5425,-2.0
5126,insert,11375,-1,5426,-2.0
5127,insert,10042,-1,5427,-2.0
5128,insert,8541,-1,5428,-2.0
5129,insert,6459,-1,5429,-2.0
5130,insert,9834,-1,5430,-2.0
5131,insert,10750,-1,5431,-2.0
5132,insert,10250,-1,5432,-2.0
5133,insert,11667,-1,5433,-2.0
5134,insert,10041,-1,5434,-2.0
5135,insert,9584,-1,5435,-2.0
5136,insert,9708,-1,5436,-2.0
5137,insert,8667,-1,5437,-2.0
5138,insert,8000,-1,5438,-2.0
5139,insert,7833,-1,5439,-2.0
5140,insert,8250,-1,5440,-2.0
5141,insert,7750,-1,5441,-2.0
5142,insert,8375,-1,5442,-2.0
5143,insert,8041,-1,5443,-2.0
5144,insert,7958,-1,5444,-2.0
5145,insert,7750,-1,5445,-2.0
5146,insert,8000,-1,5446,-2.0
5147,insert,9375,-1,5447,-2.0
5148,insert,8584,-1,5448,-2.0
5149,insert,10583,-1,5449,-2.0
5150,insert,9458,-1,5450,-2.0
5151,insert,12167,-1,5451,-2.0
5152,insert,9500,-1,5452,-2.0
5153,insert,9667,-1,5453,-2.0
5154,insert,11042,-1,5454,-2.0
5155,insert,10292,-1,5455,-2.0
5156,insert,8041,-1,5456,-2.0
5157,insert,11209,-1,5457,-2.0
5158,insert,8500,-1,5458,-2.0
5159,insert,9500,-1,5459,-2.0
5160,insert,10792,-1,5460,-2.0
5161,insert,10833,-1,5461,-2.0
5162,insert,4458,-1,5462,-2.0
5163,insert,10417,-1,5463,-2.0
5164,insert,10459,-1,5464,-2.0
5165,insert,8666,-1,5465,-2.0
5166,insert,10542,-1,5466,-2.0
5167,insert,8292,-1,5467,-2.0
5168,insert,10000,-1,5468,-2.0
5169,insert,9666,-1,5469,-2.0
5170,insert,10084,-1,5470,-2.0
5171,insert,8583,-1,5471,-2.0
5172,insert,7875,-1,5472,-2.0
5173,insert,11042,-1,5473,-2.0
5174,insert,8209,-1,5474,-2.0
5175,insert,9459,-1,5475,-2.0
5176,insert,9750,-1,5476,-2.0
5177,insert,10458,-1,5477,-2.0
5178,insert,10458,-1,5478,-2.0
5179,insert,8709,-1,5479,-2.0
5180,insert,9708,-1,5480,-2.0
5181,insert,9042,-1,5481,-2.0
5182,insert,6583,-1,5482,-2.0
5183,insert,9333,-1,5483,-2.0
5184,insert,10917,-1,5484,-2.0
5185,insert,3458,-1,5485,-2.0
5186,insert,8375,-1,5486,-2.0
5187,insert,10458,-1,5487,-2.0
5188,insert,8208,-1,5488,-2.0
5189,insert,9584,-1,5489,-2.0
5190,insert,10375,-1,5490,-2.0
5191,insert,11000,-1,5491,-2.0
5192,insert,11083,-1,5492,-2.0
5193,insert,10375,-1,5493,-2.0
5194,insert,10625,-1,5494,-2.0
5195,insert,10000,-1,5495,-2.0
5196,insert,9625,-1,5496,-2.0
5197,insert,9167,-1,5497,-2.0
5198,insert,8917,-1,5498,-2.0
5199,insert,11292,-1,5499,-2.0
5200,insert,2917,-1,5500,-2.0
5201,insert,10583,-1,5501,-2.0
5202,insert,10625,-1,5502,-2.0
5203,insert,10084,-1,5503,-2.0
5204,insert,10625,-1,5504,-2.0
5205,insert,13791,-1,5505,-2.0
5206,insert,10584,-1,5506,-2.0
5207,insert,9917,-1,5507,-2.0
5208,insert,9916,-1,5508,-2.0
5209,insert,10584,-1,5509,-2.0
5210,insert,4208,-1,5510,-2.0
5211,insert,10500,-1,5511,-2.0
5212,insert,10708,-1,5512,-2.0
5213,insert,10375,-1,5513,-2.0
5214,insert,9667,-1,5514,-2.0
5215,insert,12250,-1,5515,-2.0
5216,insert,9959,-1,5516,-2.0
5217,insert,10084,-1,5517,-2.0
5218,insert,11083,-1,5518,-2.0
5219,insert,9792,-1,5519,-2.0
5220,insert,10250,-1,5520,-2.0
5221,insert,9500,-1,5521,-2.0
5222,insert,10750,-1,5522,-2.0
5223,insert,10500,-1,5523,-2.0
5224,insert,4542,-1,5524,-2.0
5225,insert,10000,-1,5525,-2.0
5226,insert,9834,-1,5526,-2.0
5227,insert,10000,-1,5527,-2.0
5228,insert,11000,-1,5528,-2.0
5229,insert,12375,-1,5529,-2.0
5230,insert,10459,-1,5530,-2.0
5231,insert,8791,-1,5531,-2.0
5232,insert,9250,-1,5532,-2.0
5233,insert,1625,-1,5533,-2.0
5234,insert,11458,-1,5534,-2.0
5235,insert,11000,-1,5535,-2.0
5236,insert,1292,-1,5536,-2.0
5237,insert,10542,-1,5537,-2.0
5238,insert,9958,-1,5538,-2.0
5239,insert,9417,-1,5539,-2.0
5240,insert,11125,-1,5540,-2.0
5241,insert,11125,-1,5541,-2.0
5242,insert,12875,-1,5542,-2.0
5243,insert,9875,-1,5543,-2.0
5244,insert,9916,-1,5544,-2.0
5245,insert,11000,-1,5545,-2.0
5246,insert,10834,-1,5546,-2.0
5247,insert,11541,-1,5547,-2.0
5248,insert,10833,-1,5548,-2.0
5249,insert,10333,-1,5549,-2.0
5250,insert,3958,-1,5550,-2.0
5251,insert,2917,-1,5551,-2.0
5252,insert,10250,-1,5552,-2.0
5253,insert,1750,-1,5553,-2.0
5254,insert,10583,-1,5554,-2.0
5255,insert,10375,-1,5555,-2.0
5256,insert,9667,-1,5556,-2.0
5257,insert,10250,-1,5557,-2.0
5258,insert,11084,-1,5558,-2.0
5259,insert,10166,-1,5559,-2.0
5260,insert,12041,-1,5560,-2.0
5261,insert,10375,-1,5561,-2.0
5262,insert,9125,-1,5562,-2.0
5263,insert,10209,-1,5563,-2.0
5264,insert,11083,-1,5564,-2.0
5265,insert,10292,-1,5565,-2.0
5266,insert,9959,-1,5566,-2.0
5267,insert,10083,-1,5567,-2.0
5268,insert,9917,-1,5568,-2.0
5269,insert,9916,-1,5569,-2.0
5270,insert,12667,-1,5570,-2.0
5271,insert,11708,-1,5571,-2.0
5272,insert,9875,-1,5572,-2.0
5273,insert,10375,-1,5573,-2.0
5274,insert,10334,-1,5574,-2.0
5275,insert,10625,-1,5575,-2.0
5276,insert,9750,-1,5576,-2.0
5277,insert,10792,-1,5577,-2.0
5278,insert,9333,-1,5578,-2.0
5279,insert,10333,-1,5579,-2.0
5280,insert,10125,-1,5580,-2.0
5281,insert,10750,-1,5581,-2.0
5282,insert,11958,-1,5582,-2.0
5283,insert,10125,-1,5583,-2.0
5284,insert,10334,-1,5584,-2.0
5285,insert,9708,-1,5585,-2.0
5286,insert,9958,-1,5586,-2.0
5287,insert,9542,-1,5587,-2.0
5288,insert,12667,-1,5588,-2.0
5289,insert,10167,-1,5589,-2.0
5290,insert,3833,-1,5590,-2.0
5291,insert,8875,-1,5591,-2.0
5292,insert,10125,-1,5592,-2.0
5293,insert,9666,-1,5593,-2.0
5294,insert,10250,-1,5594,-2.0
5295,insert,9584,-1,5595,-2.0
5296,insert,10500,-1,5596,-2.0
5297,insert,12042,-1,5597,-2.0
5298,insert,6375,-1,5598,-2.0
5299,insert,8708,-1,5599,-2.0
5300,insert,10417,-1,5600,-2.0
5301,insert,9041,-1,5601,-2.0
5302,insert,4375,-1,5602,-2.0
5303,insert,12125,-1,5603,-2.0
5304,insert,9542,-1,5604,-2.0
5305,insert,14042,-1,5605,-2.0
5306,insert,9000,-1,5606,-2.0
5307,insert,11000,-1,5607,-2.0
5308,insert,9916,-1,5608,-2.0
5309,insert,2750,-1,5609,-2.0
5310,insert,11125,-1,5610,-2.0
5311,insert,11208,-1,5611,-2.0
5312,insert,11458,-1,5612,-2.0
5313,insert,10334,-1,5613,-2.0
5314,insert,12208,-1,5614,-2.0
5315,insert,10833,-1,5615,-2.0
5316,insert,10167,-1,5616,-2.0
5317,insert,10625,-1,5617,-2.0
5318,insert,10291,-1,5618,-2.0
5319,insert,12875,-1,5619,-2.0
5320,insert,2583,-1,5620,-2.0
5321,insert,10250,-1,5621,-2.0
5322,insert,11333,-1,5622,-2.0
5323,insert,9958,-1,5623,-2.0
5324,insert,12000,-1,5624,-2.0
5325,insert,9917,-1,5625,-2.0
5326,insert,11250,-1,5626,-2.0
5327,insert,10917,-1,5627,-2.0
5328,insert,10875,-1,5628,-2.0
5329,insert,10417,-1,5629,-2.0
5330,insert,9792,-1,5630,-2.0
5331,insert,10709,-1,5631,-2.0
5332,insert,14958,-1,5632,-2.0
5333,insert,10583,-1,5633,-2.0
5334,insert,10208,-1,5634,-2.0
5335,insert,1667,-1,5635,-2.0
5336,insert,10208,-1,5636,-2.0
5337,insert,10084,-1,5637,-2.0
5338,insert,10000,-1,5638,-2.0
5339,insert,12375,-1,5639,-2.0
5340,insert,2375,-1,5640,-2.0
5341,insert,10333,-1,5641,-2.0
5342,insert,10458,-1,5642,-2.0
5343,insert,1375,-1,5643,-2.0
5344,insert,11375,-1,5644,-2.0
5345,insert,10167,-1,5645,-2.0
5346,insert,9750,-1,5646,-2.0
5347,insert,11167,-1,5647,-2.0
5348,insert,1833,-1,5648,-2.0
5349,insert,9541,-1,5649,-2.0
5350,insert,10959,-1,5650,-2.0
5351,insert,9959,-1,5651,-2.0
5352,insert,10083,-1,5652,-2.0
5353,insert,8666,-1,5653,-2.0
5354,insert,10167,-1,5654,-2.0
5355,insert,2958,-1,5655,-2.0
5356,insert,11125,-1,5656,-2.0
5357,insert,10291,-1,5657,-2.0
5358,insert,10667,-1,5658,-2.0
5359,insert,11167,-1,5659,-2.0
5360,insert,10125,-1,5660,-2.0
5361,insert,10708,-1,5661,-2.0
5362,insert,11792,-1,5662,-2.0
5363,insert,2166,-1,5663,-2.0
5364,insert,10917,-1,5664,-2.0
5365,insert,10083,-1,5665,-2.0
5366,insert,9791,-1,5666,-2.0
5367,insert,16208,-1,5667,-2.0
5368,insert,10792,-1,5668,-2.0
5369,insert,10291,-1,5669,-2.0
5370,insert,9292,-1,5670,-2.0
5371,insert,11375,-1,5671,-2.0
5372,insert,11542,-1,5672,-2.0
5373,insert,10916,-1,5673,-2.0
5374,insert,10959,-1,5674,-2.0
5375,insert,1416,-1,5675,-2.0
5376,insert,12250,-1,5676,-2.0
5377,insert,12333,-1,5677,-2.0
5378,insert,12459,-1,5678,-2.0
5379,insert,9791,-1,5679,-2.0
5380,insert,12333,-1,5680,-2.0
5381,insert,12917,-1,5681,-2.0
5382,insert,14042,-1,5682,-2.0
5383,insert,1166,-1,5683,-2.0
5384,insert,13375,-1,5684,-2.0
5385,insert,11792,-1,5685,-2.0
5386,insert,12709,-1,5686,-2.0
5387,insert,12250,-1,5687,-2.0
5388,insert,11833,-1,5688,-2.0
5389,insert,12542,-1,5689,-2.0
5390,insert,13083,-1,5690,-2.0
5391,insert,6208,-1,5691,-2.0
5392,insert,8292,-1,5692,-2.0
5393,insert,5292,-1,5693,-2.0
5394,insert,5417,-1,5694,-2.0
5395,insert,11875,-1,5695,-2.0
5396,insert,11375,-1,5696,-2.0
5397,insert,2041,-1,5697,-2.0
5398,insert,13625,-1,5698,-2.0
5399,insert,12167,-1,5699,-2.0
5400,insert,12334,18739125,5700,1.0
5401,insert,19167,-1,5701,-2.0
5402,insert,3000,-1,5702,-2.0
5403,insert,11792,-1,5703,-2.0
5404,insert,12500,-1,5704,-2.0
5405,insert,10458,-1,5705,-2.0
5406,insert,11083,-1,5706,-2.0
5407,insert,12250,-1,5707,-2.0
5408,insert,10334,-1,5708,-2.0
5409,insert,9584,-1,5709,-2.0
5410,insert,9916,-1,5710,-2.0
5411,insert,12542,-1,5711,-2.0
5412,insert,11041,-1,5712,-2.0
5413,insert,10875,-1,5713,-2.0
5414,insert,11084,-1,5714,-2.0
5415,insert,10375,-1,5715,-2.0
5416,insert,9000,-1,5716,-2.0
5417,insert,9167,-1,5717,-2.0
5418,insert,14792,-1,5718,-2.0
5419,insert,10959,-1,5719,-2.0
5420,insert,11084,-1,5720,-2.0
5421,insert,2584,-1,5721,-2.0
5422,insert,9625,-1,5722,-2.0
5423,insert,9416,-1,5723,-2.0
5424,insert,9042,-1,5724,-2.0
5425,insert,9042,-1,5725,-2.0
5426,insert,8583,-1,5726,-2.0
5427,insert,10458,-1,5727,-2.0
5428,insert,2042,-1,5728,-2.0
5429,insert,10875,-1,5729,-2.0
5430,insert,8875,-1,5730,-2.0
5431,insert,10625,-1,5731,-2.0
5432,insert,11958,-1,5732,-2.0
5433,insert,11125,-1,5733,-2.0
5434,insert,9167,-1,5734,-2.0
5435,insert,10583,-1,5735,-2.0
5436,insert,5375,-1,5736,-2.0
5437,insert,4416,-1,5737,-2.0
5438,insert,10417,-1,5738,-2.0
5439,insert,9042,-1,5739,-2.0
5440,insert,10416,-1,5740,-2.0
5441,insert,8792,-1,5741,-2.0
5442,insert,11583,-1,5742,-2.0
5443,insert,9334,-1,5743,-2.0
5444,insert,8750,-1,5744,-2.0
5445,insert,8541,-1,5745,-2.0
5446,insert,8250,-1,5746,-2.0
5447,insert,10584,-1,5747,-2.0
5448,insert,8500,-1,5748,-2.0
5449,insert,11958,-1,5749,-2.0
5450,insert,9000,-1,5750,-2.0
5451,insert,8500,-1,5751,-2.0
5452,insert,8917,-1,5752,-2.0
5453,insert,12167,-1,5753,-2.0
5454,insert,10041,-1,5754,-2.0
5455,insert,11792,-1,5755,-2.0
5456,insert,4083,-1,5756,-2.0
5457,insert,10416,-1,5757,-2.0
5458,insert,9875,-1,5758,-2.0
5459,insert,8833,-1,5759,-2.0
5460,insert,1167,-1,5760,-2.0
5461,insert,10667,-1,5761,-2.0
5462,insert,8833,-1,5762,-2.0
5463,insert,14084,-1,5763,-2.0
5464,insert,10125,-1,5764,-2.0
5465,insert,8250,-1,5765,-2.0
5466,insert,10667,-1,5766,-2.0
5467,insert,4333,-1,5767,-2.0
5468,insert,12000,-1,5768,-2.0
5469,insert,10084,-1,5769,-2.0
5470,insert,8584,-1,5770,-2.0
5471,insert,11125,-1,5771,-2.0
5472,insert,10459,-1,5772,-2.0
5473,insert,7875,-1,5773,-2.0
5474,insert,11666,-1,5774,-2.0
5475,insert,4458,-1,5775,-2.0
5476,insert,10209,-1,5776,-2.0
5477,insert,11500,-1,5777,-2.0
5478,insert,11542,-1,5778,-2.0
5479,insert,11291,-1,5779,-2.0
5480,insert,11500,-1,5780,-2.0
5481,insert,10792,-1,5781,-2.0
5482,insert,11500,-1,5782,-2.0
5483,insert,11292,-1,5783,-2.0
5484,insert,11500,-1,5784,-2.0
5485,insert,11667,-1,5785,-2.0
5486,insert,3709,-1,5786,-2.0
5487,insert,11500,-1,5787,-2.0
5488,insert,11208,-1,5788,-2.0
5489,insert,11250,-1,5789,-2.0
5490,insert,11083,-1,5790,-2.0
5491,insert,11125,-1,5791,-2.0
5492,insert,11042,-1,5792,-2.0
5493,insert,11167,-1,5793,-2.0
5494,insert,12833,-1,5794,-2.0
5495,insert,3042,-1,5795,-2.0
5496,insert,13625,-1,5796,-2.0
5497,insert,19292,-1,5797,-2.0
5498,insert,13167,-1,5798,-2.0
5499,insert,12625,-1,5799,-2.0
5500,insert,15959,-1,5800,-2.0
5501,insert,13750,-1,5801,-2.0
5502,insert,12750,-1,5802,-2.0
5503,insert,12750,-1,5803,-2.0
5504,insert,11458,-1,5804,-2.0
5505,insert,12667,-1,5805,-2.0
5506,insert,9958,-1,5806,-2.0
5507,insert,13500,-1,5807,-2.0
5508,insert,13125,-1,5808,-2.0
5509,insert,13250,-1,5809,-2.0
5510,insert,12333,-1,5810,-2.0
5511,insert,12333,-1,5811,-2.0
5512,insert,12000,-1,5812,-2.0
5513,insert,13500,-1,5813,-2.0
5514,insert,1834,-1,5814,-2.0
5515,insert,1583,-1,5815,-2.0
5516,insert,12708,-1,5816,-2.0
5517,insert,3834,-1,5817,-2.0
5518,insert,3458,-1,5818,-2.0
5519,insert,13042,-1,5819,-2.0
5520,insert,12000,-1,5820,-2.0
5521,insert,12291,-1,5821,-2.0
5522,insert,9583,-1,5822,-2.0
5523,insert,3542,-1,5823,-2.0
5524,insert,11333,-1,5824,-2.0
5525,insert,1791,-1,5825,-2.0
5526,insert,12000,-1,5826,-2.0
5527,insert,1958,-1,5827,-2.0
5528,insert,10917,-1,5828,-2.0
5529,insert,2666,-1,5829,-2.0
5530,insert,1875,-1,5830,-2.0
5531,insert,10334,-1,5831,-2.0
5532,insert,1875,-1,5832,-2.0
5533,insert,9000,-1,5833,-2.0
5534,insert,10625,-1,5834,-2.0
5535,insert,10292,-1,5835,-2.0
5536,insert,12375,-1,5836,-2.0
5537,insert,10916,-1,5837,-2.0
5538,insert,11125,-1,5838,-2.0
5539,insert,11000,-1,5839,-2.0
5540,insert,3667,-1,5840,-2.0
5541,insert,10125,-1,5841,-2.0
5542,insert,11417,-1,5842,-2.0
5543,insert,10542,-1,5843,-2.0
5544,insert,10250,-1,5844,-2.0
5545,insert,10459,-1,5845,-2.0
5546,insert,9709,-1,5846,-2.0
5547,insert,11375,-1,5847,-2.0
5548,insert,10958,-1,5848,-2.0
5549,insert,14459,-1,5849,-2.0
5550,insert,11833,-1,5850,-2.0
5551,insert,2875,-1,5851,-2.0
5552,insert,1500,-1,5852,-2.0
5553,insert,1500,-1,5853,-2.0
5554,insert,11209,-1,5854,-2.0
5555,insert,12959,-1,5855,-2.0
5556,insert,12792,-1,5856,-2.0
5557,insert,13375,-1,5857,-2.0
5558,insert,13333,-1,5858,-2.0
5559,insert,13208,-1,5859,-2.0
5560,insert,2542,-1,5860,-2.0
5561,insert,5541,-1,5861,-2.0
5562,insert,4167,-1,5862,-2.0
5563,insert,15208,-1,5863,-2.0
5564,insert,1083,-1,5864,-2.0
5565,insert,1792,-1,5865,-2.0
5566,insert,3625,-1,5866,-2.0
5567,insert,14125,-1,5867,-2.0
5568,insert,13333,-1,5868,-2.0
5569,insert,12292,-1,5869,-2.0
5570,insert,2625,-1,5870,-2.0
5571,insert,13958,-1,5871,-2.0
5572,insert,2667,-1,5872,-2.0
5573,insert,3500,-1,5873,-2.0
5574,insert,2750,-1,5874,-2.0
5575,insert,12208,-1,5875,-2.0
5576,insert,4042,-1,5876,-2.0
5577,insert,11209,-1,5877,-2.0
5578,insert,11250,-1,5878,-2.0
5579,insert,15584,-1,5879,-2.0
5580,insert,9959,-1,5880,-2.0
5581,insert,9541,-1,5881,-2.0
5582,insert,11625,-1,5882,-2.0
5583,insert,9084,-1,5883,-2.0
5584,insert,12625,-1,5884,-2.0
5585,insert,14209,-1,5885,-2.0
5586,insert,10791,-1,5886,-2.0
5587,insert,11875,-1,5887,-2.0
5588,insert,11958,-1,5888,-2.0
5589,insert,4042,-1,5889,-2.0
5590,insert,11958,-1,5890,-2.0
5591,insert,11041,-1,5891,-2.0
5592,insert,11250,-1,5892,-2.0
5593,insert,1708,-1,5893,-2.0
5594,insert,2583,-1,5894,-2.0
5595,insert,12042,-1,5895,-2.0
5596,insert,10792,-1,5896,-2.0
5597,insert,10833,-1,5897,-2.0
5598,insert,12000,-1,5898,-2.0
5599,insert,11125,-1,5899,-2.0
5600,insert,11083,-1,5900,-2.0
5601,insert,3083,-1,5901,-2.0
5602,insert,1792,-1,5902,-2.0
5603,insert,9750,-1,5903,-2.0
5604,insert,1666,-1,5904,-2.0
5605,insert,2917,-1,5905,-2.0
5606,insert,10542,-1,5906,-2.0
5607,insert,11875,-1,5907,-2.0
5608,insert,4791,-1,5908,-2.0
5609,insert,1000,-1,5909,-2.0
5610,insert,12292,-1,5910,-2.0
5611,insert,11084,-1,5911,-2.0
5612,insert,12375,-1,5912,-2.0
5613,insert,1500,-1,5913,-2.0
5614,insert,3375,-1,5914,-2.0
5615,insert,11208,-1,5915,-2.0
5616,insert,1833,-1,5916,-2.0
5617,insert,11708,-1,5917,-2.0
5618,insert,3292,-1,5918,-2.0
5619,insert,4042,-1,5919,-2.0
5620,insert,10583,-1,5920,-2.0
5621,insert,12750,-1,5921,-2.0
5622,insert,2708,-1,5922,-2.0
5623,insert,9708,-1,5923,-2.0
5624,insert,11709,-1,5924,-2.0
5625,insert,9750,-1,5925,-2.0
5626,insert,9083,-1,5926,-2.0
5627,insert,11167,-1,5927,-2.0
5628,insert,11250,-1,5928,-2.0
5629,insert,13250,-1,5929,-2.0
5630,insert,11208,-1,5930,-2.0
5631,insert,11833,-1,5931,-2.0
5632,insert,2417,-1,5932,-2.0
5633,insert,9875,-1,5933,-2.0
5634,insert,2208,-1,5934,-2.0
5635,insert,4208,-1,5935,-2.0
5636,insert,1542,-1,5936,-2.0
5637,insert,10958,-1,5937,-2.0
5638,insert,8750,-1,5938,-2.0
5639,insert,12500,-1,5939,-2.0
5640,insert,2500,-1,5940,-2.0
5641,insert,1417,-1,5941,-2.0
5642,insert,11916,-1,5942,-2.0
5643,insert,6667,-1,5943,-2.0
5644,insert,11083,-1,5944,-2.0
5645,insert,4958,-1,5945,-2.0
5646,insert,12250,-1,5946,-2.0
5647,insert,1417,-1,5947,-2.0
5648,insert,4375,-1,5948,-2.0
5649,insert,10542,-1,5949,-2.0
5650,insert,4250,-1,5950,-2.0
5651,insert,5583,-1,5951,-2.0
5652,insert,1084,-1,5952,-2.0
5653,insert,12041,-1,5953,-2.0
5654,insert,917,-1,5954,-2.0
5655,insert,13833,-1,5955,-2.0
5656,insert,10792,-1,5956,-2.0
5657,insert,10791,-1,5957,-2.0
5658,insert,2083,-1,5958,-2.0
5659,insert,3417,-1,5959,-2.0
5660,insert,2083,-1,5960,-2.0
5661,insert,1000,-1,5961,-2.0
5662,insert,12542,-1,5962,-2.0
5663,insert,12625,-1,5963,-2.0
5664,insert,11709,-1,5964,-2.0
5665,insert,13125,-1,5965,-2.0
5666,insert,11416,-1,5966,-2.0
5667,insert,11708,-1,5967,-2.0
5668,insert,2792,-1,5968,-2.0
5669,insert,2500,-1,5969,-2.0
5670,insert,4375,-1,5970,-2.0
5671,insert,10667,-1,5971,-2.0
5672,insert,11375,-1,5972,-2.0
5673,insert,1833,-1,5973,-2.0
5674,insert,1125,-1,5974,-2.0
5675,insert,1000,-1,5975,-2.0
5676,insert,10916,-1,5976,-2.0
5677,insert,11708,-1,5977,-2.0
5678,insert,11834,-1,5978,-2.0
5679,insert,1333,-1,5979,-2.0
5680,insert,1125,-1,5980,-2.0
5681,insert,958,-1,5981,-2.0
5682,insert,1000,-1,5982,-2.0
5683,insert,1041,-1,5983,-2.0
5684,insert,1000,-1,5984,-2.0
5685,insert,1125,-1,5985,-2.0
5686,insert,1500,-1,5986,-2.0
5687,insert,1167,-1,5987,-2.0
5688,insert,11459,-1,5988,-2.0
5689,insert,1166,-1,5989,-2.0
5690,insert,11042,-1,5990,-2.0
5691,insert,4083,-1,5991,-2.0
5692,insert,12958,-1,5992,-2.0
5693,insert,4042,-1,5993,-2.0
5694,insert,2208,-1,5994,-2.0
5695,insert,1584,-1,5995,-2.0
5696,insert,1625,-1,5996,-2.0
5697,insert,3875,-1,5997,-2.0
5698,insert,2834,-1,5998,-2.0
5699,insert,2833,-1,5999,-2.0
5700,insert,2416,20050708,6000,1.0
5701,insert,2125,-1,6001,-2.0
5702,insert,5917,-1,6002,-2.0
5703,insert,3125,-1,6003,-2.0
5704,insert,2584,-1,6004,-2.0
5705,insert,2541,-1,6005,-2.0
5706,insert,2625,-1,6006,-2.0
5707,insert,3167,-1,6007,-2.0
5708,insert,2625,-1,6008,-2.0
5709,insert,15917,-1,6009,-2.0
5710,insert,15167,-1,6010,-2.0
5711,insert,12291,-1,6011,-2.0
5712,insert,14417,-1,6012,-2.0
5713,insert,10291,-1,6013,-2.0
5714,insert,9875,-1,6014,-2.0
5715,insert,12792,-1,6015,-2.0
5716,insert,10167,-1,6016,-2.0
5717,insert,4958,-1,6017,-2.0
5718,insert,13375,-1,6018,-2.0
5719,insert,13208,-1,6019,-2.0
5720,insert,2667,-1,6020,-2.0
5721,insert,3750,-1,6021,-2.0
5722,insert,13292,-1,6022,-2.0
5723,insert,12666,-1,6023,-2.0
5724,insert,1167,-1,6024,-2.0
5725,insert,2083,-1,6025,-2.0
5726,insert,13083,-1,6026,-2.0
5727,insert,1667,-1,6027,-2.0
5728,insert,14834,-1,6028,-2.0
5729,insert,13291,-1,6029,-2.0
5730,insert,3458,-1,6030,-2.0
5731,insert,14708,-1,6031,-2.0
5732,insert,14834,-1,6032,-2.0
5733,insert,13333,-1,6033,-2.0
5734,insert,13333,-1,6034,-2.0
5735,insert,3083,-1,6035,-2.0
5736,insert,12708,-1,6036,-2.0
5737,insert,12958,-1,6037,-2.0
5738,insert,11875,-1,6038,-2.0
5739,insert,13959,-1,6039,-2.0
5740,insert,12000,-1,6040,-2.0
5741,insert,13917,-1,6041,-2.0
5742,insert,1375,-1,6042,-2.0
5743,insert,13292,-1,6043,-2.0
5744,insert,11167,-1,6044,-2.0
5745,insert,13333,-1,6045,-2.0
5746,insert,1583,-1,6046,-2.0
5747,insert,14250,-1,6047,-2.0
5748,insert,14209,-1,6048,-2.0
5749,insert,1417,-1,6049,-2.0
5750,insert,13208,-1,6050,-2.0
5751,insert,2333,-1,6051,-2.0
5752,insert,13417,-1,6052,-2.0
5753,insert,11333,-1,6053,-2.0
5754,insert,13125,-1,6054,-2.0
5755,insert,10417,-1,6055,-2.0
5756,insert,2209,-1,6056,-2.0
5757,insert,1958,-1,6057,-2.0
5758,insert,1125,-1,6058,-2.0
5759,insert,14292,-1,6059,-2.0
5760,insert,13875,-1,6060,-2.0
5761,insert,2625,-1,6061,-2.0
5762,insert,14000,-1,6062,-2.0
5763,insert,14042,-1,6063,-2.0
5764,insert,1291,-1,6064,-2.0
5765,insert,12916,-1,6065,-2.0
5766,insert,3666,-1,6066,-2.0
5767,insert,14458,-1,6067,-2.0
5768,insert,4083,-1,6068,-2.0
5769,insert,2042,-1,6069,-2.0
5770,insert,14792,-1,6070,-2.0
5771,insert,3917,-1,6071,-2.0
5772,insert,11792,-1,6072,-2.0
5773,insert,10667,-1,6073,-2.0
5774,insert,14083,-1,6074,-2.0
5775,insert,12583,-1,6075,-2.0
5776,insert,13292,-1,6076,-2.0
5777,insert,14083,-1,6077,-2.0
5778,insert,12166,-1,6078,-2.0
5779,insert,3375,-1,6079,-2.0
5780,insert,13875,-1,6080,-2.0
5781,insert,13916,-1,6081,-2.0
5782,insert,1375,-1,6082,-2.0
5783,insert,14667,-1,6083,-2.0
5784,insert,12875,-1,6084,-2.0
5785,insert,14500,-1,6085,-2.0
5786,insert,14125,-1,6086,-2.0
5787,insert,13792,-1,6087,-2.0
5788,insert,13042,-1,6088,-2.0
5789,insert,13583,-1,6089,-2.0
5790,insert,12833,-1,6090,-2.0
5791,insert,14167,-1,6091,-2.0
5792,insert,12667,-1,6092,-2.0
5793,insert,14042,-1,6093,-2.0
5794,insert,14417,-1,6094,-2.0
5795,insert,2042,-1,6095,-2.0
5796,insert,1917,-1,6096,-2.0
5797,insert,3958,-1,6097,-2.0
5798,insert,15208,-1,6098,-2.0
5799,insert,15709,-1,6099,-2.0
5800,insert,1209,-1,6100,-2.0
5801,insert,14167,-1,6101,-2.0
5802,insert,13917,-1,6102,-2.0
5803,insert,4167,-1,6103,-2.0
5804,insert,14417,-1,6104,-2.0
5805,insert,16583,-1,6105,-2.0
5806,insert,1917,-1,6106,-2.0
5807,insert,14625,-1,6107,-2.0
5808,insert,4167,-1,6108,-2.0
5809,insert,3583,-1,6109,-2.0
5810,insert,14083,-1,6110,-2.0
5811,insert,2042,-1,6111,-2.0
5812,insert,4125,-1,6112,-2.0
5813,delete,3708,-1,6111,-2.0
5814,delete,3458,-1,6110,-2.0
5815,delete,3458,-1,6109,-2.0
5816,delete,3417,-1,6108,-2.0
5817,delete,3458,-1,6107,-2.0
5818,delete,3417,-1,6106,-2.0
5819,delete,3417,-1,6105,-2.0
5820,delete,3416,-1,6104,-2.0
5821,delete,3416,-1,6103,-2.0
5822,delete,3375,-1,6102,-2.0
5823,delete,3416,-1,6101,-2.0
5824,delete,3416,-1,6100,-2.0
5825,delete,3375,-1,6099,-2.0
5826,delete,3375,-1,6098,-2.0
5827,delete,3417,-1,6097,-2.0
5828,delete,3375,-1,6096,-2.0
5829,delete,3375,-1,6095,-2.0
5830,delete,3375,-1,6094,-2.0
5831,delete,3375,-1,6093,-2.0
5832,delete,3416,-1,6092,-2.0
5833,delete,3375,-1,6091,-2.0
5834,delete,3417,-1,6090,-2.0
5835,delete,3375,-1,6089,-2.0
5836,delete,3375,-1,6088,-2.0
5837,delete,3375,-1,6087,-2.0
5838,delete,3458,-1,6086,-2.0
5839,delete,3375,-1,6085,-2.0
5840,delete,3333,-1,6084,-2.0
5841,delete,3375,-1,6083,-2.0
5842,delete,3375,-1,6082,-2.0
5843,delete,3500,-1,6081,-2.0
5844,delete,3375,-1,6080,-2.0
5845,delete,3375,-1,6079,-2.0
5846,delete,3375,-1,6078,-2.0
5847,delete,3375,-1,6077,-2.0
5848,delete,3375,-1,6076,-2.0
5849,delete,3334,-1,6075,-2.0
5850,delete,3333,-1,6074,-2.0
5851,delete,3333,-1,6073,-2.0
5852,delete,3375,-1,6072,-2.0
5853,delete,3334,-1,6071,-2.0
5854,delete,3333,-1,6070,-2.0
5855,delete,3333,-1,6069,-2.0
5856,delete,3333,-1,6068,-2.0
5857,delete,3583,-1,6067,-2.0
5858,delete,3834,-1,6066,-2.0
5859,delete,3875,-1,6065,-2.0
5860,delete,4083,-1,6064,-2.0
5861,delete,4125,-1,6063,-2.0
5862,delete,3833,-1,6062,-2.0
5863,delete,3875,-1,6061,-2.0
5864,delete,3709,-1,6060,-2.0
5865,delete,3333,-1,6059,-2.0
5866,delete,3333,-1,6058,-2.0
5867,delete,3333,-1,6057,-2.0
5868,delete,3333,-1,6056,-2.0
5869,delete,3375,-1,6055,-2.0
5870,delete,3333,-1,6054,-2.0
5871,delete,3375,-1,6053,-2.0
5872,delete,3333,-1,6052,-2.0
5873,delete,3833,-1,6051,-2.0
5874,delete,3833,-1,6050,-2.0
5875,delete,3958,-1,6049,-2.0
5876,delete,4041,-1,6048,-2.0
5877,delete,3959,-1,6047,-2.0
5878,delete,3834,-1,6046,-2.0
5879,delete,3875,-1,6045,-2.0
5880,delete,3917,-1,6044,-2.0
5881,delete,3833,-1,6043,-2.0
5882,delete,4125,-1,6042,-2.0
5883,delete,4125,-1,6041,-2.0
5884,delete,3833,-1,6040,-2.0
5885,delete,3875,-1,6039,-2.0
5886,delete,3709,-1,6038,-2.0
5887,delete,3291,-1,6037,-2.0
5888,delete,3333,-1,6036,-2.0
5889,delete,3333,-1,6035,-2.0
5890,delete,3375,-1,6034,-2.0
5891,delete,3333,-1,6033,-2.0
5892,delete,3375,-1,6032,-2.0
5893,delete,3375,-1,6031,-2.0
5894,delete,3333,-1,6030,-2.0
5895,delete,3375,-1,6029,-2.0
5896,delete,3500,-1,6028,-2.0
5897,delete,3875,-1,6027,-2.0
5898,delete,3833,-1,6026,-2.0
5899,delete,4166,-1,6025,-2.0
5900,delete,3625,-1,6024,-2.0
5901,delete,3708,-1,6023,-2.0
5902,delete,3291,-1,6022,-2.0
5903,delete,3375,-1,6021,-2.0
5904,delete,3375,-1,6020,-2.0
5905,delete,3334,-1,6019,-2.0
5906,delete,3333,-1,6018,-2.0
5907,delete,3334,-1,6017,-2.0
5908,delete,3333,-1,6016,-2.0
5909,delete,3334,-1,6015,-2.0
5910,delete,3333,-1,6014,-2.0
5911,delete,3334,-1,6013,-2.0
5912,delete,3333,-1,6012,-2.0
5913,delete,3334,-1,6011,-2.0
5914,delete,3583,-1,6010,-2.0
5915,delete,3916,-1,6009,-2.0
5916,delete,3833,-1,6008,-2.0
5917,delete,3958,-1,6007,-2.0
5918,delete,3834,-1,6006,-2.0
5919,delete,3875,-1,6005,-2.0
5920,delete,3834,-1,6004,-2.0
5921,delete,3833,-1,6003,-2.0
5922,delete,4084,-1,6002,-2.0
5923,delete,4084,-1,6001,-2.0
5924,delete,3834,-1,6000,-2.0
5925,delete,3833,-1,5999,-2.0
5926,delete,3583,-1,5998,-2.0
5927,delete,3334,-1,5997,-2.0
5928,delete,3333,-1,5996,-2.0
5929,delete,3334,-1,5995,-2.0
5930,delete,3625,-1,5994,-2.0
5931,delete,3834,-1,5993,-2.0
5932,delete,3834,-1,5992,-2.0
5933,delete,4083,-1,5991,-2.0
5934,delete,3500,-1,5990,-2.0
5935,delete,3416,-1,5989,-2.0
5936,delete,3666,-1,5988,-2.0
5937,delete,3375,-1,5987,-2.0
5938,delete,3333,-1,5986,-2.0
5939,delete,3334,-1,5985,-2.0
5940,delete,3375,-1,5984,-2.0
5941,delete,3375,-1,5983,-2.0
5942,delete,3333,-1,5982,-2.0
5943,delete,3334,-1,5981,-2.0
5944,delete,3333,-1,5980,-2.0
5945,delete,3334,-1,5979,-2.0
5946,delete,3666,-1,5978,-2.0
5947,delete,3875,-1,5977,-2.0
5948,delete,3875,-1,5976,-2.0
5949,delete,4125,-1,5975,-2.0
5950,delete,4208,-1,5974,-2.0
5951,delete,3875,-1,5973,-2.0
5952,delete,3875,-1,5972,-2.0
5953,delete,3875,-1,5971,-2.0
5954,delete,3916,-1,5970,-2.0
5955,delete,3875,-1,5969,-2.0
5956,delete,4083,-1,5968,-2.0
5957,delete,3375,-1,5967,-2.0
5958,delete,3292,-1,5966,-2.0
5959,delete,3250,-1,5965,-2.0
5960,delete,3292,-1,5964,-2.0
5961,delete,3292,-1,5963,-2.0
5962,delete,3292,-1,5962,-2.0
5963,delete,3292,-1,5961,-2.0
5964,delete,3291,-1,5960,-2.0
5965,delete,3291,-1,5959,-2.0
5966,delete,3292,-1,5958,-2.0
5967,delete,3375,-1,5957,-2.0
5968,delete,3292,-1,5956,-2.0
5969,delete,3292,-1,5955,-2.0
5970,delete,3333,-1,5954,-2.0
5971,delete,3292,-1,5953,-2.0
5972,delete,3292,-1,5952,-2.0
5973,delete,3291,-1,5951,-2.0
5974,delete,3292,-1,5950,-2.0
5975,delete,3250,-1,5949,-2.0
5976,delete,3333,-1,5948,-2.0
5977,delete,3334,-1,5947,-2.0
5978,delete,3291,-1,5946,-2.0
5979,delete,3292,-1,5945,-2.0
5980,delete,3250,-1,5944,-2.0
5981,delete,3292,-1,5943,-2.0
5982,delete,3292,-1,5942,-2.0
5983,delete,3334,-1,5941,-2.0
5984,delete,3250,-1,5940,-2.0
5985,delete,3292,-1,5939,-2.0
5986,delete,3291,-1,5938,-2.0
5987,delete,3291,-1,5937,-2.0
5988,delete,3291,-1,5936,-2.0
5989,delete,3334,-1,5935,-2.0
5990,delete,3291,-1,5934,-2.0
5991,delete,3209,-1,5933,-2.0
5992,delete,3292,-1,5932,-2.0
5993,delete,3291,-1,5931,-2.0
5994,delete,3333,-1,5930,-2.0
5995,delete,3292,-1,5929,-2.0
5996,delete,3334,-1,5928,-2.0
5997,delete,3292,-1,5927,-2.0
5998,delete,3291,-1,5926,-2.0
5999,delete,3292,-1,5925,-2.0
6000,delete,3292,19063708,5924,1.0
6001,delete,4208,-1,5923,-2.0
6002,delete,3334,-1,5922,-2.0
6003,delete,3250,-1,5921,-2.0
6004,delete,3291,-1,5920,-2.0
6005,delete,3291,-1,5919,-2.0
6006,delete,3292,-1,5918,-2.0
6007,delete,3291,-1,5917,-2.0
6008,delete,3292,-1,5916,-2.0
6009,delete,3292,-1,5915,-2.0
6010,delete,3292,-1,5914,-2.0
6011,delete,3292,-1,5913,-2.0
6012,delete,3291,-1,5912,-2.0
6013,delete,3291,-1,5911,-2.0
6014,delete,3291,-1,5910,-2.0
6015,delete,3291,-1,5909,-2.0
6016,delete,3291,-1,5908,-2.0
6017,delete,3291,-1,5907,-2.0
6018,delete,3292,-1,5906,-2.0
6019,delete,3292,-1,5905,-2.0
6020,delete,3292,-1,5904,-2.0
6021,delete,3291,-1,5903,-2.0
6022,delete,3291,-1,5902,-2.0
6023,delete,3292,-1,5901,-2.0
6024,delete,3292,-1,5900,-2.0
6025,delete,3334,-1,5899,-2.0
6026,delete,3292,-1,5898,-2.0
6027,delete,3250,-1,5897,-2.0
6028,delete,3292,-1,5896,-2.0
6029,delete,3292,-1,5895,-2.0
6030,delete,3291,-1,5894,-2.0
6031,delete,3333,-1,5893,-2.0
6032,delete,3291,-1,5892,-2.0
6033,delete,3291,-1,5891,-2.0
6034,delete,3333,-1,5890,-2.0
6035,delete,3291,-1,5889,-2.0
6036,delete,3291,-1,5888,-2.0
6037,delete,3292,-1,5887,-2.0
6038,delete,3334,-1,5886,-2.0
6039,delete,3292,-1,5885,-2.0
6040,delete,3292,-1,5884,-2.0
6041,delete,3333,-1,5883,-2.0
6042,delete,3291,-1,5882,-2.0
6043,delete,3291,-1,5881,-2.0
6044,delete,3250,-1,5880,-2.0
6045,delete,3292,-1,5879,-2.0
6046,delete,3291,-1,5878,-2.0
6047,delete,3291,-1,5877,-2.0
6048,delete,3292,-1,5876,-2.0
6049,delete,3292,-1,5875,-2.0
6050,delete,3292,-1,5874,-2.0
6051,delete,3292,-1,5873,-2.0
6052,delete,3375,-1,5872,-2.0
6053,delete,3291,-1,5871,-2.0
6054,delete,3333,-1,5870,-2.0
6055,delete,3334,-1,5869,-2.0
6056,delete,3334,-1,5868,-2.0
6057,delete,3292,-1,5867,-2.0
6058,delete,3291,-1,5866,-2.0
6059,delete,3291,-1,5865,-2.0
6060,delete,3250,-1,5864,-2.0
6061,delete,3291,-1,5863,-2.0
6062,delete,3292,-1,5862,-2.0
6063,delete,3541,-1,5861,-2.0
6064,delete,3292,-1,5860,-2.0
6065,delete,3292,-1,5859,-2.0
6066,delete,3292,-1,5858,-2.0
6067,delete,3291,-1,5857,-2.0
6068,delete,3291,-1,5856,-2.0
6069,delete,3334,-1,5855,-2.0
6070,delete,3292,-1,5854,-2.0
6071,delete,3291,-1,5853,-2.0
6072,delete,3291,-1,5852,-2.0
6073,delete,3292,-1,5851,-2.0
6074,delete,3334,-1,5850,-2.0
6075,delete,3292,-1,5849,-2.0
6076,delete,3292,-1,5848,-2.0
6077,delete,3292,-1,5847,-2.0
6078,delete,3291,-1,5846,-2.0
6079,delete,3291,-1,5845,-2.0
6080,delete,3333,-1,5844,-2.0
6081,delete,3292,-1,5843,-2.0
6082,delete,3334,-1,5842,-2.0
6083,delete,3292,-1,5841,-2.0
6084,delete,3292,-1,5840,-2.0
6085,delete,3291,-1,5839,-2.0
6086,delete,3291,-1,5838,-2.0
6087,delete,3292,-1,5837,-2.0
6088,delete,3334,-1,5836,-2.0
6089,delete,3333,-1,5835,-2.0
6090,delete,3291,-1,5834,-2.0
6091,delete,3292,-1,5833,-2.0
6092,delete,3292,-1,5832,-2.0
6093,delete,3292,-1,5831,-2.0
6094,delete,3292,-1,5830,-2.0
6095,delete,3250,-1,5829,-2.0
6096,delete,3292,-1,5828,-2.0
6097,delete,3333,-1,5827,-2.0
6098,delete,3291,-1,5826,-2.0
6099,delete,3291,-1,5825,-2.0
6100,delete,3292,-1,5824,-2.0
6101,delete,3292,-1,5823,-2.0
6102,delete,3292,-1,5822,-2.0
6103,delete,3333,-1,5821,-2.0
6104,delete,3292,-1,5820,-2.0
6105,delete,3292,-1,5819,-2.0
6106,delete,3291,-1,5818,-2.0
6107,delete,3291,-1,5817,-2.0
6108,delete,3334,-1,5816,-2.0
6109,delete,3333,-1,5815,-2.0
6110,delete,3292,-1,5814,-2.0
6111,delete,3292,-1,5813,-2.0
6112,delete,3292,-1,5812,-2.0
6113,delete,3292,-1,5811,-2.0
6114,delete,3292,-1,5810,-2.0
6115,delete,3292,-1,5809,-2.0
6116,delete,3292,-1,5808,-2.0
6117,delete,3291,-1,5807,-2.0
6118,delete,3292,-1,5806,-2.0
6119,delete,3292,-1,5805,-2.0
6120,delete,3292,-1,5804,-2.0
6121,delete,3334,-1,5803,-2.0
6122,delete,3292,-1,5802,-2.0
6123,delete,3292,-1,5801,-2.0
6124,delete,3292,-1,5800,-2.0
6125,delete,3292,-1,5799,-2.0
6126,delete,3291,-1,5798,-2.0
6127,delete,3291,-1,5797,-2.0
6128,delete,3291,-1,5796,-2.0
6129,delete,3291,-1,5795,-2.0
6130,delete,3333,-1,5794,-2.0
6131,delete,3292,-1,5793,-2.0
6132,delete,3333,-1,5792,-2.0
6133,delete,3291,-1,5791,-2.0
6134,delete,3291,-1,5790,-2.0
6135,delete,3333,-1,5789,-2.0
6136,delete,3291,-1,5788,-2.0
6137,delete,3333,-1,5787,-2.0
6138,delete,3292,-1,5786,-2.0
6139,delete,3334,-1,5785,-2.0
6140,delete,3333,-1,5784,-2.0
6141,delete,3291,-1,5783,-2.0
6142,delete,3291,-1,5782,-2.0
6143,delete,3291,-1,5781,-2.0
6144,delete,3292,-1,5780,-2.0
6145,delete,3334,-1,5779,-2.0
6146,delete,3292,-1,5778,-2.0
6147,delete,3333,-1,5777,-2.0
6148,delete,3291,-1,5776,-2.0
6149,delete,3292,-1,5775,-2.0
6150,delete,3334,-1,5774,-2.0
6151,delete,3292,-1,5773,-2.0
6152,delete,3292,-1,5772,-2.0
6153,delete,3291,-1,5771,-2.0
6154,delete,3292,-1,5770,-2.0
6155,delete,3292,-1,5769,-2.0
6156,delete,3292,-1,5768,-2.0
6157,delete,3292,-1,5767,-2.0
6158,delete,3292,-1,5766,-2.0
6159,delete,3333,-1,5765,-2.0
6160,delete,3334,-1,5764,-2.0
6161,delete,3292,-1,5763,-2.0
6162,delete,3292,-1,5762,-2.0
6163,delete,3292,-1,5761,-2.0
6164,delete,3292,-1,5760,-2.0
6165,delete,3292,-1,5759,-2.0
6166,delete,3292,-1,5758,-2.0
6167,delete,3291,-1,5757,-2.0
6168,delete,3291,-1,5756,-2.0
6169,delete,3291,-1,5755,-2.0
6170,delete,3291,-1,5754,-2.0
6171,delete,3292,-1,5753,-2.0
6172,delete,3292,-1,5752,-2.0
6173,delete,3292,-1,5751,-2.0
6174,delete,3292,-1,5750,-2.0
6175,delete,3292,-1,5749,-2.0
6176,delete,3292,-1,5748,-2.0
6177,delete,3291,-1,5747,-2.0
6178,delete,3291,-1,5746,-2.0
6179,delete,3291,-1,5745,-2.0
6180,delete,3292,-1,5744,-2.0
6181,delete,3292,-1,5743,-2.0
6182,delete,3292,-1,5742,-2.0
6183,delete,3292,-1,5741,-2.0
6184,delete,3292,-1,5740,-2.0
6185,delete,3292,-1,5739,-2.0
6186,delete,3292,-1,5738,-2.0
6187,delete,3292,-1,5737,-2.0
6188,delete,3291,-1,5736,-2.0
6189,delete,3291,-1,5735,-2.0
6190,delete,3292,-1,5734,-2.0
6191,delete,3250,-1,5733,-2.0
6192,delete,3292,-1,5732,-2.0
6193,delete,3292,-1,5731,-2.0
6194,delete,3292,-1,5730,-2.0
6195,delete,3292,-1,5729,-2.0
6196,delete,3292,-1,5728,-2.0
6197,delete,3291,-1,5727,-2.0
6198,delete,3333,-1,5726,-2.0
6199,delete,3375,-1,5725,-2.0
6200,delete,3333,-1,5724,-2.0
6201,delete,3334,-1,5723,-2.0
6202,delete,3292,-1,5722,-2.0
6203,delete,3292,-1,5721,-2.0
6204,delete,3333,-1,5720,-2.0
6205,delete,3292,-1,5719,-2.0
6206,delete,3292,-1,5718,-2.0
6207,delete,3250,-1,5717,-2.0
6208,delete,3292,-1,5716,-2.0
6209,delete,3333,-1,5715,-2.0
6210,delete,3333,-1,5714,-2.0
6211,delete,3333,-1,5713,-2.0
6212,delete,3292,-1,5712,-2.0
6213,delete,3292,-1,5711,-2.0
6214,delete,3333,-1,5710,-2.0
6215,delete,3292,-1,5709,-2.0
6216,delete,3334,-1,5708,-2.0
6217,delete,3292,-1,5707,-2.0
6218,delete,3292,-1,5706,-2.0
6219,delete,3333,-1,5705,-2.0
6220,delete,3291,-1,5704,-2.0
6221,delete,3292,-1,5703,-2.0
6222,delete,3333,-1,5702,-2.0
6223,delete,3291,-1,5701,-2.0
6224,delete,3292,-1,5700,-2.0
6225,delete,3292,-1,5699,-2.0
6226,delete,3333,-1,5698,-2.0
6227,delete,3291,-1,5697,-2.0
6228,delete,3292,-1,5696,-2.0
6229,delete,3292,-1,5695,-2.0
6230,delete,3292,-1,5694,-2.0
6231,delete,3291,-1,5693,-2.0
6232,delete,3334,-1,5692,-2.0
6233,delete,3291,-1,5691,-2.0
6234,delete,3333,-1,5690,-2.0
6235,delete,3291,-1,5689,-2.0
6236,delete,3292,-1,5688,-2.0
6237,delete,3334,-1,5687,-2.0
6238,delete,3292,-1,5686,-2.0
6239,delete,3333,-1,5685,-2.0
6240,delete,3333,-1,5684,-2.0
6241,delete,3334,-1,5683,-2.0
6242,delete,3292,-1,5682,-2.0
6243,delete,3333,-1,5681,-2.0
6244,delete,3292,-1,5680,-2.0
6245,delete,3292,-1,5679,-2.0
6246,delete,3250,-1,5678,-2.0
6247,delete,3292,-1,5677,-2.0
6248,delete,3333,-1,5676,-2.0
6249,delete,3333,-1,5675,-2.0
6250,delete,3334,-1,5674,-2.0
6251,delete,3292,-1,5673,-2.0
6252,delete,3292,-1,5672,-2.0
6253,delete,3333,-1,5671,-2.0
6254,delete,3333,-1,5670,-2.0
6255,delete,3333,-1,5669,-2.0
6256,delete,3334,-1,5668,-2.0
6257,delete,3333,-1,5667,-2.0
6258,delete,3333,-1,5666,-2.0
6259,delete,3333,-1,5665,-2.0
6260,delete,3292,-1,5664,-2.0
6261,delete,3292,-1,5663,-2.0
6262,delete,3292,-1,5662,-2.0
6263,delete,3292,-1,5661,-2.0
6264,delete,3334,-1,5660,-2.0
6265,delete,3292,-1,5659,-2.0
6266,delete,3291,-1,5658,-2.0
6267,delete,3291,-1,5657,-2.0
6268,delete,3291,-1,5656,-2.0
6269,delete,3333,-1,5655,-2.0
6270,delete,3292,-1,5654,-2.0
6271,delete,3334,-1,5653,-2.0
6272,delete,3292,-1,5652,-2.0
6273,delete,3292,-1,5651,-2.0
6274,delete,3292,-1,5650,-2.0
6275,delete,3333,-1,5649,-2.0
6276,delete,3292,-1,5648,-2.0
6277,delete,3292,-1,5647,-2.0
6278,delete,3292,-1,5646,-2.0
6279,delete,3292,-1,5645,-2.0
6280,delete,3292,-1,5644,-2.0
6281,delete,3292,-1,5643,-2.0
6282,delete,3291,-1,5642,-2.0
6283,delete,3291,-1,5641,-2.0
6284,delete,3333,-1,5640,-2.0
6285,delete,3334,-1,5639,-2.0
6286,delete,3292,-1,5638,-2.0
6287,delete,3333,-1,5637,-2.0
6288,delete,3291,-1,5636,-2.0
6289,delete,3291,-1,5635,-2.0
6290,delete,3333,-1,5634,-2.0
6291,delete,3334,-1,5633,-2.0
6292,delete,3292,-1,5632,-2.0
6293,delete,3333,-1,5631,-2.0
6294,delete,3333,-1,5630,-2.0
6295,delete,3292,-1,5629,-2.0
6296,delete,3292,-1,5628,-2.0
6297,delete,3334,-1,5627,-2.0
6298,delete,3333,-1,5626,-2.0
6299,delete,3333,-1,5625,-2.0
6300,delete,3334,17963416,5624,1.0
6301,delete,4042,-1,5623,-2.0
6302,delete,3416,-1,5622,-2.0
6303,delete,3417,-1,5621,-2.0
6304,delete,3750,-1,5620,-2.0
6305,delete,3875,-1,5619,-2.0
6306,delete,3834,-1,5618,-2.0
6307,delete,4083,-1,5617,-2.0
6308,delete,4000,-1,5616,-2.0
6309,delete,4000,-1,5615,-2.0
6310,delete,4167,-1,5614,-2.0
6311,delete,3417,-1,5613,-2.0
6312,delete,3292,-1,5612,-2.0
6313,delete,3333,-1,5611,-2.0
6314,delete,3334,-1,5610,-2.0
6315,delete,3292,-1,5609,-2.0
6316,delete,3291,-1,5608,-2.0
6317,delete,3291,-1,5607,-2.0
6318,delete,3292,-1,5606,-2.0
6319,delete,3292,-1,5605,-2.0
6320,delete,3292,-1,5604,-2.0
6321,delete,3250,-1,5603,-2.0
6322,delete,3333,-1,5602,-2.0
6323,delete,3333,-1,5601,-2.0
6324,delete,3333,-1,5600,-2.0
6325,delete,3292,-1,5599,-2.0
6326,delete,3292,-1,5598,-2.0
6327,delete,3333,-1,5597,-2.0
6328,delete,3333,-1,5596,-2.0
6329,delete,3292,-1,5595,-2.0
6330,delete,3334,-1,5594,-2.0
6331,delete,3292,-1,5593,-2.0
6332,delete,3333,-1,5592,-2.0
6333,delete,3291,-1,5591,-2.0
6334,delete,3333,-1,5590,-2.0
6335,delete,3333,-1,5589,-2.0
6336,delete,3333,-1,5588,-2.0
6337,delete,3333,-1,5587,-2.0
6338,delete,3292,-1,5586,-2.0
6339,delete,3292,-1,5585,-2.0
6340,delete,3292,-1,5584,-2.0
6341,delete,3333,-1,5583,-2.0
6342,delete,3291,-1,5582,-2.0
6343,delete,3333,-1,5581,-2.0
6344,delete,3334,-1,5580,-2.0
6345,delete,3292,-1,5579,-2.0
6346,delete,3333,-1,5578,-2.0
6347,delete,3291,-1,5577,-2.0
6348,delete,3292,-1,5576,-2.0
6349,delete,3292,-1,5575,-2.0
6350,delete,3292,-1,5574,-2.0
6351,delete,3292,-1,5573,-2.0
6352,delete,3292,-1,5572,-2.0
6353,delete,3375,-1,5571,-2.0
6354,delete,3333,-1,5570,-2.0
6355,delete,3334,-1,5569,-2.0
6356,delete,3500,-1,5568,-2.0
6357,delete,3292,-1,5567,-2.0
6358,delete,3333,-1,5566,-2.0
6359,delete,3416,-1,5565,-2.0
6360,delete,3291,-1,5564,-2.0
6361,delete,3333,-1,5563,-2.0
6362,delete,3334,-1,5562,-2.0
6363,delete,3292,-1,5561,-2.0
6364,delete,3292,-1,5560,-2.0
6365,delete,3292,-1,5559,-2.0
6366,delete,3333,-1,5558,-2.0
6367,delete,3292,-1,5557,-2.0
6368,delete,3292,-1,5556,-2.0
6369,delete,3292,-1,5555,-2.0
6370,delete,3292,-1,5554,-2.0
6371,delete,3417,-1,5553,-2.0
6372,delete,3292,-1,5552,-2.0
6373,delete,3292,-1,5551,-2.0
6374,delete,3250,-1,5550,-2.0
6375,delete,3292,-1,5549,-2.0
6376,delete,3292,-1,5548,-2.0
6377,delete,3333,-1,5547,-2.0
6378,delete,3291,-1,5546,-2.0
6379,delete,3291,-1,5545,-2.0
6380,delete,3292,-1,5544,-2.0
6381,delete,3292,-1,5543,-2.0
6382,delete,3334,-1,5542,-2.0
6383,delete,3333,-1,5541,-2.0
6384,delete,3292,-1,5540,-2.0
6385,delete,3333,-1,5539,-2.0
6386,delete,3292,-1,5538,-2.0
6387,delete,3292,-1,5537,-2.0
6388,delete,3291,-1,5536,-2.0
6389,delete,3333,-1,5535,-2.0
6390,delete,3292,-1,5534,-2.0
6391,delete,3292,-1,5533,-2.0
6392,delete,3292,-1,5532,-2.0
6393,delete,3333,-1,5531,-2.0
6394,delete,3292,-1,5530,-2.0
6395,delete,3292,-1,5529,-2.0
6396,delete,3292,-1,5528,-2.0
6397,delete,3333,-1,5527,-2.0
6398,delete,3333,-1,5526,-2.0
6399,delete,3292,-1,5525,-2.0
6400,delete,3292,-1,5524,-2.0
6401,delete,3334,-1,5523,-2.0
6402,delete,3292,-1,5522,-2.0
6403,delete,3334,-1,5521,-2.0
6404,delete,3292,-1,5520,-2.0
6405,delete,3333,-1,5519,-2.0
6406,delete,3292,-1,5518,-2.0
6407,delete,3292,-1,5517,-2.0
6408,delete,3334,-1,5516,-2.0
6409,delete,3292,-1,5515,-2.0
6410,delete,3292,-1,5514,-2.0
6411,delete,3292,-1,5513,-2.0
6412,delete,3292,-1,5512,-2.0
6413,delete,3292,-1,5511,-2.0
6414,delete,3292,-1,5510,-2.0
6415,delete,3292,-1,5509,-2.0
6416,delete,3333,-1,5508,-2.0
6417,delete,3292,-1,5507,-2.0
6418,delete,3333,-1,5506,-2.0
6419,delete,3291,-1,5505,-2.0
6420,delete,3333,-1,5504,-2.0
6421,delete,3292,-1,5503,-2.0
6422,delete,3334,-1,5502,-2.0
6423,delete,3334,-1,5501,-2.0
6424,delete,3292,-1,5500,-2.0
6425,delete,3292,-1,5499,-2.0
6426,delete,3334,-1,5498,-2.0
6427,delete,3292,-1,5497,-2.0
6428,delete,3292,-1,5496,-2.0
6429,delete,3292,-1,5495,-2.0
6430,delete,3333,-1,5494,-2.0
6431,delete,3291,-1,5493,-2.0
6432,delete,3333,-1,5492,-2.0
6433,delete,3292,-1,5491,-2.0
6434,delete,3292,-1,5490,-2.0
6435,delete,3292,-1,5489,-2.0
6436,delete,3333,-1,5488,-2.0
6437,delete,3375,-1,5487,-2.0
6438,delete,3375,-1,5486,-2.0
6439,delete,3292,-1,5485,-2.0
6440,delete,3333,-1,5484,-2.0
6441,delete,3292,-1,5483,-2.0
6442,delete,3292,-1,5482,-2.0
6443,delete,3375,-1,5481,-2.0
6444,delete,3291,-1,5480,-2.0
6445,delete,3292,-1,5479,-2.0
6446,delete,3292,-1,5478,-2.0
6447,delete,3292,-1,5477,-2.0
6448,delete,3291,-1,5476,-2.0
6449,delete,3291,-1,5475,-2.0
6450,delete,3292,-1,5474,-2.0
6451,delete,3292,-1,5473,-2.0
6452,delete,3334,-1,5472,-2.0
6453,delete,3292,-1,5471,-2.0
6454,delete,3292,-1,5470,-2.0
6455,delete,3291,-1,5469,-2.0
6456,delete,3333,-1,5468,-2.0
6457,delete,3292,-1,5467,-2.0
6458,delete,3334,-1,5466,-2.0
6459,delete,3292,-1,5465,-2.0
6460,delete,3292,-1,5464,-2.0
6461,delete,3333,-1,5463,-2.0
6462,delete,3333,-1,5462,-2.0
6463,delete,3292,-1,5461,-2.0
6464,delete,3250,-1,5460,-2.0
6465,delete,3292,-1,5459,-2.0
6466,delete,3292,-1,5458,-2.0
6467,delete,3291,-1,5457,-2.0
6468,delete,3333,-1,5456,-2.0
6469,delete,3292,-1,5455,-2.0
6470,delete,3292,-1,5454,-2.0
6471,delete,3292,-1,5453,-2.0
6472,delete,3292,-1,5452,-2.0
6473,delete,3334,-1,5451,-2.0
6474,delete,3292,-1,5450,-2.0
6475,delete,3292,-1,5449,-2.0
6476,delete,3292,-1,5448,-2.0
6477,delete,3292,-1,5447,-2.0
6478,delete,3333,-1,5446,-2.0
6479,delete,3291,-1,5445,-2.0
6480,delete,3291,-1,5444,-2.0
6481,delete,3291,-1,5443,-2.0
6482,delete,3291,-1,5442,-2.0
6483,delete,3292,-1,5441,-2.0
6484,delete,3292,-1,5440,-2.0
6485,delete,3292,-1,5439,-2.0
6486,delete,3292,-1,5438,-2.0
6487,delete,3292,-1,5437,-2.0
6488,delete,3291,-1,5436,-2.0
6489,delete,3291,-1,5435,-2.0
6490,delete,3291,-1,5434,-2.0
6491,delete,3291,-1,5433,-2.0
6492,delete,3291,-1,5432,-2.0
6493,delete,3292,-1,5431,-2.0
6494,delete,3292,-1,5430,-2.0
6495,delete,3292,-1,5429,-2.0
6496,delete,3292,-1,5428,-2.0
6497,delete,3333,-1,5427,-2.0
6498,delete,3333,-1,5426,-2.0
6499,delete,3333,-1,5425,-2.0
6500,delete,3292,-1,5424,-2.0
6501,delete,3334,-1,5423,-2.0
6502,delete,3334,-1,5422,-2.0
6503,delete,3292,-1,5421,-2.0
6504,delete,3292,-1,5420,-2.0
6505,delete,3333,-1,5419,-2.0
6506,delete,3291,-1,5418,-2.0
6507,delete,3291,-1,5417,-2.0
6508,delete,3333,-1,5416,-2.0
6509,delete,3292,-1,5415,-2.0
6510,delete,3292,-1,5414,-2.0
6511,delete,3292,-1,5413,-2.0
6512,delete,3292,-1,5412,-2.0
6513,delete,3333,-1,5411,-2.0
6514,delete,3333,-1,5410,-2.0
6515,delete,3292,-1,5409,-2.0
6516,delete,3292,-1,5408,-2.0
6517,delete,3333,-1,5407,-2.0
6518,delete,3291,-1,5406,-2.0
6519,delete,3333,-1,5405,-2.0
6520,delete,3292,-1,5404,-2.0
6521,delete,3292,-1,5403,-2.0
6522,delete,3292,-1,5402,-2.0
6523,delete,3292,-1,5401,-2.0
6524,delete,3291,-1,5400,-2.0
6525,delete,3250,-1,5399,-2.0
6526,delete,3292,-1,5398,-2.0
6527,delete,3334,-1,5397,-2.0
6528,delete,3291,-1,5396,-2.0
6529,delete,3292,-1,5395,-2.0
6530,delete,3292,-1,5394,-2.0
6531,delete,3292,-1,5393,-2.0
6532,delete,3333,-1,5392,-2.0
6533,delete,3291,-1,5391,-2.0
6534,delete,3291,-1,5390,-2.0
6535,delete,3333,-1,5389,-2.0
6536,delete,3250,-1,5388,-2.0
6537,delete,3250,-1,5387,-2.0
6538,delete,3292,-1,5386,-2.0
6539,delete,3333,-1,5385,-2.0
6540,delete,3291,-1,5384,-2.0
6541,delete,3291,-1,5383,-2.0
6542,delete,3291,-1,5382,-2.0
6543,delete,3291,-1,5381,-2.0
6544,delete,3291,-1,5380,-2.0
6545,delete,3292,-1,5379,-2.0
6546,delete,3292,-1,5378,-2.0
6547,delete,3292,-1,5377,-2.0
6548,delete,3334,-1,5376,-2.0
6549,delete,3292,-1,5375,-2.0
6550,delete,3292,-1,5374,-2.0
6551,delete,3250,-1,5373,-2.0
6552,delete,3292,-1,5372,-2.0
6553,delete,3292,-1,5371,-2.0
6554,delete,3292,-1,5370,-2.0
6555,delete,3292,-1,5369,-2.0
6556,delete,3292,-1,5368,-2.0
6557,delete,3334,-1,5367,-2.0
6558,delete,3291,-1,5366,-2.0
6559,delete,3291,-1,5365,-2.0
6560,delete,3291,-1,5364,-2.0
6561,delete,3291,-1,5363,-2.0
6562,delete,3292,-1,5362,-2.0
6563,delete,3291,-1,5361,-2.0
6564,delete,3292,-1,5360,-2.0
6565,delete,3250,-1,5359,-2.0
6566,delete,3333,-1,5358,-2.0
6567,delete,3292,-1,5357,-2.0
6568,delete,3292,-1,5356,-2.0
6569,delete,3292,-1,5355,-2.0
6570,delete,3292,-1,5354,-2.0
6571,delete,3250,-1,5353,-2.0
6572,delete,3291,-1,5352,-2.0
6573,delete,3333,-1,5351,-2.0
6574,delete,3334,-1,5350,-2.0
6575,delete,3292,-1,5349,-2.0
6576,delete,3334,-1,5348,-2.0
6577,delete,3292,-1,5347,-2.0
6578,delete,3292,-1,5346,-2.0
6579,delete,3292,-1,5345,-2.0
6580,delete,3292,-1,5344,-2.0
6581,delete,3292,-1,5343,-2.0
6582,delete,3291,-1,5342,-2.0
6583,delete,3291,-1,5341,-2.0
6584,delete,3291,-1,5340,-2.0
6585,delete,3333,-1,5339,-2.0
6586,delete,3292,-1,5338,-2.0
6587,delete,3250,-1,5337,-2.0
6588,delete,3292,-1,5336,-2.0
6589,delete,3292,-1,5335,-2.0
6590,delete,3292,-1,5334,-2.0
6591,delete,3292,-1,5333,-2.0
6592,delete,3292,-1,5332,-2.0
6593,delete,3292,-1,5331,-2.0
6594,delete,3250,-1,5330,-2.0
6595,delete,3250,-1,5329,-2.0
6596,delete,3291,-1,5328,-2.0
6597,delete,3291,-1,5327,-2.0
6598,delete,3291,-1,5326,-2.0
6599,delete,3333,-1,5325,-2.0
6600,delete,3292,17183500,5324,0.677255
6601,delete,4625,-1,5323,-2.0
6602,delete,3375,-1,5322,-2.0
6603,delete,3292,-1,5321,-2.0
6604,delete,3292,-1,5320,-2.0
6605,delete,3334,-1,5319,-2.0
6606,delete,3291,-1,5318,-2.0
6607,delete,3292,-1,5317,-2.0
6608,delete,3333,-1,5316,-2.0
6609,delete,3292,-1,5315,-2.0
6610,delete,3292,-1,5314,-2.0
6611,delete,3292,-1,5313,-2.0
6612,delete,3292,-1,5312,-2.0
6613,delete,3292,-1,5311,-2.0
6614,delete,3250,-1,5310,-2.0
6615,delete,3291,-1,5309,-2.0
6616,delete,3250,-1,5308,-2.0
6617,delete,3292,-1,5307,-2.0
6618,delete,3250,-1,5306,-2.0
6619,delete,3291,-1,5305,-2.0
6620,delete,3250,-1,5304,-2.0
6621,delete,3292,-1,5303,-2.0
6622,delete,3333,-1,5302,-2.0
6623,delete,3959,-1,5301,-2.0
6624,delete,3833,-1,5300,-2.0
6625,delete,3834,-1,5299,-2.0
6626,delete,3875,-1,5298,-2.0
6627,delete,3417,-1,5297,-2.0
6628,delete,3333,-1,5296,-2.0
6629,delete,3334,-1,5295,-2.0
6630,delete,3334,-1,5294,-2.0
6631,delete,3333,-1,5293,-2.0
6632,delete,3333,-1,5292,-2.0
6633,delete,3334,-1,5291,-2.0
6634,delete,3333,-1,5290,-2.0
6635,delete,3334,-1,5289,-2.0
6636,delete,3333,-1,5288,-2.0
6637,delete,3542,-1,5287,-2.0
6638,delete,3834,-1,5286,-2.0
6639,delete,3833,-1,5285,-2.0
6640,delete,4083,-1,5284,-2.0
6641,delete,4166,-1,5283,-2.0
6642,delete,3875,-1,5282,-2.0
6643,delete,3833,-1,5281,-2.0
6644,delete,3875,-1,5280,-2.0
6645,delete,3875,-1,5279,-2.0
6646,delete,3833,-1,5278,-2.0
6647,delete,4042,-1,5277,-2.0
6648,delete,3417,-1,5276,-2.0
6649,delete,3291,-1,5275,-2.0
6650,delete,3292,-1,5274,-2.0
6651,delete,3292,-1,5273,-2.0
6652,delete,3292,-1,5272,-2.0
6653,delete,3292,-1,5271,-2.0
6654,delete,3292,-1,5270,-2.0
6655,delete,3292,-1,5269,-2.0
6656,delete,3333,-1,5268,-2.0
6657,delete,3291,-1,5267,-2.0
6658,delete,3291,-1,5266,-2.0
6659,delete,3333,-1,5265,-2.0
6660,delete,3292,-1,5264,-2.0
6661,delete,3292,-1,5263,-2.0
6662,delete,3292,-1,5262,-2.0
6663,delete,3250,-1,5261,-2.0
6664,delete,3292,-1,5260,-2.0
6665,delete,3334,-1,5259,-2.0
6666,delete,3292,-1,5258,-2.0
6667,delete,3292,-1,5257,-2.0
6668,delete,3292,-1,5256,-2.0
6669,delete,3292,-1,5255,-2.0
6670,delete,3292,-1,5254,-2.0
6671,delete,3292,-1,5253,-2.0
6672,delete,3292,-1,5252,-2.0
6673,delete,3250,-1,5251,-2.0
6674,delete,3292,-1,5250,-2.0
6675,delete,3292,-1,5249,-2.0
6676,delete,3292,-1,5248,-2.0
6677,delete,3292,-1,5247,-2.0
6678,delete,3292,-1,5246,-2.0
6679,delete,3250,-1,5245,-2.0
6680,delete,3209,-1,5244,-2.0
6681,delete,3291,-1,5243,-2.0
6682,delete,3250,-1,5242,-2.0
6683,delete,3291,-1,5241,-2.0
6684,delete,3291,-1,5240,-2.0
6685,delete,3292,-1,5239,-2.0
6686,delete,3292,-1,5238,-2.0
6687,delete,3292,-1,5237,-2.0
6688,delete,3333,-1,5236,-2.0
6689,delete,3291,-1,5235,-2.0
6690,delete,3291,-1,5234,-2.0
6691,delete,3291,-1,5233,-2.0
6692,delete,3291,-1,5232,-2.0
6693,delete,3250,-1,5231,-2.0
6694,delete,3291,-1,5230,-2.0
6695,delete,3291,-1,5229,-2.0
6696,delete,3291,-1,5228,-2.0
6697,delete,3291,-1,5227,-2.0
6698,delete,3291,-1,5226,-2.0
6699,delete,3291,-1,5225,-2.0
6700,delete,3291,-1,5224,-2.0
6701,delete,3291,-1,5223,-2.0
6702,delete,3291,-1,5222,-2.0
6703,delete,3291,-1,5221,-2.0
6704,delete,3250,-1,5220,-2.0
6705,delete,3292,-1,5219,-2.0
6706,delete,3291,-1,5218,-2.0
6707,delete,3292,-1,5217,-2.0
6708,delete,3292,-1,5216,-2.0
6709,delete,3292,-1,5215,-2.0
6710,delete,3250,-1,5214,-2.0
6711,delete,3291,-1,5213,-2.0
6712,delete,3333,-1,5212,-2.0
6713,delete,3292,-1,5211,-2.0
6714,delete,3292,-1,5210,-2.0
6715,delete,3292,-1,5209,-2.0
6716,delete,3292,-1,5208,-2.0
6717,delete,3292,-1,5207,-2.0
6718,delete,3292,-1,5206,-2.0
6719,delete,3291,-1,5205,-2.0
6720,delete,3250,-1,5204,-2.0
6721,delete,3291,-1,5203,-2.0
6722,delete,3291,-1,5202,-2.0
6723,delete,3291,-1,5201,-2.0
6724,delete,3291,-1,5200,-2.0
6725,delete,3250,-1,5199,-2.0
6726,delete,3292,-1,5198,-2.0
6727,delete,3292,-1,5197,-2.0
6728,delete,3333,-1,5196,-2.0
6729,delete,3292,-1,5195,-2.0
6730,delete,3292,-1,5194,-2.0
6731,delete,3292,-1,5193,-2.0
6732,delete,3292,-1,5192,-2.0
6733,delete,3292,-1,5191,-2.0
6734,delete,3250,-1,5190,-2.0
6735,delete,3292,-1,5189,-2.0
6736,delete,3292,-1,5188,-2.0
6737,delete,3292,-1,5187,-2.0
6738,delete,3292,-1,5186,-2.0
6739,delete,3292,-1,5185,-2.0
6740,delete,3292,-1,5184,-2.0
6741,delete,3292,-1,5183,-2.0
6742,delete,3292,-1,5182,-2.0
6743,delete,3292,-1,5181,-2.0
6744,delete,3292,-1,5180,-2.0
6745,delete,3292,-1,5179,-2.0
6746,delete,3292,-1,5178,-2.0
6747,delete,3333,-1,5177,-2.0
6748,delete,3375,-1,5176,-2.0
6749,delete,3375,-1,5175,-2.0
6750,delete,3375,-1,5174,-2.0
6751,delete,3375,-1,5173,-2.0
6752,delete,3375,-1,5172,-2.0
6753,delete,3375,-1,5171,-2.0
6754,delete,3375,-1,5170,-2.0
6755,delete,3375,-1,5169,-2.0
6756,delete,3375,-1,5168,-2.0
6757,delete,3333,-1,5167,-2.0
6758,delete,3375,-1,5166,-2.0
6759,delete,3375,-1,5165,-2.0
6760,delete,3292,-1,5164,-2.0
6761,delete,3334,-1,5163,-2.0
6762,delete,3417,-1,5162,-2.0
6763,delete,3375,-1,5161,-2.0
6764,delete,3417,-1,5160,-2.0
6765,delete,3416,-1,5159,-2.0
6766,delete,3375,-1,5158,-2.0
6767,delete,3375,-1,5157,-2.0
6768,delete,3416,-1,5156,-2.0
6769,delete,3458,-1,5155,-2.0
6770,delete,3375,-1,5154,-2.0
6771,delete,3375,-1,5153,-2.0
6772,delete,3375,-1,5152,-2.0
6773,delete,3292,-1,5151,-2.0
6774,delete,3417,-1,5150,-2.0
6775,delete,3375,-1,5149,-2.0
6776,delete,3416,-1,5148,-2.0
6777,delete,3375,-1,5147,-2.0
6778,delete,3292,-1,5146,-2.0
6779,delete,3292,-1,5145,-2.0
6780,delete,3292,-1,5144,-2.0
6781,delete,3292,-1,5143,-2.0
6782,delete,3292,-1,5142,-2.0
6783,delete,3333,-1,5141,-2.0
6784,delete,3333,-1,5140,-2.0
6785,delete,3334,-1,5139,-2.0
6786,delete,3292,-1,5138,-2.0
6787,delete,3292,-1,5137,-2.0
6788,delete,3291,-1,5136,-2.0
6789,delete,3291,-1,5135,-2.0
6790,delete,3333,-1,5134,-2.0
6791,delete,3334,-1,5133,-2.0
6792,delete,3334,-1,5132,-2.0
6793,delete,3292,-1,5131,-2.0
6794,delete,3333,-1,5130,-2.0
6795,delete,3292,-1,5129,-2.0
6796,delete,3292,-1,5128,-2.0
6797,delete,3333,-1,5127,-2.0
6798,delete,3291,-1,5126,-2.0
6799,delete,3291,-1,5125,-2.0
6800,delete,3333,-1,5124,-2.0
6801,delete,3292,-1,5123,-2.0
6802,delete,3292,-1,5122,-2.0
6803,delete,3333,-1,5121,-2.0
6804,delete,3291,-1,5120,-2.0
6805,delete,3291,-1,5119,-2.0
6806,delete,3292,-1,5118,-2.0
6807,delete,3334,-1,5117,-2.0
6808,delete,3292,-1,5116,-2.0
6809,delete,3333,-1,5115,-2.0
6810,delete,3291,-1,5114,-2.0
6811,delete,3291,-1,5113,-2.0
6812,delete,3292,-1,5112,-2.0
6813,delete,3292,-1,5111,-2.0
6814,delete,3334,-1,5110,-2.0
6815,delete,3250,-1,5109,-2.0
6816,delete,3334,-1,5108,-2.0
6817,delete,3292,-1,5107,-2.0
6818,delete,3292,-1,5106,-2.0
6819,delete,3291,-1,5105,-2.0
6820,delete,3291,-1,5104,-2.0
6821,delete,3333,-1,5103,-2.0
6822,delete,3334,-1,5102,-2.0
6823,delete,3333,-1,5101,-2.0
6824,delete,3333,-1,5100,-2.0
6825,delete,3334,-1,5099,-2.0
6826,delete,3292,-1,5098,-2.0
6827,delete,3333,-1,5097,-2.0
6828,delete,3333,-1,5096,-2.0
6829,delete,3291,-1,5095,-2.0
6830,delete,3291,-1,5094,-2.0
6831,delete,3292,-1,5093,-2.0
6832,delete,3334,-1,5092,-2.0
6833,delete,3292,-1,5091,-2.0
6834,delete,3292,-1,5090,-2.0
6835,delete,3333,-1,5089,-2.0
6836,delete,3291,-1,5088,-2.0
6837,delete,3333,-1,5087,-2.0
6838,delete,3292,-1,5086,-2.0
6839,delete,3292,-1,5085,-2.0
6840,delete,3333,-1,5084,-2.0
6841,delete,3291,-1,5083,-2.0
6842,delete,3333,-1,5082,-2.0
6843,delete,3334,-1,5081,-2.0
6844,delete,3292,-1,5080,-2.0
6845,delete,3291,-1,5079,-2.0
6846,delete,3292,-1,5078,-2.0
6847,delete,3334,-1,5077,-2.0
6848,delete,3292,-1,5076,-2.0
6849,delete,3375,-1,5075,-2.0
6850,delete,3334,-1,5074,-2.0
6851,delete,3292,-1,5073,-2.0
6852,delete,3292,-1,5072,-2.0
6853,delete,3333,-1,5071,-2.0
6854,delete,3291,-1,5070,-2.0
6855,delete,3291,-1,5069,-2.0
6856,delete,3291,-1,5068,-2.0
6857,delete,3291,-1,5067,-2.0
6858,delete,3333,-1,5066,-2.0
6859,delete,3292,-1,5065,-2.0
6860,delete,3292,-1,5064,-2.0
6861,delete,3292,-1,5063,-2.0
6862,delete,3292,-1,5062,-2.0
6863,delete,3292,-1,5061,-2.0
6864,delete,3333,-1,5060,-2.0
6865,delete,3292,-1,5059,-2.0
6866,delete,3292,-1,5058,-2.0
6867,delete,3292,-1,5057,-2.0
6868,delete,3292,-1,5056,-2.0
6869,delete,3292,-1,5055,-2.0
6870,delete,3292,-1,5054,-2.0
6871,delete,3292,-1,5053,-2.0
6872,delete,3250,-1,5052,-2.0
6873,delete,3291,-1,5051,-2.0
6874,delete,3291,-1,5050,-2.0
6875,delete,3291,-1,5049,-2.0
6876,delete,3292,-1,5048,-2.0
6877,delete,3292,-1,5047,-2.0
6878,delete,3291,-1,5046,-2.0
6879,delete,3291,-1,5045,-2.0
6880,delete,3333,-1,5044,-2.0
6881,delete,3292,-1,5043,-2.0
6882,delete,3334,-1,5042,-2.0
6883,delete,3292,-1,5041,-2.0
6884,delete,3292,-1,5040,-2.0
6885,delete,3250,-1,5039,-2.0
6886,delete,3250,-1,5038,-2.0
6887,delete,3292,-1,5037,-2.0
6888,delete,3292,-1,5036,-2.0
6889,delete,3292,-1,5035,-2.0
6890,delete,3292,-1,5034,-2.0
6891,delete,3292,-1,5033,-2.0
6892,delete,3292,-1,5032,-2.0
6893,delete,3291,-1,5031,-2.0
6894,delete,3291,-1,5030,-2.0
6895,delete,3291,-1,5029,-2.0
6896,delete,3291,-1,5028,-2.0
6897,delete,3291,-1,5027,-2.0
6898,delete,3291,-1,5026,-2.0
6899,delete,3291,-1,5025,-2.0
6900,delete,3292,16506541,5024,0.651024
6901,delete,5083,-1,5023,-2.0
6902,delete,3375,-1,5022,-2.0
6903,delete,3292,-1,5021,-2.0
6904,delete,3292,-1,5020,-2.0
6905,delete,3292,-1,5019,-2.0
6906,delete,3292,-1,5018,-2.0
6907,delete,3291,-1,5017,-2.0
6908,delete,3291,-1,5016,-2.0
6909,delete,3250,-1,5015,-2.0
6910,delete,3250,-1,5014,-2.0
6911,delete,3250,-1,5013,-2.0
6912,delete,3250,-1,5012,-2.0
6913,delete,3250,-1,5011,-2.0
6914,delete,3250,-1,5010,-2.0
6915,delete,3292,-1,5009,-2.0
6916,delete,3250,-1,5008,-2.0
6917,delete,3250,-1,5007,-2.0
6918,delete,3291,-1,5006,-2.0
6919,delete,3250,-1,5005,-2.0
6920,delete,3250,-1,5004,-2.0
6921,delete,3292,-1,5003,-2.0
6922,delete,3250,-1,5002,-2.0
6923,delete,3292,-1,5001,-2.0
6924,delete,3250,-1,5000,-2.0
6925,delete,3250,-1,4999,-2.0
6926,delete,3292,-1,4998,-2.0
6927,delete,3292,-1,4997,-2.0
6928,delete,3291,-1,4996,-2.0
6929,delete,3291,-1,4995,-2.0
6930,delete,3291,-1,4994,-2.0
6931,delete,3291,-1,4993,-2.0
6932,delete,3250,-1,4992,-2.0
6933,delete,3250,-1,4991,-2.0
6934,delete,3250,-1,4990,-2.0
6935,delete,3292,-1,4989,-2.0
6936,delete,3292,-1,4988,-2.0
6937,delete,3250,-1,4987,-2.0
6938,delete,3250,-1,4986,-2.0
6939,delete,3250,-1,4985,-2.0
6940,delete,3375,-1,4984,-2.0
6941,delete,3250,-1,4983,-2.0
6942,delete,3292,-1,4982,-2.0
6943,delete,3250,-1,4981,-2.0
6944,delete,3292,-1,4980,-2.0
6945,delete,3250,-1,4979,-2.0
6946,delete,3250,-1,4978,-2.0
6947,delete,3250,-1,4977,-2.0
6948,delete,3250,-1,4976,-2.0
6949,delete,3291,-1,4975,-2.0
6950,delete,3250,-1,4974,-2.0
6951,delete,3250,-1,4973,-2.0
6952,delete,3292,-1,4972,-2.0
6953,delete,3250,-1,4971,-2.0
6954,delete,3250,-1,4970,-2.0
6955,delete,3250,-1,4969,-2.0
6956,delete,3250,-1,4968,-2.0
6957,delete,3250,-1,4967,-2.0
6958,delete,3250,-1,4966,-2.0
6959,delete,3292,-1,4965,-2.0
6960,delete,3250,-1,4964,-2.0
6961,delete,3291,-1,4963,-2.0
6962,delete,3250,-1,4962,-2.0
6963,delete,3292,-1,4961,-2.0
6964,delete,3250,-1,4960,-2.0
6965,delete,3250,-1,4959,-2.0
6966,delete,3250,-1,4958,-2.0
6967,delete,3250,-1,4957,-2.0
6968,delete,3250,-1,4956,-2.0
6969,delete,3250,-1,4955,-2.0
6970,delete,3292,-1,4954,-2.0
6971,delete,3292,-1,4953,-2.0
6972,delete,3250,-1,4952,-2.0
6973,delete,3250,-1,4951,-2.0
6974,delete,3292,-1,4950,-2.0
6975,delete,3250,-1,4949,-2.0
6976,delete,3292,-1,4948,-2.0
6977,delete,3250,-1,4947,-2.0
6978,delete,3250,-1,4946,-2.0
6979,delete,3292,-1,4945,-2.0
6980,delete,3250,-1,4944,-2.0
6981,delete,3291,-1,4943,-2.0
6982,delete,3250,-1,4942,-2.0
6983,delete,3292,-1,4941,-2.0
6984,delete,3292,-1,4940,-2.0
6985,delete,3291,-1,4939,-2.0
6986,delete,3291,-1,4938,-2.0
6987,delete,3292,-1,4937,-2.0
6988,delete,3250,-1,4936,-2.0
6989,delete,3292,-1,4935,-2.0
6990,delete,3292,-1,4934,-2.0
6991,delete,3250,-1,4933,-2.0
6992,delete,3291,-1,4932,-2.0
6993,delete,3250,-1,4931,-2.0
6994,delete,3250,-1,4930,-2.0
6995,delete,3250,-1,4929,-2.0
6996,delete,3250,-1,4928,-2.0
6997,delete,3292,-1,4927,-2.0
6998,delete,3291,-1,4926,-2.0
6999,delete,3250,-1,4925,-2.0
7000,delete,3250,-1,4924,-2.0
7001,delete,3250,-1,4923,-2.0
7002,delete,3250,-1,4922,-2.0
7003,delete,3291,-1,4921,-2.0
7004,delete,3291,-1,4920,-2.0
7005,delete,3250,-1,4919,-2.0
7006,delete,3250,-1,4918,-2.0
7007,delete,3292,-1,4917,-2.0
7008,delete,3292,-1,4916,-2.0
7009,delete,3250,-1,4915,-2.0
7010,delete,3250,-1,4914,-2.0
7011,delete,3250,-1,4913,-2.0
7012,delete,3292,-1,4912,-2.0
7013,delete,3250,-1,4911,-2.0
7014,delete,3250,-1,4910,-2.0
7015,delete,3291,-1,4909,-2.0
7016,delete,3250,-1,4908,-2.0
7017,delete,3250,-1,4907,-2.0
7018,delete,3250,-1,4906,-2.0
7019,delete,3292,-1,4905,-2.0
7020,delete,3250,-1,4904,-2.0
7021,delete,3250,-1,4903,-2.0
7022,delete,3291,-1,4902,-2.0
7023,delete,3250,-1,4901,-2.0
7024,delete,3250,-1,4900,-2.0
7025,delete,3250,-1,4899,-2.0
7026,delete,3250,-1,4898,-2.0
7027,delete,3292,-1,4897,-2.0
7028,delete,3292,-1,4896,-2.0
7029,delete,3292,-1,4895,-2.0
7030,delete,3250,-1,4894,-2.0
7031,delete,3292,-1,4893,-2.0
7032,delete,3292,-1,4892,-2.0
7033,delete,3292,-1,4891,-2.0
7034,delete,3292,-1,4890,-2.0
7035,delete,3292,-1,4889,-2.0
7036,delete,3292,-1,4888,-2.0
7037,delete,3292,-1,4887,-2.0
7038,delete,3292,-1,4886,-2.0
7039,delete,3250,-1,4885,-2.0
7040,delete,3291,-1,4884,-2.0
7041,delete,3250,-1,4883,-2.0
7042,delete,3250,-1,4882,-2.0
7043,delete,3292,-1,4881,-2.0
7044,delete,3292,-1,4880,-2.0
7045,delete,3250,-1,4879,-2.0
7046,delete,3250,-1,4878,-2.0
7047,delete,3291,-1,4877,-2.0
7048,delete,3292,-1,4876,-2.0
7049,delete,3250,-1,4875,-2.0
7050,delete,3250,-1,4874,-2.0
7051,delete,3250,-1,4873,-2.0
7052,delete,3250,-1,4872,-2.0
7053,delete,3250,-1,4871,-2.0
7054,delete,3292,-1,4870,-2.0
7055,delete,3292,-1,4869,-2.0
7056,delete,3250,-1,4868,-2.0
7057,delete,3291,-1,4867,-2.0
7058,delete,3250,-1,4866,-2.0
7059,delete,3250,-1,4865,-2.0
7060,delete,3292,-1,4864,-2.0
7061,delete,3292,-1,4863,-2.0
7062,delete,3250,-1,4862,-2.0
7063,delete,3250,-1,4861,-2.0
7064,delete,3292,-1,4860,-2.0
7065,delete,3250,-1,4859,-2.0
7066,delete,3334,-1,4858,-2.0
7067,delete,3292,-1,4857,-2.0
7068,delete,3292,-1,4856,-2.0
7069,delete,3291,-1,4855,-2.0
7070,delete,3250,-1,4854,-2.0
7071,delete,3250,-1,4853,-2.0
7072,delete,3250,-1,4852,-2.0
7073,delete,3292,-1,4851,-2.0
7074,delete,3292,-1,4850,-2.0
7075,delete,3292,-1,4849,-2.0
7076,delete,3291,-1,4848,-2.0
7077,delete,3291,-1,4847,-2.0
7078,delete,3291,-1,4846,-2.0
7079,delete,3291,-1,4845,-2.0
7080,delete,3291,-1,4844,-2.0
7081,delete,3291,-1,4843,-2.0
7082,delete,3250,-1,4842,-2.0
7083,delete,3250,-1,4841,-2.0
7084,delete,3250,-1,4840,-2.0
7085,delete,3250,-1,4839,-2.0
7086,delete,3291,-1,4838,-2.0
7087,delete,3292,-1,4837,-2.0
7088,delete,3250,-1,4836,-2.0
7089,delete,3250,-1,4835,-2.0
7090,delete,3250,-1,4834,-2.0
7091,delete,3291,-1,4833,-2.0
7092,delete,3250,-1,4832,-2.0
7093,delete,3292,-1,4831,-2.0
7094,delete,3292,-1,4830,-2.0
7095,delete,3250,-1,4829,-2.0
7096,delete,3250,-1,4828,-2.0
7097,delete,3250,-1,4827,-2.0
7098,delete,3250,-1,4826,-2.0
7099,delete,3291,-1,4825,-2.0
7100,delete,3292,-1,4824,-2.0
7101,delete,3250,-1,4823,-2.0
7102,delete,3250,-1,4822,-2.0
7103,delete,3250,-1,4821,-2.0
7104,delete,3291,-1,4820,-2.0
7105,delete,3250,-1,4819,-2.0
7106,delete,3292,-1,4818,-2.0
7107,delete,3250,-1,4817,-2.0
7108,delete,3292,-1,4816,-2.0
7109,delete,3292,-1,4815,-2.0
7110,delete,3292,-1,4814,-2.0
7111,delete,3250,-1,4813,-2.0
7112,delete,3250,-1,4812,-2.0
7113,delete,3292,-1,4811,-2.0
7114,delete,3250,-1,4810,-2.0
7115,delete,3250,-1,4809,-2.0
7116,delete,3291,-1,4808,-2.0
7117,delete,3375,-1,4807,-2.0
7118,delete,3417,-1,4806,-2.0
7119,delete,3250,-1,4805,-2.0
7120,delete,3417,-1,4804,-2.0
7121,delete,3375,-1,4803,-2.0
7122,delete,3375,-1,4802,-2.0
7123,delete,3375,-1,4801,-2.0
7124,delete,3375,-1,4800,-2.0
7125,delete,3417,-1,4799,-2.0
7126,delete,3416,-1,4798,-2.0
7127,delete,3375,-1,4797,-2.0
7128,delete,3375,-1,4796,-2.0
7129,delete,3375,-1,4795,-2.0
7130,delete,3416,-1,4794,-2.0
7131,delete,3375,-1,4793,-2.0
7132,delete,3375,-1,4792,-2.0
7133,delete,3375,-1,4791,-2.0
7134,delete,3375,-1,4790,-2.0
7135,delete,3375,-1,4789,-2.0
7136,delete,3375,-1,4788,-2.0
7137,delete,3375,-1,4787,-2.0
7138,delete,3375,-1,4786,-2.0
7139,delete,3375,-1,4785,-2.0
7140,delete,3375,-1,4784,-2.0
7141,delete,3375,-1,4783,-2.0
7142,delete,3375,-1,4782,-2.0
7143,delete,3375,-1,4781,-2.0
7144,delete,3375,-1,4780,-2.0
7145,delete,3375,-1,4779,-2.0
7146,delete,3375,-1,4778,-2.0
7147,delete,3417,-1,4777,-2.0
7148,delete,3375,-1,4776,-2.0
7149,delete,3375,-1,4775,-2.0
7150,delete,3375,-1,4774,-2.0
7151,delete,3375,-1,4773,-2.0
7152,delete,3375,-1,4772,-2.0
7153,delete,3375,-1,4771,-2.0
7154,delete,3375,-1,4770,-2.0
7155,delete,3417,-1,4769,-2.0
7156,delete,3375,-1,4768,-2.0
7157,delete,3375,-1,4767,-2.0
7158,delete,3375,-1,4766,-2.0
7159,delete,3375,-1,4765,-2.0
7160,delete,3375,-1,4764,-2.0
7161,delete,3375,-1,4763,-2.0
7162,delete,3375,-1,4762,-2.0
7163,delete,3417,-1,4761,-2.0
7164,delete,3417,-1,4760,-2.0
7165,delete,3375,-1,4759,-2.0
7166,delete,3375,-1,4758,-2.0
7167,delete,3375,-1,4757,-2.0
7168,delete,3375,-1,4756,-2.0
7169,delete,3375,-1,4755,-2.0
7170,delete,3375,-1,4754,-2.0
7171,delete,3375,-1,4753,-2.0
7172,delete,3375,-1,4752,-2.0
7173,delete,3375,-1,4751,-2.0
7174,delete,3375,-1,4750,-2.0
7175,delete,3417,-1,4749,-2.0
7176,delete,3375,-1,4748,-2.0
7177,delete,3375,-1,4747,-2.0
7178,delete,3375,-1,4746,-2.0
7179,delete,3375,-1,4745,-2.0
7180,delete,3375,-1,4744,-2.0
7181,delete,3417,-1,4743,-2.0
7182,delete,3375,-1,4742,-2.0
7183,delete,3375,-1,4741,-2.0
7184,delete,3375,-1,4740,-2.0
7185,delete,3375,-1,4739,-2.0
7186,delete,3375,-1,4738,-2.0
7187,delete,3375,-1,4737,-2.0
7188,delete,3375,-1,4736,-2.0
7189,delete,3375,-1,4735,-2.0
7190,delete,3375,-1,4734,-2.0
7191,delete,3375,-1,4733,-2.0
7192,delete,3375,-1,4732,-2.0
7193,delete,3375,-1,4731,-2.0
7194,delete,3375,-1,4730,-2.0
7195,delete,3375,-1,4729,-2.0
7196,delete,3334,-1,4728,-2.0
7197,delete,3375,-1,4727,-2.0
7198,delete,3375,-1,4726,-2.0
7199,delete,3375,-1,4725,-2.0
7200,delete,3375,15328125,4724,0.650894
7201,delete,5166,-1,4723,-2.0
7202,delete,3417,-1,4722,-2.0
7203,delete,3250,-1,4721,-2.0
7204,delete,3292,-1,4720,-2.0
7205,delete,3292,-1,4719,-2.0
7206,delete,3292,-1,4718,-2.0
7207,delete,3292,-1,4717,-2.0
7208,delete,3250,-1,4716,-2.0
7209,delete,3250,-1,4715,-2.0
7210,delete,3250,-1,4714,-2.0
7211,delete,3250,-1,4713,-2.0
7212,delete,3250,-1,4712,-2.0
7213,delete,3292,-1,4711,-2.0
7214,delete,3250,-1,4710,-2.0
7215,delete,3208,-1,4709,-2.0
7216,delete,3250,-1,4708,-2.0
7217,delete,3250,-1,4707,-2.0
7218,delete,3250,-1,4706,-2.0
7219,delete,3292,-1,4705,-2.0
7220,delete,3250,-1,4704,-2.0
7221,delete,3250,-1,4703,-2.0
7222,delete,3291,-1,4702,-2.0
7223,delete,3250,-1,4701,-2.0
7224,delete,3292,-1,4700,-2.0
7225,delete,3250,-1,4699,-2.0
7226,delete,3250,-1,4698,-2.0
7227,delete,3292,-1,4697,-2.0
7228,delete,3250,-1,4696,-2.0
7229,delete,3250,-1,4695,-2.0
7230,delete,3250,-1,4694,-2.0
7231,delete,3250,-1,4693,-2.0
7232,delete,3833,-1,4692,-2.0
7233,delete,3250,-1,4691,-2.0
7234,delete,3250,-1,4690,-2.0
7235,delete,3250,-1,4689,-2.0
7236,delete,3250,-1,4688,-2.0
7237,delete,3208,-1,4687,-2.0
7238,delete,3250,-1,4686,-2.0
7239,delete,3208,-1,4685,-2.0
7240,delete,3209,-1,4684,-2.0
7241,delete,3291,-1,4683,-2.0
7242,delete,3208,-1,4682,-2.0
7243,delete,3208,-1,4681,-2.0
7244,delete,3209,-1,4680,-2.0
7245,delete,3208,-1,4679,-2.0
7246,delete,3250,-1,4678,-2.0
7247,delete,3250,-1,4677,-2.0
7248,delete,3208,-1,4676,-2.0
7249,delete,3209,-1,4675,-2.0
7250,delete,3250,-1,4674,-2.0
7251,delete,3250,-1,4673,-2.0
7252,delete,3208,-1,4672,-2.0
7253,delete,3250,-1,4671,-2.0
7254,delete,3250,-1,4670,-2.0
7255,delete,3209,-1,4669,-2.0
7256,delete,3208,-1,4668,-2.0
7257,delete,3250,-1,4667,-2.0
7258,delete,3291,-1,4666,-2.0
7259,delete,3208,-1,4665,-2.0
7260,delete,3250,-1,4664,-2.0
7261,delete,3250,-1,4663,-2.0
7262,delete,3250,-1,4662,-2.0
7263,delete,3250,-1,4661,-2.0
7264,delete,3250,-1,4660,-2.0
7265,delete,3250,-1,4659,-2.0
7266,delete,3166,-1,4658,-2.0
7267,delete,3209,-1,4657,-2.0
7268,delete,3208,-1,4656,-2.0
7269,delete,3250,-1,4655,-2.0
7270,delete,3208,-1,4654,-2.0
7271,delete,3250,-1,4653,-2.0
7272,delete,3208,-1,4652,-2.0
7273,delete,3250,-1,4651,-2.0
7274,delete,3250,-1,4650,-2.0
7275,delete,3208,-1,4649,-2.0
7276,delete,3250,-1,4648,-2.0
7277,delete,3250,-1,4647,-2.0
7278,delete,3208,-1,4646,-2.0
7279,delete,3209,-1,4645,-2.0
7280,delete,3208,-1,4644,-2.0
7281,delete,3209,-1,4643,-2.0
7282,delete,3250,-1,4642,-2.0
7283,delete,3209,-1,4641,-2.0
7284,delete,3208,-1,4640,-2.0
7285,delete,3209,-1,4639,-2.0
7286,delete,3208,-1,4638,-2.0
7287,delete,3209,-1,4637,-2.0
7288,delete,3250,-1,4636,-2.0
7289,delete,3250,-1,4635,-2.0
7290,delete,3208,-1,4634,-2.0
7291,delete,3250,-1,4633,-2.0
7292,delete,3250,-1,4632,-2.0
7293,delete,3250,-1,4631,-2.0
7294,delete,3209,-1,4630,-2.0
7295,delete,3208,-1,4629,-2.0
7296,delete,3209,-1,4628,-2.0
7297,delete,3250,-1,4627,-2.0
7298,delete,3209,-1,4626,-2.0
7299,delete,3250,-1,4625,-2.0
7300,delete,3209,-1,4624,-2.0
7301,delete,3208,-1,4623,-2.0
7302,delete,9250,-1,4622,-2.0
7303,delete,3208,-1,4621,-2.0
7304,delete,3209,-1,4620,-2.0
7305,delete,3291,-1,4619,-2.0
7306,delete,3166,-1,4618,-2.0
7307,delete,3333,-1,4617,-2.0
7308,delete,3208,-1,4616,-2.0
7309,delete,3208,-1,4615,-2.0
7310,delete,3208,-1,4614,-2.0
7311,delete,3208,-1,4613,-2.0
7312,delete,3209,-1,4612,-2.0
7313,delete,3250,-1,4611,-2.0
7314,delete,3209,-1,4610,-2.0
7315,delete,3208,-1,4609,-2.0
7316,delete,3208,-1,4608,-2.0
7317,delete,3209,-1,4607,-2.0
7318,delete,3208,-1,4606,-2.0
7319,delete,3208,-1,4605,-2.0
7320,delete,3208,-1,4604,-2.0
7321,delete,3208,-1,4603,-2.0
7322,delete,3250,-1,4602,-2.0
7323,delete,3208,-1,4601,-2.0
7324,delete,3209,-1,4600,-2.0
7325,delete,3250,-1,4599,-2.0
7326,delete,3209,-1,4598,-2.0
7327,delete,3208,-1,4597,-2.0
7328,delete,3208,-1,4596,-2.0
7329,delete,3209,-1,4595,-2.0
7330,delete,3208,-1,4594,-2.0
7331,delete,3208,-1,4593,-2.0
7332,delete,3208,-1,4592,-2.0
7333,delete,3250,-1,4591,-2.0
7334,delete,3208,-1,4590,-2.0
7335,delete,3166,-1,4589,-2.0
7336,delete,3209,-1,4588,-2.0
7337,delete,3208,-1,4587,-2.0
7338,delete,3209,-1,4586,-2.0
7339,delete,3292,-1,4585,-2.0
7340,delete,3209,-1,4584,-2.0
7341,delete,3208,-1,4583,-2.0
7342,delete,3208,-1,4582,-2.0
7343,delete,3209,-1,4581,-2.0
7344,delete,3208,-1,4580,-2.0
7345,delete,3209,-1,4579,-2.0
7346,delete,3208,-1,4578,-2.0
7347,delete,3167,-1,4577,-2.0
7348,delete,3209,-1,4576,-2.0
7349,delete,3208,-1,4575,-2.0
7350,delete,3208,-1,4574,-2.0
7351,delete,3209,-1,4573,-2.0
7352,delete,3208,-1,4572,-2.0
7353,delete,3209,-1,4571,-2.0
7354,delete,3208,-1,4570,-2.0
7355,delete,3209,-1,4569,-2.0
7356,delete,3208,-1,4568,-2.0
7357,delete,3250,-1,4567,-2.0
7358,delete,3208,-1,4566,-2.0
7359,delete,3209,-1,4565,-2.0
7360,delete,3208,-1,4564,-2.0
7361,delete,3209,-1,4563,-2.0
7362,delete,3208,-1,4562,-2.0
7363,delete,3208,-1,4561,-2.0
7364,delete,3167,-1,4560,-2.0
7365,delete,3167,-1,4559,-2.0
7366,delete,3208,-1,4558,-2.0
7367,delete,3250,-1,4557,-2.0
7368,delete,3208,-1,4556,-2.0
7369,delete,3209,-1,4555,-2.0
7370,delete,3208,-1,4554,-2.0
7371,delete,3208,-1,4553,-2.0
7372,delete,3209,-1,4552,-2.0
7373,delete,3209,-1,4551,-2.0
7374,delete,3208,-1,4550,-2.0
7375,delete,3208,-1,4549,-2.0
7376,delete,3208,-1,4548,-2.0
7377,delete,3250,-1,4547,-2.0
7378,delete,3292,-1,4546,-2.0
7379,delete,3208,-1,4545,-2.0
7380,delete,3208,-1,4544,-2.0
7381,delete,3250,-1,4543,-2.0
7382,delete,3208,-1,4542,-2.0
7383,delete,3250,-1,4541,-2.0
7384,delete,3250,-1,4540,-2.0
7385,delete,3250,-1,4539,-2.0
7386,delete,3208,-1,4538,-2.0
7387,delete,3250,-1,4537,-2.0
7388,delete,3250,-1,4536,-2.0
7389,delete,3250,-1,4535,-2.0
7390,delete,3208,-1,4534,-2.0
7391,delete,3250,-1,4533,-2.0
7392,delete,3208,-1,4532,-2.0
7393,delete,3250,-1,4531,-2.0
7394,delete,3208,-1,4530,-2.0
7395,delete,3250,-1,4529,-2.0
7396,delete,3250,-1,4528,-2.0
7397,delete,3209,-1,4527,-2.0
7398,delete,3250,-1,4526,-2.0
7399,delete,3167,-1,4525,-2.0
7400,delete,3250,-1,4524,-2.0
7401,delete,3250,-1,4523,-2.0
7402,delete,3250,-1,4522,-2.0
7403,delete,3208,-1,4521,-2.0
7404,delete,3334,-1,4520,-2.0
7405,delete,3333,-1,4519,-2.0
7406,delete,3291,-1,4518,-2.0
7407,delete,3333,-1,4517,-2.0
7408,delete,3292,-1,4516,-2.0
7409,delete,3292,-1,4515,-2.0
7410,delete,3292,-1,4514,-2.0
7411,delete,3375,-1,4513,-2.0
7412,delete,3333,-1,4512,-2.0
7413,delete,3334,-1,4511,-2.0
7414,delete,3292,-1,4510,-2.0
7415,delete,3291,-1,4509,-2.0
7416,delete,3333,-1,4508,-2.0
7417,delete,3292,-1,4507,-2.0
7418,delete,3333,-1,4506,-2.0
7419,delete,3333,-1,4505,-2.0
7420,delete,3291,-1,4504,-2.0
7421,delete,3333,-1,4503,-2.0
7422,delete,3334,-1,4502,-2.0
7423,delete,3333,-1,4501,-2.0
7424,delete,3333,-1,4500,-2.0
7425,delete,3333,-1,4499,-2.0
7426,delete,3291,-1,4498,-2.0
7427,delete,3291,-1,4497,-2.0
7428,delete,3333,-1,4496,-2.0
7429,delete,3292,-1,4495,-2.0
7430,delete,3334,-1,4494,-2.0
7431,delete,9917,-1,4493,-2.0
7432,delete,3208,-1,4492,-2.0
7433,delete,3333,-1,4491,-2.0
7434,delete,3250,-1,4490,-2.0
7435,delete,3250,-1,4489,-2.0
7436,delete,3209,-1,4488,-2.0
7437,delete,3375,-1,4487,-2.0
7438,delete,3250,-1,4486,-2.0
7439,delete,3208,-1,4485,-2.0
7440,delete,3459,-1,4484,-2.0
7441,delete,3250,-1,4483,-2.0
7442,delete,3250,-1,4482,-2.0
7443,delete,3208,-1,4481,-2.0
7444,delete,3250,-1,4480,-2.0
7445,delete,3250,-1,4479,-2.0
7446,delete,3208,-1,4478,-2.0
7447,delete,3209,-1,4477,-2.0
7448,delete,3291,-1,4476,-2.0
7449,delete,3291,-1,4475,-2.0
7450,delete,3334,-1,4474,-2.0
7451,delete,3292,-1,4473,-2.0
7452,delete,3291,-1,4472,-2.0
7453,delete,3291,-1,4471,-2.0
7454,delete,3292,-1,4470,-2.0
7455,delete,3292,-1,4469,-2.0
7456,delete,3292,-1,4468,-2.0
7457,delete,3334,-1,4467,-2.0
7458,delete,3250,-1,4466,-2.0
7459,delete,3292,-1,4465,-2.0
7460,delete,3292,-1,4464,-2.0
7461,delete,3375,-1,4463,-2.0
7462,delete,3333,-1,4462,-2.0
7463,delete,3375,-1,4461,-2.0
7464,delete,3291,-1,4460,-2.0
7465,delete,3291,-1,4459,-2.0
7466,delete,3291,-1,4458,-2.0
7467,delete,3292,-1,4457,-2.0
7468,delete,3292,-1,4456,-2.0
7469,delete,3292,-1,4455,-2.0
7470,delete,3292,-1,4454,-2.0
7471,delete,3292,-1,4453,-2.0
7472,delete,3292,-1,4452,-2.0
7473,delete,3291,-1,4451,-2.0
7474,delete,3250,-1,4450,-2.0
7475,delete,3291,-1,4449,-2.0
7476,delete,3291,-1,4448,-2.0
7477,delete,3291,-1,4447,-2.0
7478,delete,3291,-1,4446,-2.0
7479,delete,3291,-1,4445,-2.0
7480,delete,3291,-1,4444,-2.0
7481,delete,3291,-1,4443,-2.0
7482,delete,3291,-1,4442,-2.0
7483,delete,3292,-1,4441,-2.0
7484,delete,3292,-1,4440,-2.0
7485,delete,3334,-1,4439,-2.0
7486,delete,3250,-1,4438,-2.0
7487,delete,3292,-1,4437,-2.0
7488,delete,3292,-1,4436,-2.0
7489,delete,3292,-1,4435,-2.0
7490,delete,3292,-1,4434,-2.0
7491,delete,3417,-1,4433,-2.0
7492,delete,3292,-1,4432,-2.0
7493,delete,3292,-1,4431,-2.0
7494,delete,3292,-1,4430,-2.0
7495,delete,3375,-1,4429,-2.0
7496,delete,3292,-1,4428,-2.0
7497,delete,3375,-1,4427,-2.0
7498,delete,3333,-1,4426,-2.0
7499,delete,3250,-1,4425,-2.0
7500,delete,3333,41864791,4424,0.650747
7501,delete,17833,-1,4423,-2.0
7502,delete,10708,-1,4422,-2.0
7503,delete,8167,-1,4421,-2.0
7504,delete,7625,-1,4420,-2.0
7505,delete,98333,-1,4419,-2.0
7506,delete,61125,-1,4418,-2.0
7507,delete,9333,-1,4417,-2.0
7508,delete,8083,-1,4416,-2.0
7509,delete,7625,-1,4415,-2.0
7510,delete,7375,-1,4414,-2.0
7511,delete,7375,-1,4413,-2.0
7512,delete,7208,-1,4412,-2.0
7513,delete,7416,-1,4411,-2.0
7514,delete,7375,-1,4410,-2.0
7515,delete,7333,-1,4409,-2.0
7516,delete,7583,-1,4408,-2.0
7517,delete,7291,-1,4407,-2.0
7518,delete,7125,-1,4406,-2.0
7519,delete,7166,-1,4405,-2.0
7520,delete,7334,-1,4404,-2.0
7521,delete,7333,-1,4403,-2.0
7522,delete,7291,-1,4402,-2.0
7523,delete,7250,-1,4401,-2.0
7524,delete,7417,-1,4400,-2.0
7525,delete,7042,-1,4399,-2.0
7526,delete,7042,-1,4398,-2.0
7527,delete,7125,-1,4397,-2.0
7528,delete,7041,-1,4396,-2.0
7529,delete,7000,-1,4395,-2.0
7530,delete,52834,-1,4394,-2.0
7531,delete,7292,-1,4393,-2.0
7532,delete,7208,-1,4392,-2.0
7533,delete,7250,-1,4391,-2.0
7534,delete,6958,-1,4390,-2.0
7535,delete,7000,-1,4389,-2.0
7536,delete,7167,-1,4388,-2.0
7537,delete,7125,-1,4387,-2.0
7538,delete,7167,-1,4386,-2.0
7539,delete,7000,-1,4385,-2.0
7540,delete,7041,-1,4384,-2.0
7541,delete,140792,-1,4383,-2.0
7542,delete,13250,-1,4382,-2.0
7543,delete,9750,-1,4381,-2.0
7544,delete,7917,-1,4380,-2.0
7545,delete,7292,-1,4379,-2.0
7546,delete,7125,-1,4378,-2.0
7547,delete,7041,-1,4377,-2.0
7548,delete,7000,-1,4376,-2.0
7549,delete,7000,-1,4375,-2.0
7550,delete,6916,-1,4374,-2.0
7551,delete,7000,-1,4373,-2.0
7552,delete,7000,-1,4372,-2.0
7553,delete,6958,-1,4371,-2.0
7554,delete,7000,-1,4370,-2.0
7555,delete,6959,-1,4369,-2.0
7556,delete,6916,-1,4368,-2.0
7557,delete,6958,-1,4367,-2.0
7558,delete,6875,-1,4366,-2.0
7559,delete,7000,-1,4365,-2.0
7560,delete,6958,-1,4364,-2.0
7561,delete,6958,-1,4363,-2.0
7562,delete,7041,-1,4362,-2.0
7563,delete,6958,-1,4361,-2.0
7564,delete,6917,-1,4360,-2.0
7565,delete,6958,-1,4359,-2.0
7566,delete,6875,-1,4358,-2.0
7567,delete,6917,-1,4357,-2.0
7568,delete,6917,-1,4356,-2.0
7569,delete,7041,-1,4355,-2.0
7570,delete,7042,-1,4354,-2.0
7571,delete,6958,-1,4353,-2.0
7572,delete,7041,-1,4352,-2.0
7573,delete,7000,-1,4351,-2.0
7574,delete,6875,-1,4350,-2.0
7575,delete,6958,-1,4349,-2.0
7576,delete,6875,-1,4348,-2.0
7577,delete,6916,-1,4347,-2.0
7578,delete,6834,-1,4346,-2.0
7579,delete,6875,-1,4345,-2.0
7580,delete,6791,-1,4344,-2.0
7581,delete,6875,-1,4343,-2.0
7582,delete,6833,-1,4342,-2.0
7583,delete,6833,-1,4341,-2.0
7584,delete,6875,-1,4340,-2.0
7585,delete,6791,-1,4339,-2.0
7586,delete,6833,-1,4338,-2.0
7587,delete,6833,-1,4337,-2.0
7588,delete,6791,-1,4336,-2.0
7589,delete,6875,-1,4335,-2.0
7590,delete,6875,-1,4334,-2.0
7591,delete,6875,-1,4333,-2.0
7592,delete,6792,-1,4332,-2.0
7593,delete,6833,-1,4331,-2.0
7594,delete,6833,-1,4330,-2.0
7595,delete,6792,-1,4329,-2.0
7596,delete,6833,-1,4328,-2.0
7597,delete,6792,-1,4327,-2.0
7598,delete,6792,-1,4326,-2.0
7599,delete,6833,-1,4325,-2.0
7600,delete,6833,-1,4324,-2.0
7601,delete,6834,-1,4323,-2.0
7602,delete,6875,-1,4322,-2.0
7603,delete,6792,-1,4321,-2.0
7604,delete,6833,-1,4320,-2.0
7605,delete,6833,-1,4319,-2.0
7606,delete,6791,-1,4318,-2.0
7607,delete,6833,-1,4317,-2.0
7608,delete,6792,-1,4316,-2.0
7609,delete,6833,-1,4315,-2.0
7610,delete,6792,-1,4314,-2.0
7611,delete,6833,-1,4313,-2.0
7612,delete,6750,-1,4312,-2.0
7613,delete,6791,-1,4311,-2.0
7614,delete,6834,-1,4310,-2.0
7615,delete,6791,-1,4309,-2.0
7616,delete,6792,-1,4308,-2.0
7617,delete,6792,-1,4307,-2.0
7618,delete,6833,-1,4306,-2.0
7619,delete,6791,-1,4305,-2.0
7620,delete,6833,-1,4304,-2.0
7621,delete,6875,-1,4303,-2.0
7622,delete,6833,-1,4302,-2.0
7623,delete,6875,-1,4301,-2.0
7624,delete,6792,-1,4300,-2.0
7625,delete,6792,-1,4299,-2.0
7626,delete,6833,-1,4298,-2.0
7627,delete,6792,-1,4297,-2.0
7628,delete,6792,-1,4296,-2.0
7629,delete,6791,-1,4295,-2.0
7630,delete,6791,-1,4294,-2.0
7631,delete,6792,-1,4293,-2.0
7632,delete,6792,-1,4292,-2.0
7633,delete,6833,-1,4291,-2.0
7634,delete,6792,-1,4290,-2.0
7635,delete,6792,-1,4289,-2.0
7636,delete,6792,-1,4288,-2.0
7637,delete,6833,-1,4287,-2.0
7638,delete,6792,-1,4286,-2.0
7639,delete,6750,-1,4285,-2.0
7640,delete,6750,-1,4284,-2.0
7641,delete,6750,-1,4283,-2.0
7642,delete,6750,-1,4282,-2.0
7643,delete,6792,-1,4281,-2.0
7644,delete,6792,-1,4280,-2.0
7645,delete,6792,-1,4279,-2.0
7646,delete,6708,-1,4278,-2.0
7647,delete,6750,-1,4277,-2.0
7648,delete,6750,-1,4276,-2.0
7649,delete,6750,-1,4275,-2.0
7650,delete,6875,-1,4274,-2.0
7651,delete,6791,-1,4273,-2.0
7652,delete,6791,-1,4272,-2.0
7653,delete,6750,-1,4271,-2.0
7654,delete,6750,-1,4270,-2.0
7655,delete,6750,-1,4269,-2.0
7656,delete,6750,-1,4268,-2.0
7657,delete,6750,-1,4267,-2.0
7658,delete,6708,-1,4266,-2.0
7659,delete,6917,-1,4265,-2.0
7660,delete,6792,-1,4264,-2.0
7661,delete,6750,-1,4263,-2.0
7662,delete,6750,-1,4262,-2.0
7663,delete,6750,-1,4261,-2.0
7664,delete,6709,-1,4260,-2.0
7665,delete,6750,-1,4259,-2.0
7666,delete,6708,-1,4258,-2.0
7667,delete,6750,-1,4257,-2.0
7668,delete,6792,-1,4256,-2.0
7669,delete,6792,-1,4255,-2.0
7670,delete,7334,-1,4254,-2.0
7671,delete,6750,-1,4253,-2.0
7672,delete,6709,-1,4252,-2.0
7673,delete,6750,-1,4251,-2.0
7674,delete,6709,-1,4250,-2.0
7675,delete,6750,-1,4249,-2.0
7676,delete,6750,-1,4248,-2.0
7677,delete,6708,-1,4247,-2.0
7678,delete,6667,-1,4246,-2.0
7679,delete,6708,-1,4245,-2.0
7680,delete,6708,-1,4244,-2.0
7681,delete,6709,-1,4243,-2.0
7682,delete,6750,-1,4242,-2.0
7683,delete,6750,-1,4241,-2.0
7684,delete,6708,-1,4240,-2.0
7685,delete,6750,-1,4239,-2.0
7686,delete,6667,-1,4238,-2.0
7687,delete,6708,-1,4237,-2.0
7688,delete,6750,-1,4236,-2.0
7689,delete,6708,-1,4235,-2.0
7690,delete,6750,-1,4234,-2.0
7691,delete,6750,-1,4233,-2.0
7692,delete,6709,-1,4232,-2.0
7693,delete,6708,-1,4231,-2.0
7694,delete,6709,-1,4230,-2.0
7695,delete,6666,-1,4229,-2.0
7696,delete,6708,-1,4228,-2.0
7697,delete,6667,-1,4227,-2.0
7698,delete,6709,-1,4226,-2.0
7699,delete,6667,-1,4225,-2.0
7700,delete,6667,-1,4224,-2.0
7701,delete,6750,-1,4223,-2.0
7702,delete,6709,-1,4222,-2.0
7703,delete,6708,-1,4221,-2.0
7704,delete,6709,-1,4220,-2.0
7705,delete,6625,-1,4219,-2.0
7706,delete,6708,-1,4218,-2.0
7707,delete,6667,-1,4217,-2.0
7708,delete,6708,-1,4216,-2.0
7709,delete,6750,-1,4215,-2.0
7710,delete,6750,-1,4214,-2.0
7711,delete,6709,-1,4213,-2.0
7712,delete,6708,-1,4212,-2.0
7713,delete,6708,-1,4211,-2.0
7714,delete,6667,-1,4210,-2.0
7715,delete,6708,-1,4209,-2.0
7716,delete,6708,-1,4208,-2.0
7717,delete,6667,-1,4207,-2.0
7718,delete,6709,-1,4206,-2.0
7719,delete,6708,-1,4205,-2.0
7720,delete,6667,-1,4204,-2.0
7721,delete,6667,-1,4203,-2.0
7722,delete,6708,-1,4202,-2.0
7723,delete,6667,-1,4201,-2.0
7724,delete,6667,-1,4200,-2.0
7725,delete,6666,-1,4199,-2.0
7726,delete,6709,-1,4198,-2.0
7727,delete,6667,-1,4197,-2.0
7728,delete,6708,-1,4196,-2.0
7729,delete,6667,-1,4195,-2.0
7730,delete,6666,-1,4194,-2.0
7731,delete,6750,-1,4193,-2.0
7732,delete,6667,-1,4192,-2.0
7733,delete,6667,-1,4191,-2.0
7734,delete,6666,-1,4190,-2.0
7735,delete,6666,-1,4189,-2.0
7736,delete,6750,-1,4188,-2.0
7737,delete,6708,-1,4187,-2.0
7738,delete,6750,-1,4186,-2.0
7739,delete,6708,-1,4185,-2.0
7740,delete,6709,-1,4184,-2.0
7741,delete,6667,-1,4183,-2.0
7742,delete,6667,-1,4182,-2.0
7743,delete,6666,-1,4181,-2.0
7744,delete,6666,-1,4180,-2.0
7745,delete,6301209,-1,4179,-2.0
7746,delete,13875,-1,4178,-2.0
7747,delete,7834,-1,4177,-2.0
7748,delete,6958,-1,4176,-2.0
7749,delete,6792,-1,4175,-2.0
7750,delete,6708,-1,4174,-2.0
7751,delete,6667,-1,4173,-2.0
7752,delete,6709,-1,4172,-2.0
7753,delete,6708,-1,4171,-2.0
7754,delete,6625,-1,4170,-2.0
7755,delete,6625,-1,4169,-2.0
7756,delete,6709,-1,4168,-2.0
7757,delete,6666,-1,4167,-2.0
7758,delete,6709,-1,4166,-2.0
7759,delete,6667,-1,4165,-2.0
7760,delete,6709,-1,4164,-2.0
7761,delete,6708,-1,4163,-2.0
7762,delete,6667,-1,4162,-2.0
7763,delete,6625,-1,4161,-2.0
7764,delete,6667,-1,4160,-2.0
7765,delete,6667,-1,4159,-2.0
7766,delete,6625,-1,4158,-2.0
7767,delete,6625,-1,4157,-2.0
7768,delete,6708,-1,4156,-2.0
7769,delete,6875,-1,4155,-2.0
7770,delete,6625,-1,4154,-2.0
7771,delete,6667,-1,4153,-2.0
7772,delete,6667,-1,4152,-2.0
7773,delete,6583,-1,4151,-2.0
7774,delete,6625,-1,4150,-2.0
7775,delete,6625,-1,4149,-2.0
7776,delete,6666,-1,4148,-2.0
7777,delete,6667,-1,4147,-2.0
7778,delete,6875,-1,4146,-2.0
7779,delete,6917,-1,4145,-2.0
7780,delete,6917,-1,4144,-2.0
7781,delete,6625,-1,4143,-2.0
7782,delete,6583,-1,4142,-2.0
7783,delete,6625,-1,4141,-2.0
7784,delete,6666,-1,4140,-2.0
7785,delete,6625,-1,4139,-2.0
7786,delete,6625,-1,4138,-2.0
7787,delete,6584,-1,4137,-2.0
7788,delete,6625,-1,4136,-2.0
7789,delete,6792,-1,4135,-2.0
7790,delete,6792,-1,4134,-2.0
7791,delete,6750,-1,4133,-2.0
7792,delete,6750,-1,4132,-2.0
7793,delete,6666,-1,4131,-2.0
7794,delete,6750,-1,4130,-2.0
7795,delete,6625,-1,4129,-2.0
7796,delete,6708,-1,4128,-2.0
7797,delete,6666,-1,4127,-2.0
7798,delete,6750,-1,4126,-2.0
7799,delete,6750,-1,4125,-2.0
7800,delete,6875,14353375,4124,0.650578
7801,delete,10583,-1,4123,-2.0
7802,delete,4708,-1,4122,-2.0
7803,delete,3708,-1,4121,-2.0
7804,delete,3500,-1,4120,-2.0
7805,delete,3125,-1,4119,-2.0
7806,delete,3125,-1,4118,-2.0
7807,delete,3167,-1,4117,-2.0
7808,delete,3166,-1,4116,-2.0
7809,delete,3125,-1,4115,-2.0
7810,delete,3084,-1,4114,-2.0
7811,delete,3083,-1,4113,-2.0
7812,delete,3125,-1,4112,-2.0
7813,delete,3125,-1,4111,-2.0
7814,delete,3083,-1,4110,-2.0
7815,delete,3125,-1,4109,-2.0
7816,delete,3292,-1,4108,-2.0
7817,delete,3125,-1,4107,-2.0
7818,delete,3125,-1,4106,-2.0
7819,delete,3125,-1,4105,-2.0
7820,delete,3125,-1,4104,-2.0
7821,delete,3125,-1,4103,-2.0
7822,delete,3125,-1,4102,-2.0
7823,delete,3083,-1,4101,-2.0
7824,delete,3125,-1,4100,-2.0
7825,delete,3167,-1,4099,-2.0
7826,delete,3125,-1,4098,-2.0
7827,delete,3083,-1,4097,-2.0
7828,delete,3167,-1,4096,-2.0
7829,delete,3125,-1,4095,-2.0
7830,delete,3125,-1,4094,-2.0
7831,delete,3083,-1,4093,-2.0
7832,delete,3125,-1,4092,-2.0
7833,delete,3083,-1,4091,-2.0
7834,delete,3125,-1,4090,-2.0
7835,delete,3083,-1,4089,-2.0
7836,delete,3125,-1,4088,-2.0
7837,delete,3084,-1,4087,-2.0
7838,delete,3083,-1,4086,-2.0
7839,delete,3125,-1,4085,-2.0
7840,delete,3125,-1,4084,-2.0
7841,delete,3125,-1,4083,-2.0
7842,delete,3083,-1,4082,-2.0
7843,delete,3084,-1,4081,-2.0
7844,delete,3083,-1,4080,-2.0
7845,delete,3125,-1,4079,-2.0
7846,delete,3125,-1,4078,-2.0
7847,delete,3125,-1,4077,-2.0
7848,delete,3125,-1,4076,-2.0
7849,delete,3125,-1,4075,-2.0
7850,delete,3125,-1,4074,-2.0
7851,delete,3083,-1,4073,-2.0
7852,delete,3083,-1,4072,-2.0
7853,delete,3125,-1,4071,-2.0
7854,delete,3083,-1,4070,-2.0
7855,delete,3083,-1,4069,-2.0
7856,delete,3125,-1,4068,-2.0
7857,delete,3084,-1,4067,-2.0
7858,delete,3083,-1,4066,-2.0
7859,delete,3083,-1,4065,-2.0
7860,delete,3083,-1,4064,-2.0
7861,delete,3084,-1,4063,-2.0
7862,delete,3125,-1,4062,-2.0
7863,delete,3083,-1,4061,-2.0
7864,delete,3125,-1,4060,-2.0
7865,delete,3084,-1,4059,-2.0
7866,delete,3084,-1,4058,-2.0
7867,delete,3083,-1,4057,-2.0
7868,delete,3125,-1,4056,-2.0
7869,delete,3125,-1,4055,-2.0
7870,delete,3084,-1,4054,-2.0
7871,delete,3083,-1,4053,-2.0
7872,delete,3083,-1,4052,-2.0
7873,delete,3125,-1,4051,-2.0
7874,delete,3083,-1,4050,-2.0
7875,delete,3084,-1,4049,-2.0
7876,delete,3083,-1,4048,-2.0
7877,delete,3125,-1,4047,-2.0
7878,delete,3125,-1,4046,-2.0
7879,delete,3042,-1,4045,-2.0
7880,delete,3083,-1,4044,-2.0
7881,delete,3125,-1,4043,-2.0
7882,delete,3125,-1,4042,-2.0
7883,delete,3083,-1,4041,-2.0
7884,delete,3125,-1,4040,-2.0
7885,delete,3125,-1,4039,-2.0
7886,delete,3083,-1,4038,-2.0
7887,delete,3083,-1,4037,-2.0
7888,delete,3125,-1,4036,-2.0
7889,delete,3083,-1,4035,-2.0
7890,delete,3125,-1,4034,-2.0
7891,delete,3083,-1,4033,-2.0
7892,delete,3125,-1,4032,-2.0
7893,delete,3125,-1,4031,-2.0
7894,delete,3083,-1,4030,-2.0
7895,delete,3083,-1,4029,-2.0
7896,delete,3042,-1,4028,-2.0
7897,delete,3083,-1,4027,-2.0
7898,delete,3084,-1,4026,-2.0
7899,delete,3083,-1,4025,-2.0
7900,delete,3084,-1,4024,-2.0
7901,delete,3125,-1,4023,-2.0
7902,delete,3084,-1,4022,-2.0
7903,delete,3083,-1,4021,-2.0
7904,delete,3125,-1,4020,-2.0
7905,delete,3125,-1,4019,-2.0
7906,delete,3083,-1,4018,-2.0
7907,delete,3084,-1,4017,-2.0
7908,delete,3083,-1,4016,-2.0
7909,delete,3084,-1,4015,-2.0
7910,delete,3125,-1,4014,-2.0
7911,delete,3084,-1,4013,-2.0
7912,delete,3125,-1,4012,-2.0
7913,delete,3084,-1,4011,-2.0
7914,delete,3083,-1,4010,-2.0
7915,delete,3083,-1,4009,-2.0
7916,delete,3083,-1,4008,-2.0
7917,delete,3083,-1,4007,-2.0
7918,delete,3083,-1,4006,-2.0
7919,delete,3083,-1,4005,-2.0
7920,delete,3084,-1,4004,-2.0
7921,delete,3083,-1,4003,-2.0
7922,delete,3084,-1,4002,-2.0
7923,delete,3083,-1,4001,-2.0
7924,delete,3125,-1,4000,-2.0
7925,delete,3083,-1,3999,-2.0
7926,delete,3041,-1,3998,-2.0
7927,delete,3084,-1,3997,-2.0
7928,delete,3083,-1,3996,-2.0
7929,delete,3084,-1,3995,-2.0
7930,delete,3083,-1,3994,-2.0
7931,delete,3083,-1,3993,-2.0
7932,delete,3083,-1,3992,-2.0
7933,delete,3084,-1,3991,-2.0
7934,delete,3083,-1,3990,-2.0
7935,delete,3084,-1,3989,-2.0
7936,delete,3083,-1,3988,-2.0
7937,delete,3084,-1,3987,-2.0
7938,delete,3042,-1,3986,-2.0
7939,delete,3041,-1,3985,-2.0
7940,delete,3083,-1,3984,-2.0
7941,delete,3083,-1,3983,-2.0
7942,delete,3083,-1,3982,-2.0
7943,delete,3083,-1,3981,-2.0
7944,delete,3084,-1,3980,-2.0
7945,delete,3083,-1,3979,-2.0
7946,delete,3083,-1,3978,-2.0
7947,delete,3125,-1,3977,-2.0
7948,delete,3083,-1,3976,-2.0
7949,delete,3083,-1,3975,-2.0
7950,delete,3083,-1,3974,-2.0
7951,delete,3083,-1,3973,-2.0
7952,delete,3083,-1,3972,-2.0
7953,delete,3084,-1,3971,-2.0
7954,delete,3083,-1,3970,-2.0
7955,delete,3042,-1,3969,-2.0
7956,delete,3042,-1,3968,-2.0
7957,delete,3083,-1,3967,-2.0
7958,delete,3084,-1,3966,-2.0
7959,delete,3083,-1,3965,-2.0
7960,delete,3083,-1,3964,-2.0
7961,delete,3083,-1,3963,-2.0
7962,delete,3167,-1,3962,-2.0
7963,delete,3083,-1,3961,-2.0
7964,delete,3042,-1,3960,-2.0
7965,delete,3083,-1,3959,-2.0
7966,delete,3084,-1,3958,-2.0
7967,delete,3083,-1,3957,-2.0
7968,delete,3084,-1,3956,-2.0
7969,delete,3083,-1,3955,-2.0
7970,delete,3084,-1,3954,-2.0
7971,delete,3083,-1,3953,-2.0
7972,delete,3084,-1,3952,-2.0
7973,delete,3042,-1,3951,-2.0
7974,delete,3083,-1,3950,-2.0
7975,delete,3084,-1,3949,-2.0
7976,delete,3083,-1,3948,-2.0
7977,delete,3083,-1,3947,-2.0
7978,delete,3084,-1,3946,-2.0
7979,delete,3042,-1,3945,-2.0
7980,delete,3083,-1,3944,-2.0
7981,delete,3083,-1,3943,-2.0
7982,delete,3084,-1,3942,-2.0
7983,delete,3041,-1,3941,-2.0
7984,delete,3084,-1,3940,-2.0
7985,delete,3083,-1,3939,-2.0
7986,delete,3083,-1,3938,-2.0
7987,delete,3042,-1,3937,-2.0
7988,delete,3083,-1,3936,-2.0
7989,delete,3042,-1,3935,-2.0
7990,delete,3083,-1,3934,-2.0
7991,delete,3041,-1,3933,-2.0
7992,delete,3083,-1,3932,-2.0
7993,delete,3084,-1,3931,-2.0
7994,delete,3083,-1,3930,-2.0
7995,delete,3083,-1,3929,-2.0
7996,delete,3083,-1,3928,-2.0
7997,delete,3084,-1,3927,-2.0
7998,delete,3083,-1,3926,-2.0
7999,delete,3084,-1,3925,-2.0
8000,delete,3083,-1,3924,-2.0
8001,delete,3083,-1,3923,-2.0
8002,delete,3042,-1,3922,-2.0
8003,delete,3125,-1,3921,-2.0
8004,delete,3083,-1,3920,-2.0
8005,delete,3083,-1,3919,-2.0
8006,delete,3084,-1,3918,-2.0
8007,delete,3041,-1,3917,-2.0
8008,delete,3083,-1,3916,-2.0
8009,delete,3042,-1,3915,-2.0
8010,delete,3041,-1,3914,-2.0
8011,delete,3042,-1,3913,-2.0
8012,delete,3084,-1,3912,-2.0
8013,delete,3042,-1,3911,-2.0
8014,delete,3083,-1,3910,-2.0
8015,delete,3083,-1,3909,-2.0
8016,delete,3084,-1,3908,-2.0
8017,delete,3083,-1,3907,-2.0
8018,delete,3083,-1,3906,-2.0
8019,delete,3042,-1,3905,-2.0
8020,delete,3042,-1,3904,-2.0
8021,delete,3083,-1,3903,-2.0
8022,delete,3041,-1,3902,-2.0
8023,delete,3083,-1,3901,-2.0
8024,delete,3083,-1,3900,-2.0
8025,delete,3042,-1,3899,-2.0
8026,delete,3083,-1,3898,-2.0
8027,delete,3041,-1,3897,-2.0
8028,delete,3042,-1,3896,-2.0
8029,delete,3042,-1,3895,-2.0
8030,delete,3083,-1,3894,-2.0
8031,delete,3041,-1,3893,-2.0
8032,delete,3083,-1,3892,-2.0
8033,delete,3042,-1,3891,-2.0
8034,delete,3084,-1,3890,-2.0
8035,delete,3083,-1,3889,-2.0
8036,delete,3041,-1,3888,-2.0
8037,delete,3083,-1,3887,-2.0
8038,delete,3000,-1,3886,-2.0
8039,delete,3042,-1,3885,-2.0
8040,delete,3042,-1,3884,-2.0
8041,delete,3083,-1,3883,-2.0
8042,delete,3041,-1,3882,-2.0
8043,delete,3041,-1,3881,-2.0
8044,delete,3042,-1,3880,-2.0
8045,delete,3042,-1,3879,-2.0
8046,delete,3083,-1,3878,-2.0
8047,delete,3042,-1,3877,-2.0
8048,delete,3084,-1,3876,-2.0
8049,delete,3041,-1,3875,-2.0
8050,delete,3041,-1,3874,-2.0
8051,delete,3041,-1,3873,-2.0
8052,delete,3042,-1,3872,-2.0
8053,delete,3084,-1,3871,-2.0
8054,delete,3042,-1,3870,-2.0
8055,delete,3000,-1,3869,-2.0
8056,delete,3042,-1,3868,-2.0
8057,delete,3042,-1,3867,-2.0
8058,delete,3042,-1,3866,-2.0
8059,delete,3083,-1,3865,-2.0
8060,delete,3041,-1,3864,-2.0
8061,delete,3042,-1,3863,-2.0
8062,delete,3042,-1,3862,-2.0
8063,delete,3042,-1,3861,-2.0
8064,delete,3042,-1,3860,-2.0
8065,delete,3042,-1,3859,-2.0
8066,delete,3042,-1,3858,-2.0
8067,delete,3083,-1,3857,-2.0
8068,delete,3041,-1,3856,-2.0
8069,delete,3042,-1,3855,-2.0
8070,delete,3042,-1,3854,-2.0
8071,delete,3042,-1,3853,-2.0
8072,delete,3042,-1,3852,-2.0
8073,delete,3041,-1,3851,-2.0
8074,delete,3041,-1,3850,-2.0
8075,delete,3041,-1,3849,-2.0
8076,delete,3042,-1,3848,-2.0
8077,delete,3084,-1,3847,-2.0
8078,delete,3042,-1,3846,-2.0
8079,delete,3042,-1,3845,-2.0
8080,delete,3041,-1,3844,-2.0
8081,delete,3042,-1,3843,-2.0
8082,delete,3042,-1,3842,-2.0
8083,delete,3042,-1,3841,-2.0
8084,delete,3042,-1,3840,-2.0
8085,delete,3041,-1,3839,-2.0
8086,delete,3041,-1,3838,-2.0
8087,delete,3041,-1,3837,-2.0
8088,delete,3042,-1,3836,-2.0
8089,delete,3042,-1,3835,-2.0
8090,delete,3042,-1,3834,-2.0
8091,delete,3083,-1,3833,-2.0
8092,delete,3042,-1,3832,-2.0
8093,delete,3042,-1,3831,-2.0
8094,delete,3042,-1,3830,-2.0
8095,delete,3041,-1,3829,-2.0
8096,delete,3041,-1,3828,-2.0
8097,delete,2959,-1,3827,-2.0
8098,delete,3083,-1,3826,-2.0
8099,delete,3041,-1,3825,-2.0
8100,delete,3042,8778291,3824,0.650382
8101,delete,5167,-1,3823,-2.0
8102,delete,3125,-1,3822,-2.0
8103,delete,3000,-1,3821,-2.0
8104,delete,3041,-1,3820,-2.0
8105,delete,2916,-1,3819,-2.0
8106,delete,2958,-1,3818,-2.0
8107,delete,2917,-1,3817,-2.0
8108,delete,3084,-1,3816,-2.0
8109,delete,2959,-1,3815,-2.0
8110,delete,2917,-1,3814,-2.0
8111,delete,2916,-1,3813,-2.0
8112,delete,2958,-1,3812,-2.0
8113,delete,2917,-1,3811,-2.0
8114,delete,2917,-1,3810,-2.0
8115,delete,2917,-1,3809,-2.0
8116,delete,2917,-1,3808,-2.0
8117,delete,2917,-1,3807,-2.0
8118,delete,2917,-1,3806,-2.0
8119,delete,2917,-1,3805,-2.0
8120,delete,2917,-1,3804,-2.0
8121,delete,2917,-1,3803,-2.0
8122,delete,2917,-1,3802,-2.0
8123,delete,2917,-1,3801,-2.0
8124,delete,2916,-1,3800,-2.0
8125,delete,2958,-1,3799,-2.0
8126,delete,2916,-1,3798,-2.0
8127,delete,2916,-1,3797,-2.0
8128,delete,2916,-1,3796,-2.0
8129,delete,2916,-1,3795,-2.0
8130,delete,2917,-1,3794,-2.0
8131,delete,2917,-1,3793,-2.0
8132,delete,2917,-1,3792,-2.0
8133,delete,3000,-1,3791,-2.0
8134,delete,2916,-1,3790,-2.0
8135,delete,2916,-1,3789,-2.0
8136,delete,2916,-1,3788,-2.0
8137,delete,2916,-1,3787,-2.0
8138,delete,2917,-1,3786,-2.0
8139,delete,2875,-1,3785,-2.0
8140,delete,2917,-1,3784,-2.0
8141,delete,2917,-1,3783,-2.0
8142,delete,2875,-1,3782,-2.0
8143,delete,2916,-1,3781,-2.0
8144,delete,2916,-1,3780,-2.0
8145,delete,2916,-1,3779,-2.0
8146,delete,2916,-1,3778,-2.0
8147,delete,2916,-1,3777,-2.0
8148,delete,2916,-1,3776,-2.0
8149,delete,2916,-1,3775,-2.0
8150,delete,2875,-1,3774,-2.0
8151,delete,2916,-1,3773,-2.0
8152,delete,2875,-1,3772,-2.0
8153,delete,2916,-1,3771,-2.0
8154,delete,2916,-1,3770,-2.0
8155,delete,2875,-1,3769,-2.0
8156,delete,2917,-1,3768,-2.0
8157,delete,2917,-1,3767,-2.0
8158,delete,2917,-1,3766,-2.0
8159,delete,2917,-1,3765,-2.0
8160,delete,2875,-1,3764,-2.0
8161,delete,2917,-1,3763,-2.0
8162,delete,2917,-1,3762,-2.0
8163,delete,2917,-1,3761,-2.0
8164,delete,2875,-1,3760,-2.0
8165,delete,2917,-1,3759,-2.0
8166,delete,2917,-1,3758,-2.0
8167,delete,2916,-1,3757,-2.0
8168,delete,2916,-1,3756,-2.0
8169,delete,2958,-1,3755,-2.0
8170,delete,2875,-1,3754,-2.0
8171,delete,2916,-1,3753,-2.0
8172,delete,2875,-1,3752,-2.0
8173,delete,2917,-1,3751,-2.0
8174,delete,2917,-1,3750,-2.0
8175,delete,2875,-1,3749,-2.0
8176,delete,2917,-1,3748,-2.0
8177,delete,2875,-1,3747,-2.0
8178,delete,2833,-1,3746,-2.0
8179,delete,2875,-1,3745,-2.0
8180,delete,2917,-1,3744,-2.0
8181,delete,2875,-1,3743,-2.0
8182,delete,2875,-1,3742,-2.0
8183,delete,2916,-1,3741,-2.0
8184,delete,2875,-1,3740,-2.0
8185,delete,2917,-1,3739,-2.0
8186,delete,2875,-1,3738,-2.0
8187,delete,2917,-1,3737,-2.0
8188,delete,2875,-1,3736,-2.0
8189,delete,2875,-1,3735,-2.0
8190,delete,2875,-1,3734,-2.0
8191,delete,2917,-1,3733,-2.0
8192,delete,2875,-1,3732,-2.0
8193,delete,2875,-1,3731,-2.0
8194,delete,2916,-1,3730,-2.0
8195,delete,2875,-1,3729,-2.0
8196,delete,2958,-1,3728,-2.0
8197,delete,2917,-1,3727,-2.0
8198,delete,2875,-1,3726,-2.0
8199,delete,2917,-1,3725,-2.0
8200,delete,2917,-1,3724,-2.0
8201,delete,2875,-1,3723,-2.0
8202,delete,2875,-1,3722,-2.0
8203,delete,2917,-1,3721,-2.0
8204,delete,2875,-1,3720,-2.0
8205,delete,2875,-1,3719,-2.0
8206,delete,2875,-1,3718,-2.0
8207,delete,2875,-1,3717,-2.0
8208,delete,2875,-1,3716,-2.0
8209,delete,2875,-1,3715,-2.0
8210,delete,2916,-1,3714,-2.0
8211,delete,2875,-1,3713,-2.0
8212,delete,2917,-1,3712,-2.0
8213,delete,2917,-1,3711,-2.0
8214,delete,2917,-1,3710,-2.0
8215,delete,2917,-1,3709,-2.0
8216,delete,2917,-1,3708,-2.0
8217,delete,2875,-1,3707,-2.0
8218,delete,2916,-1,3706,-2.0
8219,delete,2875,-1,3705,-2.0
8220,delete,2875,-1,3704,-2.0
8221,delete,2875,-1,3703,-2.0
8222,delete,2875,-1,3702,-2.0
8223,delete,2834,-1,3701,-2.0
8224,delete,2875,-1,3700,-2.0
8225,delete,2875,-1,3699,-2.0
8226,delete,2875,-1,3698,-2.0
8227,delete,2875,-1,3697,-2.0
8228,delete,2875,-1,3696,-2.0
8229,delete,2875,-1,3695,-2.0
8230,delete,2875,-1,3694,-2.0
8231,delete,2917,-1,3693,-2.0
8232,delete,2875,-1,3692,-2.0
8233,delete,2875,-1,3691,-2.0
8234,delete,2875,-1,3690,-2.0
8235,delete,2875,-1,3689,-2.0
8236,delete,2875,-1,3688,-2.0
8237,delete,2875,-1,3687,-2.0
8238,delete,2917,-1,3686,-2.0
8239,delete,2875,-1,3685,-2.0
8240,delete,2875,-1,3684,-2.0
8241,delete,2875,-1,3683,-2.0
8242,delete,2875,-1,3682,-2.0
8243,delete,2875,-1,3681,-2.0
8244,delete,2875,-1,3680,-2.0
8245,delete,2875,-1,3679,-2.0
8246,delete,2917,-1,3678,-2.0
8247,delete,2875,-1,3677,-2.0
8248,delete,2875,-1,3676,-2.0
8249,delete,2917,-1,3675,-2.0
8250,delete,2833,-1,3674,-2.0
8251,delete,2875,-1,3673,-2.0
8252,delete,2917,-1,3672,-2.0
8253,delete,2875,-1,3671,-2.0
8254,delete,2916,-1,3670,-2.0
8255,delete,2917,-1,3669,-2.0
8256,delete,2875,-1,3668,-2.0
8257,delete,2875,-1,3667,-2.0
8258,delete,2916,-1,3666,-2.0
8259,delete,2875,-1,3665,-2.0
8260,delete,2875,-1,3664,-2.0
8261,delete,2917,-1,3663,-2.0
8262,delete,2875,-1,3662,-2.0
8263,delete,2875,-1,3661,-2.0
8264,delete,2917,-1,3660,-2.0
8265,delete,2875,-1,3659,-2.0
8266,delete,2875,-1,3658,-2.0
8267,delete,2833,-1,3657,-2.0
8268,delete,2875,-1,3656,-2.0
8269,delete,2875,-1,3655,-2.0
8270,delete,2875,-1,3654,-2.0
8271,delete,2917,-1,3653,-2.0
8272,delete,2875,-1,3652,-2.0
8273,delete,2875,-1,3651,-2.0
8274,delete,2875,-1,3650,-2.0
8275,delete,2875,-1,3649,-2.0
8276,delete,2916,-1,3648,-2.0
8277,delete,2875,-1,3647,-2.0
8278,delete,2875,-1,3646,-2.0
8279,delete,2875,-1,3645,-2.0
8280,delete,2875,-1,3644,-2.0
8281,delete,2833,-1,3643,-2.0
8282,delete,2875,-1,3642,-2.0
8283,delete,2875,-1,3641,-2.0
8284,delete,2875,-1,3640,-2.0
8285,delete,2834,-1,3639,-2.0
8286,delete,2875,-1,3638,-2.0
8287,delete,2875,-1,3637,-2.0
8288,delete,2916,-1,3636,-2.0
8289,delete,2833,-1,3635,-2.0
8290,delete,2875,-1,3634,-2.0
8291,delete,2875,-1,3633,-2.0
8292,delete,2917,-1,3632,-2.0
8293,delete,2875,-1,3631,-2.0
8294,delete,2875,-1,3630,-2.0
8295,delete,2916,-1,3629,-2.0
8296,delete,2833,-1,3628,-2.0
8297,delete,2875,-1,3627,-2.0
8298,delete,2875,-1,3626,-2.0
8299,delete,2875,-1,3625,-2.0
8300,delete,2875,-1,3624,-2.0
8301,delete,2875,-1,3623,-2.0
8302,delete,2875,-1,3622,-2.0
8303,delete,2917,-1,3621,-2.0
8304,delete,2875,-1,3620,-2.0
8305,delete,2875,-1,3619,-2.0
8306,delete,2875,-1,3618,-2.0
8307,delete,2875,-1,3617,-2.0
8308,delete,2875,-1,3616,-2.0
8309,delete,2833,-1,3615,-2.0
8310,delete,2875,-1,3614,-2.0
8311,delete,2834,-1,3613,-2.0
8312,delete,2875,-1,3612,-2.0
8313,delete,2875,-1,3611,-2.0
8314,delete,2875,-1,3610,-2.0
8315,delete,2834,-1,3609,-2.0
8316,delete,2875,-1,3608,-2.0
8317,delete,2875,-1,3607,-2.0
8318,delete,2875,-1,3606,-2.0
8319,delete,2875,-1,3605,-2.0
8320,delete,2875,-1,3604,-2.0
8321,delete,2875,-1,3603,-2.0
8322,delete,2916,-1,3602,-2.0
8323,delete,2916,-1,3601,-2.0
8324,delete,2875,-1,3600,-2.0
8325,delete,2875,-1,3599,-2.0
8326,delete,2875,-1,3598,-2.0
8327,delete,2875,-1,3597,-2.0
8328,delete,2834,-1,3596,-2.0
8329,delete,2875,-1,3595,-2.0
8330,delete,2833,-1,3594,-2.0
8331,delete,2792,-1,3593,-2.0
8332,delete,2875,-1,3592,-2.0
8333,delete,2875,-1,3591,-2.0
8334,delete,2875,-1,3590,-2.0
8335,delete,2834,-1,3589,-2.0
8336,delete,2875,-1,3588,-2.0
8337,delete,2875,-1,3587,-2.0
8338,delete,2833,-1,3586,-2.0
8339,delete,2875,-1,3585,-2.0
8340,delete,2916,-1,3584,-2.0
8341,delete,2875,-1,3583,-2.0
8342,delete,2875,-1,3582,-2.0
8343,delete,2875,-1,3581,-2.0
8344,delete,2875,-1,3580,-2.0
8345,delete,2834,-1,3579,-2.0
8346,delete,2875,-1,3578,-2.0
8347,delete,2875,-1,3577,-2.0
8348,delete,2833,-1,3576,-2.0
8349,delete,2834,-1,3575,-2.0
8350,delete,2875,-1,3574,-2.0
8351,delete,2875,-1,3573,-2.0
8352,delete,2875,-1,3572,-2.0
8353,delete,2875,-1,3571,-2.0
8354,delete,2833,-1,3570,-2.0
8355,delete,2875,-1,3569,-2.0
8356,delete,2833,-1,3568,-2.0
8357,delete,2833,-1,3567,-2.0
8358,delete,2875,-1,3566,-2.0
8359,delete,2875,-1,3565,-2.0
8360,delete,2833,-1,3564,-2.0
8361,delete,2834,-1,3563,-2.0
8362,delete,2833,-1,3562,-2.0
8363,delete,2875,-1,3561,-2.0
8364,delete,2875,-1,3560,-2.0
8365,delete,2834,-1,3559,-2.0
8366,delete,2833,-1,3558,-2.0
8367,delete,2834,-1,3557,-2.0
8368,delete,2834,-1,3556,-2.0
8369,delete,2875,-1,3555,-2.0
8370,delete,2834,-1,3554,-2.0
8371,delete,2875,-1,3553,-2.0
8372,delete,2834,-1,3552,-2.0
8373,delete,2875,-1,3551,-2.0
8374,delete,2875,-1,3550,-2.0
8375,delete,2834,-1,3549,-2.0
8376,delete,2833,-1,3548,-2.0
8377,delete,2834,-1,3547,-2.0
8378,delete,2875,-1,3546,-2.0
8379,delete,2875,-1,3545,-2.0
8380,delete,2875,-1,3544,-2.0
8381,delete,2875,-1,3543,-2.0
8382,delete,2833,-1,3542,-2.0
8383,delete,2875,-1,3541,-2.0
8384,delete,2875,-1,3540,-2.0
8385,delete,2833,-1,3539,-2.0
8386,delete,2916,-1,3538,-2.0
8387,delete,2833,-1,3537,-2.0
8388,delete,2834,-1,3536,-2.0
8389,delete,2875,-1,3535,-2.0
8390,delete,2834,-1,3534,-2.0
8391,delete,2875,-1,3533,-2.0
8392,delete,2875,-1,3532,-2.0
8393,delete,2875,-1,3531,-2.0
8394,delete,2834,-1,3530,-2.0
8395,delete,2791,-1,3529,-2.0
8396,delete,2875,-1,3528,-2.0
8397,delete,2875,-1,3527,-2.0
8398,delete,2875,-1,3526,-2.0
8399,delete,2833,-1,3525,-2.0
8400,delete,2875,6605958,3524,0.650154
8401,delete,4875,-1,3523,-2.0
8402,delete,3042,-1,3522,-2.0
8403,delete,2875,-1,3521,-2.0
8404,delete,2833,-1,3520,-2.0
8405,delete,2833,-1,3519,-2.0
8406,delete,2834,-1,3518,-2.0
8407,delete,2833,-1,3517,-2.0
8408,delete,2875,-1,3516,-2.0
8409,delete,2834,-1,3515,-2.0
8410,delete,2833,-1,3514,-2.0
8411,delete,2833,-1,3513,-2.0
8412,delete,2834,-1,3512,-2.0
8413,delete,2833,-1,3511,-2.0
8414,delete,2833,-1,3510,-2.0
8415,delete,2834,-1,3509,-2.0
8416,delete,2833,-1,3508,-2.0
8417,delete,2833,-1,3507,-2.0
8418,delete,2833,-1,3506,-2.0
8419,delete,2833,-1,3505,-2.0
8420,delete,2833,-1,3504,-2.0
8421,delete,2833,-1,3503,-2.0
8422,delete,2833,-1,3502,-2.0
8423,delete,2833,-1,3501,-2.0
8424,delete,2834,-1,3500,-2.0
8425,delete,2833,-1,3499,-2.0
8426,delete,2833,-1,3498,-2.0
8427,delete,2834,-1,3497,-2.0
8428,delete,2833,-1,3496,-2.0
8429,delete,2833,-1,3495,-2.0
8430,delete,2792,-1,3494,-2.0
8431,delete,2833,-1,3493,-2.0
8432,delete,2792,-1,3492,-2.0
8433,delete,2834,-1,3491,-2.0
8434,delete,2792,-1,3490,-2.0
8435,delete,2833,-1,3489,-2.0
8436,delete,2792,-1,3488,-2.0
8437,delete,2834,-1,3487,-2.0
8438,delete,2792,-1,3486,-2.0
8439,delete,2791,-1,3485,-2.0
8440,delete,2834,-1,3484,-2.0
8441,delete,2792,-1,3483,-2.0
8442,delete,2833,-1,3482,-2.0
8443,delete,2791,-1,3481,-2.0
8444,delete,2833,-1,3480,-2.0
8445,delete,2833,-1,3479,-2.0
8446,delete,2834,-1,3478,-2.0
8447,delete,2834,-1,3477,-2.0
8448,delete,2833,-1,3476,-2.0
8449,delete,2833,-1,3475,-2.0
8450,delete,2792,-1,3474,-2.0
8451,delete,2834,-1,3473,-2.0
8452,delete,2833,-1,3472,-2.0
8453,delete,2833,-1,3471,-2.0
8454,delete,2833,-1,3470,-2.0
8455,delete,2834,-1,3469,-2.0
8456,delete,2833,-1,3468,-2.0
8457,delete,2833,-1,3467,-2.0
8458,delete,2834,-1,3466,-2.0
8459,delete,2833,-1,3465,-2.0
8460,delete,2791,-1,3464,-2.0
8461,delete,2833,-1,3463,-2.0
8462,delete,2833,-1,3462,-2.0
8463,delete,2834,-1,3461,-2.0
8464,delete,2833,-1,3460,-2.0
8465,delete,2833,-1,3459,-2.0
8466,delete,2792,-1,3458,-2.0
8467,delete,2833,-1,3457,-2.0
8468,delete,2791,-1,3456,-2.0
8469,delete,2833,-1,3455,-2.0
8470,delete,2792,-1,3454,-2.0
8471,delete,2792,-1,3453,-2.0
8472,delete,2834,-1,3452,-2.0
8473,delete,2833,-1,3451,-2.0
8474,delete,2791,-1,3450,-2.0
8475,delete,2833,-1,3449,-2.0
8476,delete,2792,-1,3448,-2.0
8477,delete,2833,-1,3447,-2.0
8478,delete,2792,-1,3446,-2.0
8479,delete,2834,-1,3445,-2.0
8480,delete,2833,-1,3444,-2.0
8481,delete,2791,-1,3443,-2.0
8482,delete,2792,-1,3442,-2.0
8483,delete,2834,-1,3441,-2.0
8484,delete,2833,-1,3440,-2.0
8485,delete,2833,-1,3439,-2.0
8486,delete,2833,-1,3438,-2.0
8487,delete,2834,-1,3437,-2.0
8488,delete,2834,-1,3436,-2.0
8489,delete,2792,-1,3435,-2.0
8490,delete,2833,-1,3434,-2.0
8491,delete,2833,-1,3433,-2.0
8492,delete,2834,-1,3432,-2.0
8493,delete,2833,-1,3431,-2.0
8494,delete,2791,-1,3430,-2.0
8495,delete,2833,-1,3429,-2.0
8496,delete,2792,-1,3428,-2.0
8497,delete,2834,-1,3427,-2.0
8498,delete,2833,-1,3426,-2.0
8499,delete,2833,-1,3425,-2.0
8500,delete,2791,-1,3424,-2.0
8501,delete,2833,-1,3423,-2.0
8502,delete,2834,-1,3422,-2.0
8503,delete,2792,-1,3421,-2.0
8504,delete,2833,-1,3420,-2.0
8505,delete,2791,-1,3419,-2.0
8506,delete,2833,-1,3418,-2.0
8507,delete,2833,-1,3417,-2.0
8508,delete,2792,-1,3416,-2.0
8509,delete,2792,-1,3415,-2.0
8510,delete,2834,-1,3414,-2.0
8511,delete,2792,-1,3413,-2.0
8512,delete,2792,-1,3412,-2.0
8513,delete,2791,-1,3411,-2.0
8514,delete,2791,-1,3410,-2.0
8515,delete,2791,-1,3409,-2.0
8516,delete,2791,-1,3408,-2.0
8517,delete,2833,-1,3407,-2.0
8518,delete,2792,-1,3406,-2.0
8519,delete,2792,-1,3405,-2.0
8520,delete,2792,-1,3404,-2.0
8521,delete,2792,-1,3403,-2.0
8522,delete,2834,-1,3402,-2.0
8523,delete,2834,-1,3401,-2.0
8524,delete,2792,-1,3400,-2.0
8525,delete,2791,-1,3399,-2.0
8526,delete,2833,-1,3398,-2.0
8527,delete,2792,-1,3397,-2.0
8528,delete,2834,-1,3396,-2.0
8529,delete,2834,-1,3395,-2.0
8530,delete,2792,-1,3394,-2.0
8531,delete,2792,-1,3393,-2.0
8532,delete,2833,-1,3392,-2.0
8533,delete,2792,-1,3391,-2.0
8534,delete,2792,-1,3390,-2.0
8535,delete,2792,-1,3389,-2.0
8536,delete,2792,-1,3388,-2.0
8537,delete,2792,-1,3387,-2.0
8538,delete,2792,-1,3386,-2.0
8539,delete,2792,-1,3385,-2.0
8540,delete,2792,-1,3384,-2.0
8541,delete,2792,-1,3383,-2.0
8542,delete,2792,-1,3382,-2.0
8543,delete,2792,-1,3381,-2.0
8544,delete,2792,-1,3380,-2.0
8545,delete,2792,-1,3379,-2.0
8546,delete,2833,-1,3378,-2.0
8547,delete,2959,-1,3377,-2.0
8548,delete,2791,-1,3376,-2.0
8549,delete,2875,-1,3375,-2.0
8550,delete,2792,-1,3374,-2.0
8551,delete,2875,-1,3373,-2.0
8552,delete,2792,-1,3372,-2.0
8553,delete,2792,-1,3371,-2.0
8554,delete,2833,-1,3370,-2.0
8555,delete,2916,-1,3369,-2.0
8556,delete,2791,-1,3368,-2.0
8557,delete,2833,-1,3367,-2.0
8558,delete,2917,-1,3366,-2.0
8559,delete,2917,-1,3365,-2.0
8560,delete,2917,-1,3364,-2.0
8561,delete,2917,-1,3363,-2.0
8562,delete,2917,-1,3362,-2.0
8563,delete,2875,-1,3361,-2.0
8564,delete,2917,-1,3360,-2.0
8565,delete,2917,-1,3359,-2.0
8566,delete,2875,-1,3358,-2.0
8567,delete,2917,-1,3357,-2.0
8568,delete,2916,-1,3356,-2.0
8569,delete,2875,-1,3355,-2.0
8570,delete,2875,-1,3354,-2.0
8571,delete,2917,-1,3353,-2.0
8572,delete,2917,-1,3352,-2.0
8573,delete,2875,-1,3351,-2.0
8574,delete,2875,-1,3350,-2.0
8575,delete,2875,-1,3349,-2.0
8576,delete,2917,-1,3348,-2.0
8577,delete,2875,-1,3347,-2.0
8578,delete,2917,-1,3346,-2.0
8579,delete,2917,-1,3345,-2.0
8580,delete,2917,-1,3344,-2.0
8581,delete,2917,-1,3343,-2.0
8582,delete,2917,-1,3342,-2.0
8583,delete,2917,-1,3341,-2.0
8584,delete,2875,-1,3340,-2.0
8585,delete,2875,-1,3339,-2.0
8586,delete,2875,-1,3338,-2.0
8587,delete,2917,-1,3337,-2.0
8588,delete,2875,-1,3336,-2.0
8589,delete,2875,-1,3335,-2.0
8590,delete,2916,-1,3334,-2.0
8591,delete,2916,-1,3333,-2.0
8592,delete,2875,-1,3332,-2.0
8593,delete,2917,-1,3331,-2.0
8594,delete,2875,-1,3330,-2.0
8595,delete,2917,-1,3329,-2.0
8596,delete,2875,-1,3328,-2.0
8597,delete,2916,-1,3327,-2.0
8598,delete,2875,-1,3326,-2.0
8599,delete,2917,-1,3325,-2.0
8600,delete,2875,-1,3324,-2.0
8601,delete,2917,-1,3323,-2.0
8602,delete,2875,-1,3322,-2.0
8603,delete,2875,-1,3321,-2.0
8604,delete,2875,-1,3320,-2.0
8605,delete,2875,-1,3319,-2.0
8606,delete,2875,-1,3318,-2.0
8607,delete,2875,-1,3317,-2.0
8608,delete,2916,-1,3316,-2.0
8609,delete,2875,-1,3315,-2.0
8610,delete,2875,-1,3314,-2.0
8611,delete,2875,-1,3313,-2.0
8612,delete,2917,-1,3312,-2.0
8613,delete,2875,-1,3311,-2.0
8614,delete,2916,-1,3310,-2.0
8615,delete,2875,-1,3309,-2.0
8616,delete,2917,-1,3308,-2.0
8617,delete,2875,-1,3307,-2.0
8618,delete,2875,-1,3306,-2.0
8619,delete,2875,-1,3305,-2.0
8620,delete,2875,-1,3304,-2.0
8621,delete,2875,-1,3303,-2.0
8622,delete,2875,-1,3302,-2.0
8623,delete,2917,-1,3301,-2.0
8624,delete,2875,-1,3300,-2.0
8625,delete,2875,-1,3299,-2.0
8626,delete,2875,-1,3298,-2.0
8627,delete,2875,-1,3297,-2.0
8628,delete,2875,-1,3296,-2.0
8629,delete,2875,-1,3295,-2.0
8630,delete,2875,-1,3294,-2.0
8631,delete,2875,-1,3293,-2.0
8632,delete,2875,-1,3292,-2.0
8633,delete,2875,-1,3291,-2.0
8634,delete,2875,-1,3290,-2.0
8635,delete,2875,-1,3289,-2.0
8636,delete,2875,-1,3288,-2.0
8637,delete,2875,-1,3287,-2.0
8638,delete,2917,-1,3286,-2.0
8639,delete,2875,-1,3285,-2.0
8640,delete,2875,-1,3284,-2.0
8641,delete,2875,-1,3283,-2.0
8642,delete,2833,-1,3282,-2.0
8643,delete,2875,-1,3281,-2.0
8644,delete,2875,-1,3280,-2.0
8645,delete,2875,-1,3279,-2.0
8646,delete,2875,-1,3278,-2.0
8647,delete,2916,-1,3277,-2.0
8648,delete,2875,-1,3276,-2.0
8649,delete,2875,-1,3275,-2.0
8650,delete,2875,-1,3274,-2.0
8651,delete,2875,-1,3273,-2.0
8652,delete,2875,-1,3272,-2.0
8653,delete,2875,-1,3271,-2.0
8654,delete,2875,-1,3270,-2.0
8655,delete,2875,-1,3269,-2.0
8656,delete,2875,-1,3268,-2.0
8657,delete,2875,-1,3267,-2.0
8658,delete,2875,-1,3266,-2.0
8659,delete,2833,-1,3265,-2.0
8660,delete,2875,-1,3264,-2.0
8661,delete,2833,-1,3263,-2.0
8662,delete,2875,-1,3262,-2.0
8663,delete,2875,-1,3261,-2.0
8664,delete,2875,-1,3260,-2.0
8665,delete,2916,-1,3259,-2.0
8666,delete,2875,-1,3258,-2.0
8667,delete,2875,-1,3257,-2.0
8668,delete,2875,-1,3256,-2.0
8669,delete,2875,-1,3255,-2.0
8670,delete,2875,-1,3254,-2.0
8671,delete,2875,-1,3253,-2.0
8672,delete,2875,-1,3252,-2.0
8673,delete,2875,-1,3251,-2.0
8674,delete,2875,-1,3250,-2.0
8675,delete,2875,-1,3249,-2.0
8676,delete,2875,-1,3248,-2.0
8677,delete,2875,-1,3247,-2.0
8678,delete,2834,-1,3246,-2.0
8679,delete,2833,-1,3245,-2.0
8680,delete,2875,-1,3244,-2.0
8681,delete,2875,-1,3243,-2.0
8682,delete,2875,-1,3242,-2.0
8683,delete,2875,-1,3241,-2.0
8684,delete,2875,-1,3240,-2.0
8685,delete,2833,-1,3239,-2.0
8686,delete,2875,-1,3238,-2.0
8687,delete,2875,-1,3237,-2.0
8688,delete,2875,-1,3236,-2.0
8689,delete,2875,-1,3235,-2.0
8690,delete,2833,-1,3234,-2.0
8691,delete,2875,-1,3233,-2.0
8692,delete,2875,-1,3232,-2.0
8693,delete,2916,-1,3231,-2.0
8694,delete,2834,-1,3230,-2.0
8695,delete,2875,-1,3229,-2.0
8696,delete,2875,-1,3228,-2.0
8697,delete,2875,-1,3227,-2.0
8698,delete,2875,-1,3226,-2.0
8699,delete,2834,-1,3225,-2.0
8700,delete,2875,4956250,3224,0.649882
8701,delete,4500,-1,3223,-2.0
8702,delete,3541,-1,3222,-2.0
8703,delete,3542,-1,3221,-2.0
8704,delete,3333,-1,3220,-2.0
8705,delete,3292,-1,3219,-2.0
8706,delete,3292,-1,3218,-2.0
8707,delete,3333,-1,3217,-2.0
8708,delete,3334,-1,3216,-2.0
8709,delete,3375,-1,3215,-2.0
8710,delete,3209,-1,3214,-2.0
8711,delete,2875,-1,3213,-2.0
8712,delete,2833,-1,3212,-2.0
8713,delete,2791,-1,3211,-2.0
8714,delete,2792,-1,3210,-2.0
8715,delete,2834,-1,3209,-2.0
8716,delete,2833,-1,3208,-2.0
8717,delete,2791,-1,3207,-2.0
8718,delete,2791,-1,3206,-2.0
8719,delete,2834,-1,3205,-2.0
8720,delete,2750,-1,3204,-2.0
8721,delete,2833,-1,3203,-2.0
8722,delete,2834,-1,3202,-2.0
8723,delete,2791,-1,3201,-2.0
8724,delete,2792,-1,3200,-2.0
8725,delete,2792,-1,3199,-2.0
8726,delete,2792,-1,3198,-2.0
8727,delete,2792,-1,3197,-2.0
8728,delete,2792,-1,3196,-2.0
8729,delete,2875,-1,3195,-2.0
8730,delete,2791,-1,3194,-2.0
8731,delete,2833,-1,3193,-2.0
8732,delete,2833,-1,3192,-2.0
8733,delete,2791,-1,3191,-2.0
8734,delete,2791,-1,3190,-2.0
8735,delete,2791,-1,3189,-2.0
8736,delete,2791,-1,3188,-2.0
8737,delete,2791,-1,3187,-2.0
8738,delete,2750,-1,3186,-2.0
8739,delete,2833,-1,3185,-2.0
8740,delete,2792,-1,3184,-2.0
8741,delete,2792,-1,3183,-2.0
8742,delete,2792,-1,3182,-2.0
8743,delete,2792,-1,3181,-2.0
8744,delete,2792,-1,3180,-2.0
8745,delete,2792,-1,3179,-2.0
8746,delete,2792,-1,3178,-2.0
8747,delete,2791,-1,3177,-2.0
8748,delete,2792,-1,3176,-2.0
8749,delete,2792,-1,3175,-2.0
8750,delete,2792,-1,3174,-2.0
8751,delete,2792,-1,3173,-2.0
8752,delete,2792,-1,3172,-2.0
8753,delete,2792,-1,3171,-2.0
8754,delete,2792,-1,3170,-2.0
8755,delete,2750,-1,3169,-2.0
8756,delete,2792,-1,3168,-2.0
8757,delete,2917,-1,3167,-2.0
8758,delete,2834,-1,3166,-2.0
8759,delete,3500,-1,3165,-2.0
8760,delete,3292,-1,3164,-2.0
8761,delete,3291,-1,3163,-2.0
8762,delete,3292,-1,3162,-2.0
8763,delete,3292,-1,3161,-2.0
8764,delete,3292,-1,3160,-2.0
8765,delete,3250,-1,3159,-2.0
8766,delete,3500,-1,3158,-2.0
8767,delete,3541,-1,3157,-2.0
8768,delete,3250,-1,3156,-2.0
8769,delete,3292,-1,3155,-2.0
8770,delete,3250,-1,3154,-2.0
8771,delete,2875,-1,3153,-2.0
8772,delete,2875,-1,3152,-2.0
8773,delete,2875,-1,3151,-2.0
8774,delete,2792,-1,3150,-2.0
8775,delete,2833,-1,3149,-2.0
8776,delete,2792,-1,3148,-2.0
8777,delete,2833,-1,3147,-2.0
8778,delete,2834,-1,3146,-2.0
8779,delete,2833,-1,3145,-2.0
8780,delete,2834,-1,3144,-2.0
8781,delete,2917,-1,3143,-2.0
8782,delete,3250,-1,3142,-2.0
8783,delete,3250,-1,3141,-2.0
8784,delete,3333,-1,3140,-2.0
8785,delete,3417,-1,3139,-2.0
8786,delete,3542,-1,3138,-2.0
8787,delete,3250,-1,3137,-2.0
8788,delete,3291,-1,3136,-2.0
8789,delete,3250,-1,3135,-2.0
8790,delete,3291,-1,3134,-2.0
8791,delete,3250,-1,3133,-2.0
8792,delete,3416,-1,3132,-2.0
8793,delete,3083,-1,3131,-2.0
8794,delete,2792,-1,3130,-2.0
8795,delete,2750,-1,3129,-2.0
8796,delete,2791,-1,3128,-2.0
8797,delete,2791,-1,3127,-2.0
8798,delete,2791,-1,3126,-2.0
8799,delete,2750,-1,3125,-2.0
8800,delete,2791,-1,3124,-2.0
8801,delete,2791,-1,3123,-2.0
8802,delete,2791,-1,3122,-2.0
8803,delete,2750,-1,3121,-2.0
8804,delete,2791,-1,3120,-2.0
8805,delete,2792,-1,3119,-2.0
8806,delete,2750,-1,3118,-2.0
8807,delete,2791,-1,3117,-2.0
8808,delete,2791,-1,3116,-2.0
8809,delete,2791,-1,3115,-2.0
8810,delete,2750,-1,3114,-2.0
8811,delete,2792,-1,3113,-2.0
8812,delete,2791,-1,3112,-2.0
8813,delete,2750,-1,3111,-2.0
8814,delete,2791,-1,3110,-2.0
8815,delete,2791,-1,3109,-2.0
8816,delete,2750,-1,3108,-2.0
8817,delete,2750,-1,3107,-2.0
8818,delete,2750,-1,3106,-2.0
8819,delete,2792,-1,3105,-2.0
8820,delete,2792,-1,3104,-2.0
8821,delete,2750,-1,3103,-2.0
8822,delete,2750,-1,3102,-2.0
8823,delete,2792,-1,3101,-2.0
8824,delete,2792,-1,3100,-2.0
8825,delete,2792,-1,3099,-2.0
8826,delete,2792,-1,3098,-2.0
8827,delete,2750,-1,3097,-2.0
8828,delete,2750,-1,3096,-2.0
8829,delete,2750,-1,3095,-2.0
8830,delete,2750,-1,3094,-2.0
8831,delete,2791,-1,3093,-2.0
8832,delete,2750,-1,3092,-2.0
8833,delete,2750,-1,3091,-2.0
8834,delete,2792,-1,3090,-2.0
8835,delete,2792,-1,3089,-2.0
8836,delete,2792,-1,3088,-2.0
8837,delete,2792,-1,3087,-2.0
8838,delete,2750,-1,3086,-2.0
8839,delete,2834,-1,3085,-2.0
8840,delete,2792,-1,3084,-2.0
8841,delete,2792,-1,3083,-2.0
8842,delete,2750,-1,3082,-2.0
8843,delete,2709,-1,3081,-2.0
8844,delete,2750,-1,3080,-2.0
8845,delete,2792,-1,3079,-2.0
8846,delete,2792,-1,3078,-2.0
8847,delete,2750,-1,3077,-2.0
8848,delete,2791,-1,3076,-2.0
8849,delete,2750,-1,3075,-2.0
8850,delete,2750,-1,3074,-2.0
8851,delete,2750,-1,3073,-2.0
8852,delete,2750,-1,3072,-2.0
8853,delete,2834,-1,3071,-2.0
8854,delete,2792,-1,3070,-2.0
8855,delete,2792,-1,3069,-2.0
8856,delete,2834,-1,3068,-2.0
8857,delete,2833,-1,3067,-2.0
8858,delete,2792,-1,3066,-2.0
8859,delete,2834,-1,3065,-2.0
8860,delete,2833,-1,3064,-2.0
8861,delete,2791,-1,3063,-2.0
8862,delete,2792,-1,3062,-2.0
8863,delete,2834,-1,3061,-2.0
8864,delete,2792,-1,3060,-2.0
8865,delete,2833,-1,3059,-2.0
8866,delete,2792,-1,3058,-2.0
8867,delete,2792,-1,3057,-2.0
8868,delete,2833,-1,3056,-2.0
8869,delete,2833,-1,3055,-2.0
8870,delete,2834,-1,3054,-2.0
8871,delete,2833,-1,3053,-2.0
8872,delete,2791,-1,3052,-2.0
8873,delete,2833,-1,3051,-2.0
8874,delete,2833,-1,3050,-2.0
8875,delete,2834,-1,3049,-2.0
8876,delete,2792,-1,3048,-2.0
8877,delete,2791,-1,3047,-2.0
8878,delete,2791,-1,3046,-2.0
8879,delete,2875,-1,3045,-2.0
8880,delete,2875,-1,3044,-2.0
8881,delete,2875,-1,3043,-2.0
8882,delete,2833,-1,3042,-2.0
8883,delete,2791,-1,3041,-2.0
8884,delete,2833,-1,3040,-2.0
8885,delete,2792,-1,3039,-2.0
8886,delete,2834,-1,3038,-2.0
8887,delete,2792,-1,3037,-2.0
8888,delete,2833,-1,3036,-2.0
8889,delete,2833,-1,3035,-2.0
8890,delete,2750,-1,3034,-2.0
8891,delete,2792,-1,3033,-2.0
8892,delete,2792,-1,3032,-2.0
8893,delete,2833,-1,3031,-2.0
8894,delete,2917,-1,3030,-2.0
8895,delete,2833,-1,3029,-2.0
8896,delete,2791,-1,3028,-2.0
8897,delete,2792,-1,3027,-2.0
8898,delete,2792,-1,3026,-2.0
8899,delete,2875,-1,3025,-2.0
8900,delete,2833,-1,3024,-2.0
8901,delete,2792,-1,3023,-2.0
8902,delete,2834,-1,3022,-2.0
8903,delete,2792,-1,3021,-2.0
8904,delete,2791,-1,3020,-2.0
8905,delete,2792,-1,3019,-2.0
8906,delete,2792,-1,3018,-2.0
8907,delete,2792,-1,3017,-2.0
8908,delete,2792,-1,3016,-2.0
8909,delete,2792,-1,3015,-2.0
8910,delete,2834,-1,3014,-2.0
8911,delete,2792,-1,3013,-2.0
8912,delete,2791,-1,3012,-2.0
8913,delete,2833,-1,3011,-2.0
8914,delete,2792,-1,3010,-2.0
8915,delete,2792,-1,3009,-2.0
8916,delete,2834,-1,3008,-2.0
8917,delete,2792,-1,3007,-2.0
8918,delete,2875,-1,3006,-2.0
8919,delete,2792,-1,3005,-2.0
8920,delete,2792,-1,3004,-2.0
8921,delete,2792,-1,3003,-2.0
8922,delete,2792,-1,3002,-2.0
8923,delete,2791,-1,3001,-2.0
8924,delete,2791,-1,3000,-2.0
8925,delete,2833,-1,2999,-2.0
8926,delete,2792,-1,2998,-2.0
8927,delete,2750,-1,2997,-2.0
8928,delete,2792,-1,2996,-2.0
8929,delete,2792,-1,2995,-2.0
8930,delete,2792,-1,2994,-2.0
8931,delete,2791,-1,2993,-2.0
8932,delete,2750,-1,2992,-2.0
8933,delete,2750,-1,2991,-2.0
8934,delete,2750,-1,2990,-2.0
8935,delete,2750,-1,2989,-2.0
8936,delete,2708,-1,2988,-2.0
8937,delete,2750,-1,2987,-2.0
8938,delete,2750,-1,2986,-2.0
8939,delete,2750,-1,2985,-2.0
8940,delete,2791,-1,2984,-2.0
8941,delete,2750,-1,2983,-2.0
8942,delete,2750,-1,2982,-2.0
8943,delete,2750,-1,2981,-2.0
8944,delete,2750,-1,2980,-2.0
8945,delete,2708,-1,2979,-2.0
8946,delete,2750,-1,2978,-2.0
8947,delete,2750,-1,2977,-2.0
8948,delete,2750,-1,2976,-2.0
8949,delete,2750,-1,2975,-2.0
8950,delete,2792,-1,2974,-2.0
8951,delete,2792,-1,2973,-2.0
8952,delete,2792,-1,2972,-2.0
8953,delete,2833,-1,2971,-2.0
8954,delete,2791,-1,2970,-2.0
8955,delete,2791,-1,2969,-2.0
8956,delete,2792,-1,2968,-2.0
8957,delete,2792,-1,2967,-2.0
8958,delete,2750,-1,2966,-2.0
8959,delete,2750,-1,2965,-2.0
8960,delete,2708,-1,2964,-2.0
8961,delete,2750,-1,2963,-2.0
8962,delete,2750,-1,2962,-2.0
8963,delete,2750,-1,2961,-2.0
8964,delete,2750,-1,2960,-2.0
8965,delete,2750,-1,2959,-2.0
8966,delete,2750,-1,2958,-2.0
8967,delete,2708,-1,2957,-2.0
8968,delete,2750,-1,2956,-2.0
8969,delete,2750,-1,2955,-2.0
8970,delete,2750,-1,2954,-2.0
8971,delete,2750,-1,2953,-2.0
8972,delete,2750,-1,2952,-2.0
8973,delete,2792,-1,2951,-2.0
8974,delete,2750,-1,2950,-2.0
8975,delete,2791,-1,2949,-2.0
8976,delete,2791,-1,2948,-2.0
8977,delete,2791,-1,2947,-2.0
8978,delete,2792,-1,2946,-2.0
8979,delete,2792,-1,2945,-2.0
8980,delete,2792,-1,2944,-2.0
8981,delete,2791,-1,2943,-2.0
8982,delete,2791,-1,2942,-2.0
8983,delete,2791,-1,2941,-2.0
8984,delete,2875,-1,2940,-2.0
8985,delete,2834,-1,2939,-2.0
8986,delete,2792,-1,2938,-2.0
8987,delete,2792,-1,2937,-2.0
8988,delete,2792,-1,2936,-2.0
8989,delete,2791,-1,2935,-2.0
8990,delete,2791,-1,2934,-2.0
8991,delete,2833,-1,2933,-2.0
8992,delete,2792,-1,2932,-2.0
8993,delete,2792,-1,2931,-2.0
8994,delete,2792,-1,2930,-2.0
8995,delete,2792,-1,2929,-2.0
8996,delete,2792,-1,2928,-2.0
8997,delete,2792,-1,2927,-2.0
8998,delete,2792,-1,2926,-2.0
8999,delete,2750,-1,2925,-2.0
9000,delete,2792,3462833,2924,0.649554
9001,delete,3917,-1,2923,-2.0
9002,delete,2833,-1,2922,-2.0
9003,delete,2792,-1,2921,-2.0
9004,delete,2750,-1,2920,-2.0
9005,delete,2750,-1,2919,-2.0
9006,delete,2750,-1,2918,-2.0
9007,delete,2750,-1,2917,-2.0
9008,delete,2750,-1,2916,-2.0
9009,delete,2750,-1,2915,-2.0
9010,delete,2750,-1,2914,-2.0
9011,delete,2709,-1,2913,-2.0
9012,delete,2750,-1,2912,-2.0
9013,delete,2750,-1,2911,-2.0
9014,delete,2708,-1,2910,-2.0
9015,delete,2750,-1,2909,-2.0
9016,delete,2708,-1,2908,-2.0
9017,delete,2709,-1,2907,-2.0
9018,delete,2708,-1,2906,-2.0
9019,delete,2750,-1,2905,-2.0
9020,delete,2750,-1,2904,-2.0
9021,delete,2750,-1,2903,-2.0
9022,delete,2708,-1,2902,-2.0
9023,delete,2708,-1,2901,-2.0
9024,delete,2750,-1,2900,-2.0
9025,delete,2750,-1,2899,-2.0
9026,delete,2709,-1,2898,-2.0
9027,delete,2708,-1,2897,-2.0
9028,delete,2709,-1,2896,-2.0
9029,delete,2708,-1,2895,-2.0
9030,delete,2708,-1,2894,-2.0
9031,delete,2750,-1,2893,-2.0
9032,delete,2708,-1,2892,-2.0
9033,delete,2709,-1,2891,-2.0
9034,delete,2708,-1,2890,-2.0
9035,delete,2750,-1,2889,-2.0
9036,delete,2750,-1,2888,-2.0
9037,delete,2708,-1,2887,-2.0
9038,delete,2750,-1,2886,-2.0
9039,delete,2708,-1,2885,-2.0
9040,delete,2708,-1,2884,-2.0
9041,delete,2709,-1,2883,-2.0
9042,delete,2708,-1,2882,-2.0
9043,delete,2709,-1,2881,-2.0
9044,delete,2750,-1,2880,-2.0
9045,delete,2709,-1,2879,-2.0
9046,delete,2750,-1,2878,-2.0
9047,delete,2709,-1,2877,-2.0
9048,delete,2708,-1,2876,-2.0
9049,delete,2709,-1,2875,-2.0
9050,delete,2708,-1,2874,-2.0
9051,delete,2750,-1,2873,-2.0
9052,delete,2708,-1,2872,-2.0
9053,delete,2708,-1,2871,-2.0
9054,delete,2667,-1,2870,-2.0
9055,delete,2708,-1,2869,-2.0
9056,delete,2708,-1,2868,-2.0
9057,delete,2708,-1,2867,-2.0
9058,delete,2709,-1,2866,-2.0
9059,delete,2708,-1,2865,-2.0
9060,delete,2708,-1,2864,-2.0
9061,delete,2709,-1,2863,-2.0
9062,delete,2750,-1,2862,-2.0
9063,delete,2750,-1,2861,-2.0
9064,delete,2708,-1,2860,-2.0
9065,delete,2708,-1,2859,-2.0
9066,delete,2708,-1,2858,-2.0
9067,delete,2709,-1,2857,-2.0
9068,delete,2708,-1,2856,-2.0
9069,delete,2708,-1,2855,-2.0
9070,delete,2709,-1,2854,-2.0
9071,delete,2708,-1,2853,-2.0
9072,delete,2709,-1,2852,-2.0
9073,delete,2708,-1,2851,-2.0
9074,delete,2709,-1,2850,-2.0
9075,delete,2708,-1,2849,-2.0
9076,delete,2750,-1,2848,-2.0
9077,delete,2708,-1,2847,-2.0
9078,delete,2750,-1,2846,-2.0
9079,delete,2708,-1,2845,-2.0
9080,delete,2708,-1,2844,-2.0
9081,delete,2667,-1,2843,-2.0
9082,delete,2708,-1,2842,-2.0
9083,delete,2708,-1,2841,-2.0
9084,delete,2708,-1,2840,-2.0
9085,delete,2709,-1,2839,-2.0
9086,delete,2708,-1,2838,-2.0
9087,delete,2708,-1,2837,-2.0
9088,delete,2708,-1,2836,-2.0
9089,delete,2709,-1,2835,-2.0
9090,delete,2708,-1,2834,-2.0
9091,delete,2708,-1,2833,-2.0
9092,delete,2709,-1,2832,-2.0
9093,delete,2708,-1,2831,-2.0
9094,delete,2708,-1,2830,-2.0
9095,delete,2709,-1,2829,-2.0
9096,delete,2708,-1,2828,-2.0
9097,delete,2708,-1,2827,-2.0
9098,delete,2708,-1,2826,-2.0
9099,delete,2666,-1,2825,-2.0
9100,delete,2708,-1,2824,-2.0
9101,delete,2709,-1,2823,-2.0
9102,delete,2708,-1,2822,-2.0
9103,delete,2709,-1,2821,-2.0
9104,delete,2708,-1,2820,-2.0
9105,delete,2666,-1,2819,-2.0
9106,delete,2708,-1,2818,-2.0
9107,delete,2709,-1,2817,-2.0
9108,delete,2667,-1,2816,-2.0
9109,delete,2708,-1,2815,-2.0
9110,delete,2708,-1,2814,-2.0
9111,delete,2709,-1,2813,-2.0
9112,delete,2666,-1,2812,-2.0
9113,delete,2708,-1,2811,-2.0
9114,delete,2709,-1,2810,-2.0
9115,delete,2667,-1,2809,-2.0
9116,delete,2708,-1,2808,-2.0
9117,delete,2708,-1,2807,-2.0
9118,delete,2709,-1,2806,-2.0
9119,delete,2708,-1,2805,-2.0
9120,delete,2708,-1,2804,-2.0
9121,delete,2667,-1,2803,-2.0
9122,delete,2667,-1,2802,-2.0
9123,delete,2709,-1,2801,-2.0
9124,delete,2709,-1,2800,-2.0
9125,delete,2667,-1,2799,-2.0
9126,delete,2708,-1,2798,-2.0
9127,delete,2708,-1,2797,-2.0
9128,delete,2709,-1,2796,-2.0
9129,delete,2667,-1,2795,-2.0
9130,delete,2750,-1,2794,-2.0
9131,delete,2750,-1,2793,-2.0
9132,delete,2708,-1,2792,-2.0
9133,delete,2708,-1,2791,-2.0
9134,delete,2708,-1,2790,-2.0
9135,delete,2667,-1,2789,-2.0
9136,delete,2709,-1,2788,-2.0
9137,delete,2708,-1,2787,-2.0
9138,delete,2708,-1,2786,-2.0
9139,delete,2709,-1,2785,-2.0
9140,delete,2667,-1,2784,-2.0
9141,delete,2708,-1,2783,-2.0
9142,delete,2708,-1,2782,-2.0
9143,delete,2667,-1,2781,-2.0
9144,delete,2709,-1,2780,-2.0
9145,delete,2708,-1,2779,-2.0
9146,delete,2666,-1,2778,-2.0
9147,delete,2708,-1,2777,-2.0
9148,delete,2667,-1,2776,-2.0
9149,delete,2667,-1,2775,-2.0
9150,delete,2708,-1,2774,-2.0
9151,delete,2708,-1,2773,-2.0
9152,delete,2708,-1,2772,-2.0
9153,delete,2667,-1,2771,-2.0
9154,delete,2709,-1,2770,-2.0
9155,delete,2708,-1,2769,-2.0
9156,delete,2666,-1,2768,-2.0
9157,delete,2666,-1,2767,-2.0
9158,delete,2708,-1,2766,-2.0
9159,delete,2667,-1,2765,-2.0
9160,delete,2709,-1,2764,-2.0
9161,delete,2667,-1,2763,-2.0
9162,delete,2708,-1,2762,-2.0
9163,delete,2708,-1,2761,-2.0
9164,delete,2667,-1,2760,-2.0
9165,delete,2709,-1,2759,-2.0
9166,delete,2667,-1,2758,-2.0
9167,delete,2625,-1,2757,-2.0
9168,delete,2666,-1,2756,-2.0
9169,delete,2667,-1,2755,-2.0
9170,delete,2667,-1,2754,-2.0
9171,delete,2708,-1,2753,-2.0
9172,delete,2666,-1,2752,-2.0
9173,delete,2708,-1,2751,-2.0
9174,delete,2667,-1,2750,-2.0
9175,delete,2709,-1,2749,-2.0
9176,delete,2709,-1,2748,-2.0
9177,delete,2708,-1,2747,-2.0
9178,delete,2666,-1,2746,-2.0
9179,delete,2708,-1,2745,-2.0
9180,delete,2667,-1,2744,-2.0
9181,delete,2667,-1,2743,-2.0
9182,delete,2667,-1,2742,-2.0
9183,delete,2667,-1,2741,-2.0
9184,delete,2666,-1,2740,-2.0
9185,delete,2708,-1,2739,-2.0
9186,delete,2666,-1,2738,-2.0
9187,delete,2666,-1,2737,-2.0
9188,delete,2708,-1,2736,-2.0
9189,delete,2667,-1,2735,-2.0
9190,delete,2667,-1,2734,-2.0
9191,delete,2667,-1,2733,-2.0
9192,delete,2708,-1,2732,-2.0
9193,delete,2666,-1,2731,-2.0
9194,delete,2708,-1,2730,-2.0
9195,delete,2708,-1,2729,-2.0
9196,delete,2708,-1,2728,-2.0
9197,delete,2750,-1,2727,-2.0
9198,delete,2750,-1,2726,-2.0
9199,delete,2750,-1,2725,-2.0
9200,delete,2750,-1,2724,-2.0
9201,delete,2750,-1,2723,-2.0
9202,delete,2750,-1,2722,-2.0
9203,delete,2750,-1,2721,-2.0
9204,delete,2750,-1,2720,-2.0
9205,delete,2750,-1,2719,-2.0
9206,delete,2750,-1,2718,-2.0
9207,delete,2750,-1,2717,-2.0
9208,delete,2750,-1,2716,-2.0
9209,delete,2750,-1,2715,-2.0
9210,delete,2750,-1,2714,-2.0
9211,delete,2750,-1,2713,-2.0
9212,delete,2750,-1,2712,-2.0
9213,delete,2750,-1,2711,-2.0
9214,delete,2750,-1,2710,-2.0
9215,delete,2750,-1,2709,-2.0
9216,delete,2750,-1,2708,-2.0
9217,delete,2750,-1,2707,-2.0
9218,delete,2750,-1,2706,-2.0
9219,delete,2750,-1,2705,-2.0
9220,delete,2708,-1,2704,-2.0
9221,delete,2750,-1,2703,-2.0
9222,delete,2750,-1,2702,-2.0
9223,delete,2709,-1,2701,-2.0
9224,delete,2750,-1,2700,-2.0
9225,delete,2750,-1,2699,-2.0
9226,delete,2709,-1,2698,-2.0
9227,delete,2708,-1,2697,-2.0
9228,delete,2750,-1,2696,-2.0
9229,delete,2750,-1,2695,-2.0
9230,delete,2750,-1,2694,-2.0
9231,delete,2750,-1,2693,-2.0
9232,delete,2750,-1,2692,-2.0
9233,delete,2750,-1,2691,-2.0
9234,delete,2709,-1,2690,-2.0
9235,delete,2708,-1,2689,-2.0
9236,delete,2709,-1,2688,-2.0
9237,delete,2750,-1,2687,-2.0
9238,delete,2709,-1,2686,-2.0
9239,delete,2750,-1,2685,-2.0
9240,delete,2709,-1,2684,-2.0
9241,delete,2750,-1,2683,-2.0
9242,delete,2709,-1,2682,-2.0
9243,delete,2750,-1,2681,-2.0
9244,delete,2791,-1,2680,-2.0
9245,delete,2750,-1,2679,-2.0
9246,delete,2750,-1,2678,-2.0
9247,delete,2709,-1,2677,-2.0
9248,delete,2708,-1,2676,-2.0
9249,delete,2750,-1,2675,-2.0
9250,delete,2708,-1,2674,-2.0
9251,delete,2750,-1,2673,-2.0
9252,delete,2708,-1,2672,-2.0
9253,delete,2708,-1,2671,-2.0
9254,delete,2750,-1,2670,-2.0
9255,delete,2708,-1,2669,-2.0
9256,delete,2709,-1,2668,-2.0
9257,delete,2708,-1,2667,-2.0
9258,delete,2708,-1,2666,-2.0
9259,delete,2750,-1,2665,-2.0
9260,delete,2708,-1,2664,-2.0
9261,delete,2750,-1,2663,-2.0
9262,delete,2708,-1,2662,-2.0
9263,delete,2750,-1,2661,-2.0
9264,delete,2750,-1,2660,-2.0
9265,delete,2708,-1,2659,-2.0
9266,delete,2708,-1,2658,-2.0
9267,delete,2750,-1,2657,-2.0
9268,delete,2708,-1,2656,-2.0
9269,delete,2709,-1,2655,-2.0
9270,delete,2708,-1,2654,-2.0
9271,delete,2750,-1,2653,-2.0
9272,delete,2708,-1,2652,-2.0
9273,delete,2708,-1,2651,-2.0
9274,delete,2750,-1,2650,-2.0
9275,delete,2708,-1,2649,-2.0
9276,delete,2708,-1,2648,-2.0
9277,delete,2708,-1,2647,-2.0
9278,delete,2667,-1,2646,-2.0
9279,delete,2667,-1,2645,-2.0
9280,delete,2667,-1,2644,-2.0
9281,delete,2667,-1,2643,-2.0
9282,delete,2667,-1,2642,-2.0
9283,delete,2667,-1,2641,-2.0
9284,delete,2667,-1,2640,-2.0
9285,delete,2667,-1,2639,-2.0
9286,delete,2667,-1,2638,-2.0
9287,delete,2667,-1,2637,-2.0
9288,delete,2667,-1,2636,-2.0
9289,delete,2667,-1,2635,-2.0
9290,delete,2667,-1,2634,-2.0
9291,delete,2667,-1,2633,-2.0
9292,delete,2625,-1,2632,-2.0
9293,delete,2708,-1,2631,-2.0
9294,delete,2667,-1,2630,-2.0
9295,delete,2666,-1,2629,-2.0
9296,delete,2666,-1,2628,-2.0
9297,delete,2625,-1,2627,-2.0
9298,delete,2667,-1,2626,-2.0
9299,delete,2625,-1,2625,-2.0
9300,delete,2667,2535500,2624,0.649152
9301,delete,3625,-1,2623,-2.0
9302,delete,2792,-1,2622,-2.0
9303,delete,2750,-1,2621,-2.0
9304,delete,2750,-1,2620,-2.0
9305,delete,2708,-1,2619,-2.0
9306,delete,2750,-1,2618,-2.0
9307,delete,2750,-1,2617,-2.0
9308,delete,2708,-1,2616,-2.0
9309,delete,2750,-1,2615,-2.0
9310,delete,2750,-1,2614,-2.0
9311,delete,2709,-1,2613,-2.0
9312,delete,2708,-1,2612,-2.0
9313,delete,2917,-1,2611,-2.0
9314,delete,3125,-1,2610,-2.0
9315,delete,3125,-1,2609,-2.0
9316,delete,3208,-1,2608,-2.0
9317,delete,3292,-1,2607,-2.0
9318,delete,3417,-1,2606,-2.0
9319,delete,3167,-1,2605,-2.0
9320,delete,3125,-1,2604,-2.0
9321,delete,3125,-1,2603,-2.0
9322,delete,3125,-1,2602,-2.0
9323,delete,3125,-1,2601,-2.0
9324,delete,3167,-1,2600,-2.0
9325,delete,3292,-1,2599,-2.0
9326,delete,2708,-1,2598,-2.0
9327,delete,2709,-1,2597,-2.0
9328,delete,2667,-1,2596,-2.0
9329,delete,2667,-1,2595,-2.0
9330,delete,2666,-1,2594,-2.0
9331,delete,2708,-1,2593,-2.0
9332,delete,2667,-1,2592,-2.0
9333,delete,2709,-1,2591,-2.0
9334,delete,2667,-1,2590,-2.0
9335,delete,2667,-1,2589,-2.0
9336,delete,2666,-1,2588,-2.0
9337,delete,2625,-1,2587,-2.0
9338,delete,2708,-1,2586,-2.0
9339,delete,2667,-1,2585,-2.0
9340,delete,2667,-1,2584,-2.0
9341,delete,2667,-1,2583,-2.0
9342,delete,2708,-1,2582,-2.0
9343,delete,2666,-1,2581,-2.0
9344,delete,2667,-1,2580,-2.0
9345,delete,2667,-1,2579,-2.0
9346,delete,2667,-1,2578,-2.0
9347,delete,2667,-1,2577,-2.0
9348,delete,2667,-1,2576,-2.0
9349,delete,2708,-1,2575,-2.0
9350,delete,2708,-1,2574,-2.0
9351,delete,2666,-1,2573,-2.0
9352,delete,2667,-1,2572,-2.0
9353,delete,2667,-1,2571,-2.0
9354,delete,2708,-1,2570,-2.0
9355,delete,2666,-1,2569,-2.0
9356,delete,2667,-1,2568,-2.0
9357,delete,2667,-1,2567,-2.0
9358,delete,2667,-1,2566,-2.0
9359,delete,2667,-1,2565,-2.0
9360,delete,2667,-1,2564,-2.0
9361,delete,2666,-1,2563,-2.0
9362,delete,2666,-1,2562,-2.0
9363,delete,2666,-1,2561,-2.0
9364,delete,2708,-1,2560,-2.0
9365,delete,2708,-1,2559,-2.0
9366,delete,2666,-1,2558,-2.0
9367,delete,2708,-1,2557,-2.0
9368,delete,2666,-1,2556,-2.0
9369,delete,2708,-1,2555,-2.0
9370,delete,2709,-1,2554,-2.0
9371,delete,2708,-1,2553,-2.0
9372,delete,2708,-1,2552,-2.0
9373,delete,2667,-1,2551,-2.0
9374,delete,2708,-1,2550,-2.0
9375,delete,2709,-1,2549,-2.0
9376,delete,2666,-1,2548,-2.0
9377,delete,2708,-1,2547,-2.0
9378,delete,2709,-1,2546,-2.0
9379,delete,2708,-1,2545,-2.0
9380,delete,2708,-1,2544,-2.0
9381,delete,2709,-1,2543,-2.0
9382,delete,2708,-1,2542,-2.0
9383,delete,2708,-1,2541,-2.0
9384,delete,2709,-1,2540,-2.0
9385,delete,2709,-1,2539,-2.0
9386,delete,2708,-1,2538,-2.0
9387,delete,2708,-1,2537,-2.0
9388,delete,2709,-1,2536,-2.0
9389,delete,2708,-1,2535,-2.0
9390,delete,2708,-1,2534,-2.0
9391,delete,2667,-1,2533,-2.0
9392,delete,2709,-1,2532,-2.0
9393,delete,2708,-1,2531,-2.0
9394,delete,2750,-1,2530,-2.0
9395,delete,2708,-1,2529,-2.0
9396,delete,2709,-1,2528,-2.0
9397,delete,2708,-1,2527,-2.0
9398,delete,2666,-1,2526,-2.0
9399,delete,2708,-1,2525,-2.0
9400,delete,2708,-1,2524,-2.0
9401,delete,2709,-1,2523,-2.0
9402,delete,2708,-1,2522,-2.0
9403,delete,2708,-1,2521,-2.0
9404,delete,2709,-1,2520,-2.0
9405,delete,2708,-1,2519,-2.0
9406,delete,2708,-1,2518,-2.0
9407,delete,2667,-1,2517,-2.0
9408,delete,2708,-1,2516,-2.0
9409,delete,2708,-1,2515,-2.0
9410,delete,2667,-1,2514,-2.0
9411,delete,2709,-1,2513,-2.0
9412,delete,2708,-1,2512,-2.0
9413,delete,2708,-1,2511,-2.0
9414,delete,2709,-1,2510,-2.0
9415,delete,2708,-1,2509,-2.0
9416,delete,2708,-1,2508,-2.0
9417,delete,2709,-1,2507,-2.0
9418,delete,2666,-1,2506,-2.0
9419,delete,2667,-1,2505,-2.0
9420,delete,2709,-1,2504,-2.0
9421,delete,2708,-1,2503,-2.0
9422,delete,2666,-1,2502,-2.0
9423,delete,2708,-1,2501,-2.0
9424,delete,2667,-1,2500,-2.0
9425,delete,2667,-1,2499,-2.0
9426,delete,2667,-1,2498,-2.0
9427,delete,2667,-1,2497,-2.0
9428,delete,2667,-1,2496,-2.0
9429,delete,2667,-1,2495,-2.0
9430,delete,2792,-1,2494,-2.0
9431,delete,2708,-1,2493,-2.0
9432,delete,2833,-1,2492,-2.0
9433,delete,2709,-1,2491,-2.0
9434,delete,2958,-1,2490,-2.0
9435,delete,3417,-1,2489,-2.0
9436,delete,3125,-1,2488,-2.0
9437,delete,3167,-1,2487,-2.0
9438,delete,3167,-1,2486,-2.0
9439,delete,3208,-1,2485,-2.0
9440,delete,3166,-1,2484,-2.0
9441,delete,3125,-1,2483,-2.0
9442,delete,3375,-1,2482,-2.0
9443,delete,3417,-1,2481,-2.0
9444,delete,3125,-1,2480,-2.0
9445,delete,3125,-1,2479,-2.0
9446,delete,3125,-1,2478,-2.0
9447,delete,2833,-1,2477,-2.0
9448,delete,2709,-1,2476,-2.0
9449,delete,2708,-1,2475,-2.0
9450,delete,2708,-1,2474,-2.0
9451,delete,2709,-1,2473,-2.0
9452,delete,2708,-1,2472,-2.0
9453,delete,2667,-1,2471,-2.0
9454,delete,2792,-1,2470,-2.0
9455,delete,3084,-1,2469,-2.0
9456,delete,3083,-1,2468,-2.0
9457,delete,3125,-1,2467,-2.0
9458,delete,3333,-1,2466,-2.0
9459,delete,2791,-1,2465,-2.0
9460,delete,3042,-1,2464,-2.0
9461,delete,2750,-1,2463,-2.0
9462,delete,2708,-1,2462,-2.0
9463,delete,2709,-1,2461,-2.0
9464,delete,2708,-1,2460,-2.0
9465,delete,2708,-1,2459,-2.0
9466,delete,2750,-1,2458,-2.0
9467,delete,2708,-1,2457,-2.0
9468,delete,2959,-1,2456,-2.0
9469,delete,2667,-1,2455,-2.0
9470,delete,2708,-1,2454,-2.0
9471,delete,2666,-1,2453,-2.0
9472,delete,2708,-1,2452,-2.0
9473,delete,2709,-1,2451,-2.0
9474,delete,2708,-1,2450,-2.0
9475,delete,2666,-1,2449,-2.0
9476,delete,2708,-1,2448,-2.0
9477,delete,2708,-1,2447,-2.0
9478,delete,2667,-1,2446,-2.0
9479,delete,2667,-1,2445,-2.0
9480,delete,2667,-1,2444,-2.0
9481,delete,2666,-1,2443,-2.0
9482,delete,2666,-1,2442,-2.0
9483,delete,2667,-1,2441,-2.0
9484,delete,2709,-1,2440,-2.0
9485,delete,2667,-1,2439,-2.0
9486,delete,2708,-1,2438,-2.0
9487,delete,2666,-1,2437,-2.0
9488,delete,2708,-1,2436,-2.0
9489,delete,2667,-1,2435,-2.0
9490,delete,2667,-1,2434,-2.0
9491,delete,2667,-1,2433,-2.0
9492,delete,2667,-1,2432,-2.0
9493,delete,2708,-1,2431,-2.0
9494,delete,2666,-1,2430,-2.0
9495,delete,2708,-1,2429,-2.0
9496,delete,2709,-1,2428,-2.0
9497,delete,2667,-1,2427,-2.0
9498,delete,2667,-1,2426,-2.0
9499,delete,2666,-1,2425,-2.0
9500,delete,2666,-1,2424,-2.0
9501,delete,2708,-1,2423,-2.0
9502,delete,2667,-1,2422,-2.0
9503,delete,2667,-1,2421,-2.0
9504,delete,2667,-1,2420,-2.0
9505,delete,2667,-1,2419,-2.0
9506,delete,2750,-1,2418,-2.0
9507,delete,2667,-1,2417,-2.0
9508,delete,2709,-1,2416,-2.0
9509,delete,2708,-1,2415,-2.0
9510,delete,2666,-1,2414,-2.0
9511,delete,2667,-1,2413,-2.0
9512,delete,2667,-1,2412,-2.0
9513,delete,2666,-1,2411,-2.0
9514,delete,2667,-1,2410,-2.0
9515,delete,2667,-1,2409,-2.0
9516,delete,2708,-1,2408,-2.0
9517,delete,2708,-1,2407,-2.0
9518,delete,2667,-1,2406,-2.0
9519,delete,2667,-1,2405,-2.0
9520,delete,2667,-1,2404,-2.0
9521,delete,2667,-1,2403,-2.0
9522,delete,2667,-1,2402,-2.0
9523,delete,2667,-1,2401,-2.0
9524,delete,2667,-1,2400,-2.0
9525,delete,2666,-1,2399,-2.0
9526,delete,2708,-1,2398,-2.0
9527,delete,2667,-1,2397,-2.0
9528,delete,2667,-1,2396,-2.0
9529,delete,2666,-1,2395,-2.0
9530,delete,2708,-1,2394,-2.0
9531,delete,2667,-1,2393,-2.0
9532,delete,2709,-1,2392,-2.0
9533,delete,2667,-1,2391,-2.0
9534,delete,2708,-1,2390,-2.0
9535,delete,2667,-1,2389,-2.0
9536,delete,2666,-1,2388,-2.0
9537,delete,2666,-1,2387,-2.0
9538,delete,2666,-1,2386,-2.0
9539,delete,2708,-1,2385,-2.0
9540,delete,2667,-1,2384,-2.0
9541,delete,2667,-1,2383,-2.0
9542,delete,2708,-1,2382,-2.0
9543,delete,2666,-1,2381,-2.0
9544,delete,2709,-1,2380,-2.0
9545,delete,2667,-1,2379,-2.0
9546,delete,2667,-1,2378,-2.0
9547,delete,2667,-1,2377,-2.0
9548,delete,2708,-1,2376,-2.0
9549,delete,2666,-1,2375,-2.0
9550,delete,2666,-1,2374,-2.0
9551,delete,2667,-1,2373,-2.0
9552,delete,2709,-1,2372,-2.0
9553,delete,2709,-1,2371,-2.0
9554,delete,2708,-1,2370,-2.0
9555,delete,2666,-1,2369,-2.0
9556,delete,2708,-1,2368,-2.0
9557,delete,2667,-1,2367,-2.0
9558,delete,2709,-1,2366,-2.0
9559,delete,2667,-1,2365,-2.0
9560,delete,2667,-1,2364,-2.0
9561,delete,2667,-1,2363,-2.0
9562,delete,2750,-1,2362,-2.0
9563,delete,2750,-1,2361,-2.0
9564,delete,2709,-1,2360,-2.0
9565,delete,2667,-1,2359,-2.0
9566,delete,2667,-1,2358,-2.0
9567,delete,2667,-1,2357,-2.0
9568,delete,2667,-1,2356,-2.0
9569,delete,2709,-1,2355,-2.0
9570,delete,2667,-1,2354,-2.0
9571,delete,2667,-1,2353,-2.0
9572,delete,2667,-1,2352,-2.0
9573,delete,2667,-1,2351,-2.0
9574,delete,2667,-1,2350,-2.0
9575,delete,2667,-1,2349,-2.0
9576,delete,2667,-1,2348,-2.0
9577,delete,2667,-1,2347,-2.0
9578,delete,2667,-1,2346,-2.0
9579,delete,2667,-1,2345,-2.0
9580,delete,2667,-1,2344,-2.0
9581,delete,2667,-1,2343,-2.0
9582,delete,2667,-1,2342,-2.0
9583,delete,2667,-1,2341,-2.0
9584,delete,2625,-1,2340,-2.0
9585,delete,2625,-1,2339,-2.0
9586,delete,2667,-1,2338,-2.0
9587,delete,2666,-1,2337,-2.0
9588,delete,2625,-1,2336,-2.0
9589,delete,2667,-1,2335,-2.0
9590,delete,2625,-1,2334,-2.0
9591,delete,2667,-1,2333,-2.0
9592,delete,2667,-1,2332,-2.0
9593,delete,2667,-1,2331,-2.0
9594,delete,2709,-1,2330,-2.0
9595,delete,2667,-1,2329,-2.0
9596,delete,2667,-1,2328,-2.0
9597,delete,2667,-1,2327,-2.0
9598,delete,2667,-1,2326,-2.0
9599,delete,2667,-1,2325,-2.0
9600,delete,2666,1866375,2324,0.648644
9601,delete,2875,-1,2323,-2.0
9602,delete,2667,-1,2322,-2.0
9603,delete,2666,-1,2321,-2.0
9604,delete,2667,-1,2320,-2.0
9605,delete,2667,-1,2319,-2.0
9606,delete,2667,-1,2318,-2.0
9607,delete,2625,-1,2317,-2.0
9608,delete,2667,-1,2316,-2.0
9609,delete,2625,-1,2315,-2.0
9610,delete,2667,-1,2314,-2.0
9611,delete,2625,-1,2313,-2.0
9612,delete,2625,-1,2312,-2.0
9613,delete,2667,-1,2311,-2.0
9614,delete,2667,-1,2310,-2.0
9615,delete,2666,-1,2309,-2.0
9616,delete,2666,-1,2308,-2.0
9617,delete,2666,-1,2307,-2.0
9618,delete,2666,-1,2306,-2.0
9619,delete,2666,-1,2305,-2.0
9620,delete,2666,-1,2304,-2.0
9621,delete,2666,-1,2303,-2.0
9622,delete,2750,-1,2302,-2.0
9623,delete,2666,-1,2301,-2.0
9624,delete,2750,-1,2300,-2.0
9625,delete,2667,-1,2299,-2.0
9626,delete,2625,-1,2298,-2.0
9627,delete,2667,-1,2297,-2.0
9628,delete,2667,-1,2296,-2.0
9629,delete,2625,-1,2295,-2.0
9630,delete,2750,-1,2294,-2.0
9631,delete,2792,-1,2293,-2.0
9632,delete,2667,-1,2292,-2.0
9633,delete,2708,-1,2291,-2.0
9634,delete,2666,-1,2290,-2.0
9635,delete,2666,-1,2289,-2.0
9636,delete,2666,-1,2288,-2.0
9637,delete,2625,-1,2287,-2.0
9638,delete,2625,-1,2286,-2.0
9639,delete,2625,-1,2285,-2.0
9640,delete,2667,-1,2284,-2.0
9641,delete,2666,-1,2283,-2.0
9642,delete,2666,-1,2282,-2.0
9643,delete,2625,-1,2281,-2.0
9644,delete,2667,-1,2280,-2.0
9645,delete,2625,-1,2279,-2.0
9646,delete,2667,-1,2278,-2.0
9647,delete,2667,-1,2277,-2.0
9648,delete,2667,-1,2276,-2.0
9649,delete,2625,-1,2275,-2.0
9650,delete,2667,-1,2274,-2.0
9651,delete,2667,-1,2273,-2.0
9652,delete,2625,-1,2272,-2.0
9653,delete,2625,-1,2271,-2.0
9654,delete,2666,-1,2270,-2.0
9655,delete,2666,-1,2269,-2.0
9656,delete,2666,-1,2268,-2.0
9657,delete,2666,-1,2267,-2.0
9658,delete,2667,-1,2266,-2.0
9659,delete,2625,-1,2265,-2.0
9660,delete,2625,-1,2264,-2.0
9661,delete,2625,-1,2263,-2.0
9662,delete,2625,-1,2262,-2.0
9663,delete,2667,-1,2261,-2.0
9664,delete,2625,-1,2260,-2.0
9665,delete,2625,-1,2259,-2.0
9666,delete,2625,-1,2258,-2.0
9667,delete,2625,-1,2257,-2.0
9668,delete,2625,-1,2256,-2.0
9669,delete,2625,-1,2255,-2.0
9670,delete,2666,-1,2254,-2.0
9671,delete,2625,-1,2253,-2.0
9672,delete,2667,-1,2252,-2.0
9673,delete,2625,-1,2251,-2.0
9674,delete,2667,-1,2250,-2.0
9675,delete,2667,-1,2249,-2.0
9676,delete,2667,-1,2248,-2.0
9677,delete,2667,-1,2247,-2.0
9678,delete,2667,-1,2246,-2.0
9679,delete,2667,-1,2245,-2.0
9680,delete,2625,-1,2244,-2.0
9681,delete,2625,-1,2243,-2.0
9682,delete,2667,-1,2242,-2.0
9683,delete,2625,-1,2241,-2.0
9684,delete,2625,-1,2240,-2.0
9685,delete,2625,-1,2239,-2.0
9686,delete,2667,-1,2238,-2.0
9687,delete,2625,-1,2237,-2.0
9688,delete,2625,-1,2236,-2.0
9689,delete,2625,-1,2235,-2.0
9690,delete,2625,-1,2234,-2.0
9691,delete,2625,-1,2233,-2.0
9692,delete,2625,-1,2232,-2.0
9693,delete,2625,-1,2231,-2.0
9694,delete,2625,-1,2230,-2.0
9695,delete,2667,-1,2229,-2.0
9696,delete,2625,-1,2228,-2.0
9697,delete,2625,-1,2227,-2.0
9698,delete,2625,-1,2226,-2.0
9699,delete,2625,-1,2225,-2.0
9700,delete,2625,-1,2224,-2.0
9701,delete,2667,-1,2223,-2.0
9702,delete,2666,-1,2222,-2.0
9703,delete,2625,-1,2221,-2.0
9704,delete,2625,-1,2220,-2.0
9705,delete,2625,-1,2219,-2.0
9706,delete,2666,-1,2218,-2.0
9707,delete,2666,-1,2217,-2.0
9708,delete,2666,-1,2216,-2.0
9709,delete,2666,-1,2215,-2.0
9710,delete,2666,-1,2214,-2.0
9711,delete,2625,-1,2213,-2.0
9712,delete,2625,-1,2212,-2.0
9713,delete,2625,-1,2211,-2.0
9714,delete,2667,-1,2210,-2.0
9715,delete,2708,-1,2209,-2.0
9716,delete,2625,-1,2208,-2.0
9717,delete,2666,-1,2207,-2.0
9718,delete,2666,-1,2206,-2.0
9719,delete,2625,-1,2205,-2.0
9720,delete,2667,-1,2204,-2.0
9721,delete,2667,-1,2203,-2.0
9722,delete,2667,-1,2202,-2.0
9723,delete,2667,-1,2201,-2.0
9724,delete,2625,-1,2200,-2.0
9725,delete,2625,-1,2199,-2.0
9726,delete,2625,-1,2198,-2.0
9727,delete,2667,-1,2197,-2.0
9728,delete,2625,-1,2196,-2.0
9729,delete,2667,-1,2195,-2.0
9730,delete,2625,-1,2194,-2.0
9731,delete,2667,-1,2193,-2.0
9732,delete,2625,-1,2192,-2.0
9733,delete,2666,-1,2191,-2.0
9734,delete,2666,-1,2190,-2.0
9735,delete,2625,-1,2189,-2.0
9736,delete,2625,-1,2188,-2.0
9737,delete,2625,-1,2187,-2.0
9738,delete,2667,-1,2186,-2.0
9739,delete,2625,-1,2185,-2.0
9740,delete,2667,-1,2184,-2.0
9741,delete,2625,-1,2183,-2.0
9742,delete,2625,-1,2182,-2.0
9743,delete,2625,-1,2181,-2.0
9744,delete,2584,-1,2180,-2.0
9745,delete,2625,-1,2179,-2.0
9746,delete,2625,-1,2178,-2.0
9747,delete,2667,-1,2177,-2.0
9748,delete,2709,-1,2176,-2.0
9749,delete,2625,-1,2175,-2.0
9750,delete,2625,-1,2174,-2.0
9751,delete,2625,-1,2173,-2.0
9752,delete,2666,-1,2172,-2.0
9753,delete,2667,-1,2171,-2.0
9754,delete,2667,-1,2170,-2.0
9755,delete,2625,-1,2169,-2.0
9756,delete,2625,-1,2168,-2.0
9757,delete,2625,-1,2167,-2.0
9758,delete,2583,-1,2166,-2.0
9759,delete,2625,-1,2165,-2.0
9760,delete,2625,-1,2164,-2.0
9761,delete,2584,-1,2163,-2.0
9762,delete,2625,-1,2162,-2.0
9763,delete,2583,-1,2161,-2.0
9764,delete,2584,-1,2160,-2.0
9765,delete,2625,-1,2159,-2.0
9766,delete,2625,-1,2158,-2.0
9767,delete,2625,-1,2157,-2.0
9768,delete,2584,-1,2156,-2.0
9769,delete,2625,-1,2155,-2.0
9770,delete,2584,-1,2154,-2.0
9771,delete,2583,-1,2153,-2.0
9772,delete,2709,-1,2152,-2.0
9773,delete,2708,-1,2151,-2.0
9774,delete,2625,-1,2150,-2.0
9775,delete,2625,-1,2149,-2.0
9776,delete,2625,-1,2148,-2.0
9777,delete,2583,-1,2147,-2.0
9778,delete,2709,-1,2146,-2.0
9779,delete,2625,-1,2145,-2.0
9780,delete,2583,-1,2144,-2.0
9781,delete,2625,-1,2143,-2.0
9782,delete,2625,-1,2142,-2.0
9783,delete,2625,-1,2141,-2.0
9784,delete,2584,-1,2140,-2.0
9785,delete,2625,-1,2139,-2.0
9786,delete,2625,-1,2138,-2.0
9787,delete,2625,-1,2137,-2.0
9788,delete,2583,-1,2136,-2.0
9789,delete,2584,-1,2135,-2.0
9790,delete,2625,-1,2134,-2.0
9791,delete,2625,-1,2133,-2.0
9792,delete,2625,-1,2132,-2.0
9793,delete,2625,-1,2131,-2.0
9794,delete,2583,-1,2130,-2.0
9795,delete,2625,-1,2129,-2.0
9796,delete,2625,-1,2128,-2.0
9797,delete,2625,-1,2127,-2.0
9798,delete,2625,-1,2126,-2.0
9799,delete,2583,-1,2125,-2.0
9800,delete,2584,-1,2124,-2.0
9801,delete,2625,-1,2123,-2.0
9802,delete,2625,-1,2122,-2.0
9803,delete,2625,-1,2121,-2.0
9804,delete,2583,-1,2120,-2.0
9805,delete,2625,-1,2119,-2.0
9806,delete,2625,-1,2118,-2.0
9807,delete,2542,-1,2117,-2.0
9808,delete,2625,-1,2116,-2.0
9809,delete,2625,-1,2115,-2.0
9810,delete,2625,-1,2114,-2.0
9811,delete,2625,-1,2113,-2.0
9812,delete,2625,-1,2112,-2.0
9813,delete,2625,-1,2111,-2.0
9814,delete,2625,-1,2110,-2.0
9815,delete,2625,-1,2109,-2.0
9816,delete,2625,-1,2108,-2.0
9817,delete,2625,-1,2107,-2.0
9818,delete,2625,-1,2106,-2.0
9819,delete,2625,-1,2105,-2.0
9820,delete,2625,-1,2104,-2.0
9821,delete,2584,-1,2103,-2.0
9822,delete,2583,-1,2102,-2.0
9823,delete,2625,-1,2101,-2.0
9824,delete,2625,-1,2100,-2.0
9825,delete,2584,-1,2099,-2.0
9826,delete,2583,-1,2098,-2.0
9827,delete,2625,-1,2097,-2.0
9828,delete,2625,-1,2096,-2.0
9829,delete,2625,-1,2095,-2.0
9830,delete,2625,-1,2094,-2.0
9831,delete,2625,-1,2093,-2.0
9832,delete,2625,-1,2092,-2.0
9833,delete,2583,-1,2091,-2.0
9834,delete,2583,-1,2090,-2.0
9835,delete,2625,-1,2089,-2.0
9836,delete,2625,-1,2088,-2.0
9837,delete,2625,-1,2087,-2.0
9838,delete,2625,-1,2086,-2.0
9839,delete,2625,-1,2085,-2.0
9840,delete,2625,-1,2084,-2.0
9841,delete,2625,-1,2083,-2.0
9842,delete,2583,-1,2082,-2.0
9843,delete,2584,-1,2081,-2.0
9844,delete,2625,-1,2080,-2.0
9845,delete,2625,-1,2079,-2.0
9846,delete,2625,-1,2078,-2.0
9847,delete,2625,-1,2077,-2.0
9848,delete,2625,-1,2076,-2.0
9849,delete,2625,-1,2075,-2.0
9850,delete,2625,-1,2074,-2.0
9851,delete,2625,-1,2073,-2.0
9852,delete,2625,-1,2072,-2.0
9853,delete,2583,-1,2071,-2.0
9854,delete,2625,-1,2070,-2.0
9855,delete,2583,-1,2069,-2.0
9856,delete,2583,-1,2068,-2.0
9857,delete,2584,-1,2067,-2.0
9858,delete,2625,-1,2066,-2.0
9859,delete,2625,-1,2065,-2.0
9860,delete,2625,-1,2064,-2.0
9861,delete,2666,-1,2063,-2.0
9862,delete,2667,-1,2062,-2.0
9863,delete,2625,-1,2061,-2.0
9864,delete,2667,-1,2060,-2.0
9865,delete,2667,-1,2059,-2.0
9866,delete,2584,-1,2058,-2.0
9867,delete,2667,-1,2057,-2.0
9868,delete,2625,-1,2056,-2.0
9869,delete,2625,-1,2055,-2.0
9870,delete,2625,-1,2054,-2.0
9871,delete,2625,-1,2053,-2.0
9872,delete,2625,-1,2052,-2.0
9873,delete,2625,-1,2051,-2.0
9874,delete,2584,-1,2050,-2.0
9875,delete,2625,-1,2049,-2.0
9876,delete,2625,-1,2048,-2.0
9877,delete,2666,-1,2047,-2.0
9878,delete,2666,-1,2046,-2.0
9879,delete,2625,-1,2045,-2.0
9880,delete,2625,-1,2044,-2.0
9881,delete,2625,-1,2043,-2.0
9882,delete,2625,-1,2042,-2.0
9883,delete,2625,-1,2041,-2.0
9884,delete,2667,-1,2040,-2.0
9885,delete,2625,-1,2039,-2.0
9886,delete,2625,-1,2038,-2.0
9887,delete,2625,-1,2037,-2.0
9888,delete,2625,-1,2036,-2.0
9889,delete,2583,-1,2035,-2.0
9890,delete,2625,-1,2034,-2.0
9891,delete,2625,-1,2033,-2.0
9892,delete,2625,-1,2032,-2.0
9893,delete,2625,-1,2031,-2.0
9894,delete,2584,-1,2030,-2.0
9895,delete,2625,-1,2029,-2.0
9896,delete,2625,-1,2028,-2.0
9897,delete,2625,-1,2027,-2.0
9898,delete,2625,-1,2026,-2.0
9899,delete,2625,-1,2025,-2.0
9900,delete,2625,1463666,2024,0.647985
9901,delete,2667,-1,2023,-2.0
9902,delete,2667,-1,2022,-2.0
9903,delete,2625,-1,2021,-2.0
