step,operation,incr_ns,full_ns,n_active,incr_ari
1,move,1917,-1,778,-2.0
2,move,667,-1,778,-2.0
3,move,667,-1,778,-2.0
4,move,708,-1,778,-2.0
5,move,667,-1,778,-2.0
6,move,750,-1,778,-2.0
7,move,709,-1,778,-2.0
8,move,708,-1,778,-2.0
9,move,1125,-1,778,-2.0
10,move,708,-1,778,-2.0
11,move,666,-1,778,-2.0
12,move,667,-1,778,-2.0
13,move,750,-1,778,-2.0
14,move,750,-1,778,-2.0
15,move,1917,-1,778,-2.0
16,move,750,-1,778,-2.0
17,move,666,-1,778,-2.0
18,move,1208,-1,778,-2.0
19,move,1292,-1,778,-2.0
20,move,1083,-1,778,-2.0
21,move,750,-1,778,-2.0
22,move,1084,-1,778,-2.0
23,move,708,-1,778,-2.0
24,move,1166,-1,778,-2.0
25,move,1209,320958,778,0.997212
26,move,1583,-1,778,-2.0
27,move,1166,-1,778,-2.0
28,move,1125,-1,778,-2.0
29,move,708,-1,778,-2.0
30,move,1166,-1,778,-2.0
31,move,667,-1,778,-2.0
32,move,1333,-1,778,-2.0
33,move,1750,-1,778,-2.0
34,move,2083,-1,778,-2.0
35,move,750,-1,778,-2.0
36,move,1167,-1,778,-2.0
37,move,833,-1,778,-2.0
38,move,750,-1,778,-2.0
39,move,708,-1,778,-2.0
40,move,750,-1,778,-2.0
41,move,750,-1,778,-2.0
42,move,750,-1,778,-2.0
43,move,1125,-1,778,-2.0
44,move,667,-1,778,-2.0
45,move,1791,-1,778,-2.0
46,move,666,-1,778,-2.0
47,move,708,-1,778,-2.0
48,move,1334,-1,778,-2.0
49,move,625,-1,778,-2.0
50,move,666,278542,778,0.99176
51,move,750,-1,778,-2.0
52,move,1250,-1,778,-2.0
53,move,708,-1,778,-2.0
54,move,792,-1,778,-2.0
55,move,1417,-1,778,-2.0
56,move,2458,-1,778,-2.0
57,move,667,-1,778,-2.0
58,move,667,-1,778,-2.0
59,move,1625,-1,778,-2.0
60,move,875,-1,778,-2.0
61,move,750,-1,778,-2.0
62,move,1041,-1,778,-2.0
63,move,667,-1,778,-2.0
64,move,1084,-1,778,-2.0
65,move,1750,-1,778,-2.0
66,move,1667,-1,778,-2.0
67,move,667,-1,778,-2.0
68,move,708,-1,778,-2.0
69,move,1083,-1,778,-2.0
70,move,1042,-1,778,-2.0
71,move,1333,-1,778,-2.0
72,move,2042,-1,778,-2.0
73,move,1125,-1,778,-2.0
74,insert,1542,-1,779,-2.0
75,move,1291,266416,779,0.991767
76,move,1875,-1,779,-2.0
77,move,1417,-1,779,-2.0
78,move,708,-1,779,-2.0
79,move,1292,-1,779,-2.0
80,move,834,-1,779,-2.0
81,move,1541,-1,779,-2.0
82,move,708,-1,779,-2.0
83,move,1084,-1,779,-2.0
84,move,666,-1,779,-2.0
85,move,1209,-1,779,-2.0
86,move,708,-1,779,-2.0
87,move,2167,-1,779,-2.0
88,move,666,-1,779,-2.0
89,move,667,-1,779,-2.0
90,move,666,-1,779,-2.0
91,insert,1208,-1,780,-2.0
92,move,1916,-1,780,-2.0
93,move,667,-1,780,-2.0
94,move,875,-1,780,-2.0
95,move,750,-1,780,-2.0
96,move,667,-1,780,-2.0
97,move,958,-1,780,-2.0
98,move,667,-1,780,-2.0
99,move,1375,-1,780,-2.0
100,move,1375,264333,780,0.992136
101,move,1208,-1,780,-2.0
102,move,750,-1,780,-2.0
103,move,833,-1,780,-2.0
104,move,875,-1,780,-2.0
105,move,709,-1,780,-2.0
106,move,1166,-1,780,-2.0
107,insert,1708,-1,781,-2.0
108,insert,917,-1,782,-2.0
109,move,1875,-1,782,-2.0
110,move,1375,-1,782,-2.0
111,move,1083,-1,782,-2.0
112,move,1250,-1,782,-2.0
113,move,709,-1,782,-2.0
114,move,750,-1,782,-2.0
115,move,1083,-1,782,-2.0
116,move,666,-1,782,-2.0
117,insert,750,-1,783,-2.0
118,move,1083,-1,783,-2.0
119,move,791,-1,783,-2.0
120,move,1250,-1,783,-2.0
121,move,708,-1,783,-2.0
122,insert,833,-1,784,-2.0
123,move,1292,-1,784,-2.0
124,move,667,-1,784,-2.0
125,move,875,259541,784,0.989802
126,insert,1000,-1,785,-2.0
127,move,1250,-1,785,-2.0
128,move,709,-1,785,-2.0
129,move,1834,-1,785,-2.0
130,move,1666,-1,785,-2.0
131,move,792,-1,785,-2.0
132,move,834,-1,785,-2.0
133,move,708,-1,785,-2.0
134,move,709,-1,785,-2.0
135,move,1250,-1,785,-2.0
136,move,666,-1,785,-2.0
137,move,667,-1,785,-2.0
138,move,1250,-1,785,-2.0
139,move,1333,-1,785,-2.0
140,move,1209,-1,785,-2.0
141,move,1083,-1,785,-2.0
142,insert,1417,-1,786,-2.0
143,move,708,-1,786,-2.0
144,move,1917,-1,786,-2.0
145,move,1333,-1,786,-2.0
146,move,1500,-1,786,-2.0
147,move,750,-1,786,-2.0
148,move,1708,-1,786,-2.0
149,move,792,-1,786,-2.0
150,move,1292,261500,786,0.989825
151,move,1125,-1,786,-2.0
152,move,1292,-1,786,-2.0
153,move,875,-1,786,-2.0
154,move,2292,-1,786,-2.0
155,move,834,-1,786,-2.0
156,move,791,-1,786,-2.0
157,insert,708,-1,787,-2.0
158,move,708,-1,787,-2.0
159,move,2000,-1,787,-2.0
160,move,875,-1,787,-2.0
161,move,1500,-1,787,-2.0
162,move,1083,-1,787,-2.0
163,move,1875,-1,787,-2.0
164,move,792,-1,787,-2.0
165,move,792,-1,787,-2.0
166,move,1417,-1,787,-2.0
167,move,666,-1,787,-2.0
168,move,667,-1,787,-2.0
169,move,833,-1,787,-2.0
170,move,1750,-1,787,-2.0
171,move,709,-1,787,-2.0
172,move,1417,-1,787,-2.0
173,move,750,-1,787,-2.0
174,move,708,-1,787,-2.0
175,move,1625,268916,787,0.989856
176,insert,1208,-1,788,-2.0
177,move,791,-1,788,-2.0
178,move,1500,-1,788,-2.0
179,move,1292,-1,788,-2.0
180,move,1708,-1,788,-2.0
181,move,1083,-1,788,-2.0
182,move,1250,-1,788,-2.0
183,move,1416,-1,788,-2.0
184,move,791,-1,788,-2.0
185,move,750,-1,788,-2.0
186,move,750,-1,788,-2.0
187,move,1167,-1,788,-2.0
188,move,1125,-1,788,-2.0
189,move,1416,-1,788,-2.0
190,move,792,-1,788,-2.0
191,move,1458,-1,788,-2.0
192,move,1209,-1,788,-2.0
193,move,1542,-1,788,-2.0
194,move,875,-1,788,-2.0
195,move,1375,-1,788,-2.0
196,move,875,-1,788,-2.0
197,move,708,-1,788,-2.0
198,move,1166,-1,788,-2.0
199,move,1500,-1,788,-2.0
200,move,666,265292,788,0.993326
201,move,708,-1,788,-2.0
202,move,708,-1,788,-2.0
203,move,917,-1,788,-2.0
204,insert,291,-1,789,-2.0
205,move,1959,-1,789,-2.0
206,move,791,-1,789,-2.0
207,move,1375,-1,789,-2.0
208,move,1250,-1,789,-2.0
209,move,708,-1,789,-2.0
210,move,1250,-1,789,-2.0
211,move,1208,-1,789,-2.0
212,move,1750,-1,789,-2.0
213,move,750,-1,789,-2.0
214,move,1583,-1,789,-2.0
215,move,833,-1,789,-2.0
216,move,1417,-1,789,-2.0
217,move,750,-1,789,-2.0
218,move,750,-1,789,-2.0
219,move,1167,-1,789,-2.0
220,move,2125,-1,789,-2.0
221,insert,875,-1,790,-2.0
222,move,1125,-1,790,-2.0
223,move,750,-1,790,-2.0
224,move,875,-1,790,-2.0
225,move,1250,261083,790,0.97113
226,move,917,-1,790,-2.0
227,move,833,-1,790,-2.0
228,move,792,-1,790,-2.0
229,move,2167,-1,790,-2.0
230,move,791,-1,790,-2.0
231,move,791,-1,790,-2.0
232,move,625,-1,790,-2.0
233,move,1333,-1,790,-2.0
234,move,625,-1,790,-2.0
235,move,709,-1,790,-2.0
236,move,708,-1,790,-2.0
237,move,875,-1,790,-2.0
238,move,709,-1,790,-2.0
239,move,708,-1,790,-2.0
240,move,1625,-1,790,-2.0
241,move,709,-1,790,-2.0
242,move,1250,-1,790,-2.0
243,insert,1167,-1,791,-2.0
244,move,1375,-1,791,-2.0
245,move,1334,-1,791,-2.0
246,move,1417,-1,791,-2.0
247,move,4916,-1,791,-2.0
248,move,1500,-1,791,-2.0
249,move,1459,-1,791,-2.0
250,move,1166,252292,791,0.966195
251,move,750,-1,791,-2.0
252,move,792,-1,791,-2.0
253,move,1334,-1,791,-2.0
254,move,916,-1,791,-2.0
255,move,750,-1,791,-2.0
256,move,792,-1,791,-2.0
257,move,1416,-1,791,-2.0
258,move,750,-1,791,-2.0
259,move,1208,-1,791,-2.0
260,move,792,-1,791,-2.0
261,move,1333,-1,791,-2.0
262,move,1459,-1,791,-2.0
263,move,750,-1,791,-2.0
264,move,1041,-1,791,-2.0
265,move,750,-1,791,-2.0
266,move,709,-1,791,-2.0
267,move,666,-1,791,-2.0
268,move,708,-1,791,-2.0
269,move,1042,-1,791,-2.0
270,move,1833,-1,791,-2.0
271,move,792,-1,791,-2.0
272,move,1458,-1,791,-2.0
273,move,708,-1,791,-2.0
274,move,1167,-1,791,-2.0
275,move,792,246125,791,0.962134
276,move,1292,-1,791,-2.0
277,move,917,-1,791,-2.0
278,move,958,-1,791,-2.0
279,move,1250,-1,791,-2.0
280,move,792,-1,791,-2.0
281,move,750,-1,791,-2.0
282,move,1708,-1,791,-2.0
283,move,750,-1,791,-2.0
284,move,750,-1,791,-2.0
285,move,750,-1,791,-2.0
286,move,708,-1,791,-2.0
287,move,750,-1,791,-2.0
288,move,834,-1,791,-2.0
289,move,791,-1,791,-2.0
290,move,1417,-1,791,-2.0
291,move,750,-1,791,-2.0
292,move,1500,-1,791,-2.0
293,move,1417,-1,791,-2.0
294,move,750,-1,791,-2.0
295,move,667,-1,791,-2.0
296,move,833,-1,791,-2.0
297,move,750,-1,791,-2.0
298,move,1583,-1,791,-2.0
299,move,708,-1,791,-2.0
300,move,1417,246166,791,0.96309
301,move,792,-1,791,-2.0
302,move,1000,-1,791,-2.0
303,move,1750,-1,791,-2.0
304,insert,833,-1,792,-2.0
305,move,833,-1,792,-2.0
306,insert,291,-1,793,-2.0
307,move,834,-1,793,-2.0
308,move,750,-1,793,-2.0
309,move,708,-1,793,-2.0
310,move,1500,-1,793,-2.0
311,move,1583,-1,793,-2.0
312,move,709,-1,793,-2.0
313,move,791,-1,793,-2.0
314,move,792,-1,793,-2.0
315,move,709,-1,793,-2.0
316,move,875,-1,793,-2.0
317,move,1709,-1,793,-2.0
318,move,750,-1,793,-2.0
319,move,1500,-1,793,-2.0
320,move,1542,-1,793,-2.0
321,move,1250,-1,793,-2.0
322,move,709,-1,793,-2.0
323,move,666,-1,793,-2.0
324,move,1042,-1,793,-2.0
325,move,917,250792,793,0.966814
326,move,1167,-1,793,-2.0
327,move,750,-1,793,-2.0
328,move,875,-1,793,-2.0
329,move,709,-1,793,-2.0
330,move,2125,-1,793,-2.0
331,move,1958,-1,793,-2.0
332,move,1708,-1,793,-2.0
333,move,1209,-1,793,-2.0
334,move,792,-1,793,-2.0
335,move,792,-1,793,-2.0
336,move,1458,-1,793,-2.0
337,move,1958,-1,793,-2.0
338,move,750,-1,793,-2.0
339,move,875,-1,793,-2.0
340,move,833,-1,793,-2.0
341,move,833,-1,793,-2.0
342,move,834,-1,793,-2.0
343,move,750,-1,793,-2.0
344,move,834,-1,793,-2.0
345,move,792,-1,793,-2.0
346,move,834,-1,793,-2.0
347,move,1000,-1,793,-2.0
348,move,750,-1,793,-2.0
349,move,708,-1,793,-2.0
350,move,792,270292,793,0.967526
351,move,833,-1,793,-2.0
352,move,833,-1,793,-2.0
353,move,833,-1,793,-2.0
354,move,875,-1,793,-2.0
355,move,750,-1,793,-2.0
356,move,708,-1,793,-2.0
357,move,750,-1,793,-2.0
358,move,1750,-1,793,-2.0
359,move,1208,-1,793,-2.0
360,move,1208,-1,793,-2.0
361,move,1417,-1,793,-2.0
362,move,1250,-1,793,-2.0
363,move,708,-1,793,-2.0
364,move,750,-1,793,-2.0
365,move,792,-1,793,-2.0
366,move,1083,-1,793,-2.0
367,move,1125,-1,793,-2.0
368,move,792,-1,793,-2.0
369,move,1375,-1,793,-2.0
370,move,791,-1,793,-2.0
371,move,1042,-1,793,-2.0
372,move,792,-1,793,-2.0
373,move,750,-1,793,-2.0
374,move,1458,-1,793,-2.0
375,move,1500,256000,793,0.962041
376,move,1792,-1,793,-2.0
377,insert,375,-1,794,-2.0
378,move,1791,-1,794,-2.0
379,move,1042,-1,794,-2.0
380,move,1042,-1,794,-2.0
381,move,833,-1,794,-2.0
382,move,1000,-1,794,-2.0
383,move,1291,-1,794,-2.0
384,move,750,-1,794,-2.0
385,move,1375,-1,794,-2.0
386,move,833,-1,794,-2.0
387,move,750,-1,794,-2.0
388,move,750,-1,794,-2.0
389,move,750,-1,794,-2.0
390,move,833,-1,794,-2.0
391,move,1292,-1,794,-2.0
392,move,875,-1,794,-2.0
393,move,750,-1,794,-2.0
394,move,750,-1,794,-2.0
395,move,708,-1,794,-2.0
396,move,792,-1,794,-2.0
397,move,750,-1,794,-2.0
398,move,792,-1,794,-2.0
399,move,750,-1,794,-2.0
400,move,1250,254500,794,0.963391
401,move,833,-1,794,-2.0
402,move,1084,-1,794,-2.0
403,move,1458,-1,794,-2.0
404,move,750,-1,794,-2.0
405,move,1291,-1,794,-2.0
406,move,792,-1,794,-2.0
407,move,750,-1,794,-2.0
408,move,833,-1,794,-2.0
409,move,2208,-1,794,-2.0
410,move,917,-1,794,-2.0
411,move,1541,-1,794,-2.0
412,move,875,-1,794,-2.0
413,move,833,-1,794,-2.0
414,move,833,-1,794,-2.0
415,move,959,-1,794,-2.0
416,move,1333,-1,794,-2.0
417,move,1542,-1,794,-2.0
418,move,1292,-1,794,-2.0
419,move,791,-1,794,-2.0
420,move,792,-1,794,-2.0
421,move,1667,-1,794,-2.0
422,move,1375,-1,794,-2.0
423,move,1166,-1,794,-2.0
424,move,959,-1,794,-2.0
425,move,1708,251375,794,0.963038
426,move,917,-1,794,-2.0
427,move,791,-1,794,-2.0
428,move,792,-1,794,-2.0
429,move,791,-1,794,-2.0
430,move,792,-1,794,-2.0
431,move,1250,-1,794,-2.0
432,move,1166,-1,794,-2.0
433,move,875,-1,794,-2.0
434,move,792,-1,794,-2.0
435,move,750,-1,794,-2.0
436,move,1625,-1,794,-2.0
437,move,791,-1,794,-2.0
438,move,1417,-1,794,-2.0
439,move,834,-1,794,-2.0
440,move,833,-1,794,-2.0
441,move,750,-1,794,-2.0
442,move,750,-1,794,-2.0
443,move,1375,-1,794,-2.0
444,move,1208,-1,794,-2.0
445,move,1333,-1,794,-2.0
446,move,875,-1,794,-2.0
447,move,1625,-1,794,-2.0
448,move,875,-1,794,-2.0
449,move,833,-1,794,-2.0
450,move,875,252208,794,0.961196
451,move,1458,-1,794,-2.0
452,move,916,-1,794,-2.0
453,move,875,-1,794,-2.0
454,move,917,-1,794,-2.0
455,move,833,-1,794,-2.0
456,move,1417,-1,794,-2.0
457,move,1583,-1,794,-2.0
458,move,1542,-1,794,-2.0
459,insert,750,-1,795,-2.0
460,move,792,-1,795,-2.0
461,move,1625,-1,795,-2.0
462,move,917,-1,795,-2.0
463,move,833,-1,795,-2.0
464,move,1333,-1,795,-2.0
465,move,792,-1,795,-2.0
466,move,916,-1,795,-2.0
467,move,833,-1,795,-2.0
468,move,750,-1,795,-2.0
469,move,1875,-1,795,-2.0
470,move,2083,-1,795,-2.0
471,move,833,-1,795,-2.0
472,move,875,-1,795,-2.0
473,move,875,-1,795,-2.0
474,move,750,-1,795,-2.0
475,move,1542,252000,795,0.947741
476,move,916,-1,795,-2.0
477,move,791,-1,795,-2.0
478,move,1250,-1,795,-2.0
479,move,792,-1,795,-2.0
480,move,1625,-1,795,-2.0
481,insert,208,-1,796,-2.0
482,move,750,-1,796,-2.0
483,move,875,-1,796,-2.0
484,move,1333,-1,796,-2.0
485,move,1667,-1,796,-2.0
486,move,833,-1,796,-2.0
487,move,875,-1,796,-2.0
488,move,958,-1,796,-2.0
489,move,1459,-1,796,-2.0
490,move,1625,-1,796,-2.0
491,move,750,-1,796,-2.0
492,move,1291,-1,796,-2.0
493,move,1375,-1,796,-2.0
494,move,1292,-1,796,-2.0
495,move,1166,-1,796,-2.0
496,move,1125,-1,796,-2.0
497,move,834,-1,796,-2.0
498,move,916,-1,796,-2.0
499,move,833,-1,796,-2.0
500,move,833,254167,796,0.965314
501,move,917,-1,796,-2.0
502,insert,2083,-1,797,-2.0
503,move,1750,-1,797,-2.0
504,move,875,-1,797,-2.0
505,move,750,-1,797,-2.0
506,move,1417,-1,797,-2.0
507,move,1541,-1,797,-2.0
508,move,1334,-1,797,-2.0
509,move,1209,-1,797,-2.0
510,insert,708,-1,798,-2.0
511,move,833,-1,798,-2.0
512,move,791,-1,798,-2.0
513,move,875,-1,798,-2.0
514,move,2375,-1,798,-2.0
515,move,1459,-1,798,-2.0
516,move,875,-1,798,-2.0
517,move,791,-1,798,-2.0
518,move,2333,-1,798,-2.0
519,move,834,-1,798,-2.0
520,move,917,-1,798,-2.0
521,move,833,-1,798,-2.0
522,move,917,-1,798,-2.0
523,move,917,-1,798,-2.0
524,move,1292,-1,798,-2.0
525,move,833,256834,798,0.966242
526,move,833,-1,798,-2.0
527,move,1542,-1,798,-2.0
528,move,875,-1,798,-2.0
529,move,834,-1,798,-2.0
530,move,1625,-1,798,-2.0
531,move,1500,-1,798,-2.0
532,move,1416,-1,798,-2.0
533,move,917,-1,798,-2.0
534,move,833,-1,798,-2.0
535,move,1417,-1,798,-2.0
536,move,1750,-1,798,-2.0
537,move,1333,-1,798,-2.0
538,move,833,-1,798,-2.0
539,move,1417,-1,798,-2.0
540,move,1208,-1,798,-2.0
541,move,792,-1,798,-2.0
542,move,834,-1,798,-2.0
543,move,917,-1,798,-2.0
544,move,792,-1,798,-2.0
545,move,875,-1,798,-2.0
546,move,833,-1,798,-2.0
547,move,834,-1,798,-2.0
548,move,2542,-1,798,-2.0
549,move,750,-1,798,-2.0
550,move,1292,258292,798,0.961501
551,move,834,-1,798,-2.0
552,move,834,-1,798,-2.0
553,move,792,-1,798,-2.0
554,move,2167,-1,798,-2.0
555,move,1584,-1,798,-2.0
556,move,958,-1,798,-2.0
557,move,875,-1,798,-2.0
558,move,875,-1,798,-2.0
559,move,1583,-1,798,-2.0
560,move,1000,-1,798,-2.0
561,move,875,-1,798,-2.0
562,move,1000,-1,798,-2.0
563,move,1458,-1,798,-2.0
564,move,750,-1,798,-2.0
565,move,833,-1,798,-2.0
566,move,1500,-1,798,-2.0
567,move,833,-1,798,-2.0
568,move,834,-1,798,-2.0
569,move,1291,-1,798,-2.0
570,move,834,-1,798,-2.0
571,move,875,-1,798,-2.0
572,move,3250,-1,798,-2.0
573,move,1709,-1,798,-2.0
574,move,1500,-1,798,-2.0
575,move,833,250625,798,0.959679
576,move,917,-1,798,-2.0
577,move,875,-1,798,-2.0
578,move,833,-1,798,-2.0
579,move,1666,-1,798,-2.0
580,move,875,-1,798,-2.0
581,move,792,-1,798,-2.0
582,move,917,-1,798,-2.0
583,move,2416,-1,798,-2.0
584,move,875,-1,798,-2.0
585,move,1750,-1,798,-2.0
586,move,791,-1,798,-2.0
587,move,2042,-1,798,-2.0
588,move,1583,-1,798,-2.0
589,move,1042,-1,798,-2.0
590,move,833,-1,798,-2.0
591,move,792,-1,798,-2.0
592,move,1917,-1,798,-2.0
593,move,791,-1,798,-2.0
594,move,1459,-1,798,-2.0
595,move,791,-1,798,-2.0
596,move,959,-1,798,-2.0
597,move,833,-1,798,-2.0
598,move,917,-1,798,-2.0
599,move,916,-1,798,-2.0
600,move,834,254125,798,0.959739
601,move,875,-1,798,-2.0
602,move,1209,-1,798,-2.0
603,move,833,-1,798,-2.0
604,move,791,-1,798,-2.0
605,move,2334,-1,798,-2.0
606,move,1500,-1,798,-2.0
607,move,750,-1,798,-2.0
608,move,833,-1,798,-2.0
609,move,1583,-1,798,-2.0
610,move,791,-1,798,-2.0
611,move,1625,-1,798,-2.0
612,move,1625,-1,798,-2.0
613,move,833,-1,798,-2.0
614,move,875,-1,798,-2.0
615,move,2208,-1,798,-2.0
616,move,791,-1,798,-2.0
617,move,792,-1,798,-2.0
618,move,792,-1,798,-2.0
619,move,916,-1,798,-2.0
620,move,1708,-1,798,-2.0
621,move,1459,-1,798,-2.0
622,move,959,-1,798,-2.0
623,move,875,-1,798,-2.0
624,move,1667,-1,798,-2.0
625,move,1500,252375,798,0.955479
626,move,1750,-1,798,-2.0
627,move,833,-1,798,-2.0
628,move,834,-1,798,-2.0
629,move,917,-1,798,-2.0
630,move,833,-1,798,-2.0
631,move,917,-1,798,-2.0
632,move,750,-1,798,-2.0
633,move,1416,-1,798,-2.0
634,move,875,-1,798,-2.0
635,move,833,-1,798,-2.0
636,move,834,-1,798,-2.0
637,move,916,-1,798,-2.0
638,move,792,-1,798,-2.0
639,move,1416,-1,798,-2.0
640,move,1625,-1,798,-2.0
641,move,875,-1,798,-2.0
642,move,833,-1,798,-2.0
643,move,1708,-1,798,-2.0
644,move,1584,-1,798,-2.0
645,move,916,-1,798,-2.0
646,move,834,-1,798,-2.0
647,move,875,-1,798,-2.0
648,move,750,-1,798,-2.0
649,move,791,-1,798,-2.0
650,move,1000,251000,798,0.956114
651,move,2333,-1,798,-2.0
652,move,834,-1,798,-2.0
653,move,1583,-1,798,-2.0
654,move,1500,-1,798,-2.0
655,move,958,-1,798,-2.0
656,move,1959,-1,798,-2.0
657,move,833,-1,798,-2.0
658,move,792,-1,798,-2.0
659,move,959,-1,798,-2.0
660,move,1625,-1,798,-2.0
661,move,1667,-1,798,-2.0
662,move,792,-1,798,-2.0
663,move,791,-1,798,-2.0
664,move,875,-1,798,-2.0
665,move,834,-1,798,-2.0
666,move,1708,-1,798,-2.0
667,move,1042,-1,798,-2.0
668,move,1458,-1,798,-2.0
669,move,916,-1,798,-2.0
670,move,833,-1,798,-2.0
671,move,875,-1,798,-2.0
672,move,1417,-1,798,-2.0
673,move,1500,-1,798,-2.0
674,move,1625,-1,798,-2.0
675,move,1334,253083,798,0.958791
676,move,875,-1,798,-2.0
677,move,916,-1,798,-2.0
678,move,792,-1,798,-2.0
679,move,875,-1,798,-2.0
680,move,1375,-1,798,-2.0
681,move,958,-1,798,-2.0
682,move,875,-1,798,-2.0
683,move,792,-1,798,-2.0
684,move,1708,-1,798,-2.0
685,move,1041,-1,798,-2.0
686,move,833,-1,798,-2.0
687,move,1458,-1,798,-2.0
688,move,958,-1,798,-2.0
689,move,875,-1,798,-2.0
690,move,1041,-1,798,-2.0
691,move,1583,-1,798,-2.0
692,move,834,-1,798,-2.0
693,move,875,-1,798,-2.0
694,move,1375,-1,798,-2.0
695,move,958,-1,798,-2.0
696,move,1459,-1,798,-2.0
697,move,875,-1,798,-2.0
698,move,875,-1,798,-2.0
699,move,1500,-1,798,-2.0
700,move,916,247958,798,0.960541
701,move,1000,-1,798,-2.0
702,move,1375,-1,798,-2.0
703,move,958,-1,798,-2.0
704,move,1459,-1,798,-2.0
705,move,958,-1,798,-2.0
706,move,833,-1,798,-2.0
707,move,875,-1,798,-2.0
708,move,2375,-1,798,-2.0
709,move,1500,-1,798,-2.0
710,move,958,-1,798,-2.0
711,move,916,-1,798,-2.0
712,move,1000,-1,798,-2.0
713,move,917,-1,798,-2.0
714,move,958,-1,798,-2.0
715,move,917,-1,798,-2.0
716,move,875,-1,798,-2.0
717,move,917,-1,798,-2.0
718,move,875,-1,798,-2.0
719,move,916,-1,798,-2.0
720,move,1500,-1,798,-2.0
721,move,834,-1,798,-2.0
722,insert,209,-1,799,-2.0
723,move,917,-1,799,-2.0
724,move,875,-1,799,-2.0
725,move,916,249000,799,0.954729
726,move,917,-1,799,-2.0
727,move,1542,-1,799,-2.0
728,move,1000,-1,799,-2.0
729,move,792,-1,799,-2.0
730,move,792,-1,799,-2.0
731,move,1625,-1,799,-2.0
732,move,1375,-1,799,-2.0
733,move,875,-1,799,-2.0
734,move,916,-1,799,-2.0
735,move,1375,-1,799,-2.0
736,move,1792,-1,799,-2.0
737,move,792,-1,799,-2.0
738,move,1250,-1,799,-2.0
739,move,1750,-1,799,-2.0
740,move,1000,-1,799,-2.0
741,move,2417,-1,799,-2.0
742,move,875,-1,799,-2.0
743,move,1750,-1,799,-2.0
744,move,833,-1,799,-2.0
745,move,875,-1,799,-2.0
746,move,1583,-1,799,-2.0
747,move,958,-1,799,-2.0
748,move,1542,-1,799,-2.0
749,move,917,-1,799,-2.0
750,move,917,247583,799,0.9597
751,move,2250,-1,799,-2.0
752,move,1625,-1,799,-2.0
753,move,875,-1,799,-2.0
754,move,959,-1,799,-2.0
755,move,834,-1,799,-2.0
756,move,833,-1,799,-2.0
757,move,875,-1,799,-2.0
758,move,875,-1,799,-2.0
759,move,916,-1,799,-2.0
760,move,958,-1,799,-2.0
761,move,917,-1,799,-2.0
762,move,875,-1,799,-2.0
763,move,833,-1,799,-2.0
764,move,917,-1,799,-2.0
765,move,917,-1,799,-2.0
766,move,1125,-1,799,-2.0
767,move,917,-1,799,-2.0
768,move,1000,-1,799,-2.0
769,move,2125,-1,799,-2.0
770,move,917,-1,799,-2.0
771,move,834,-1,799,-2.0
772,move,1625,-1,799,-2.0
773,move,917,-1,799,-2.0
774,move,1583,-1,799,-2.0
775,move,1542,254792,799,0.956405
776,move,1000,-1,799,-2.0
777,move,958,-1,799,-2.0
778,move,1333,-1,799,-2.0
779,move,917,-1,799,-2.0
780,move,958,-1,799,-2.0
781,move,1666,-1,799,-2.0
782,move,834,-1,799,-2.0
783,move,1583,-1,799,-2.0
784,move,2083,-1,799,-2.0
785,move,2375,-1,799,-2.0
786,move,917,-1,799,-2.0
787,move,916,-1,799,-2.0
788,move,917,-1,799,-2.0
789,move,875,-1,799,-2.0
790,move,792,-1,799,-2.0
791,move,875,-1,799,-2.0
792,move,875,-1,799,-2.0
793,delete,750,-1,798,-2.0
794,move,958,-1,798,-2.0
795,move,834,-1,798,-2.0
796,move,1000,-1,798,-2.0
797,move,916,-1,798,-2.0
798,move,792,-1,798,-2.0
799,move,833,-1,798,-2.0
800,move,875,246042,798,0.959785
801,move,958,-1,798,-2.0
802,move,916,-1,798,-2.0
803,move,834,-1,798,-2.0
804,move,875,-1,798,-2.0
805,move,1667,-1,798,-2.0
806,move,1416,-1,798,-2.0
807,move,875,-1,798,-2.0
808,move,959,-1,798,-2.0
809,move,833,-1,798,-2.0
810,move,833,-1,798,-2.0
811,move,1708,-1,798,-2.0
812,move,2042,-1,798,-2.0
813,move,875,-1,798,-2.0
814,move,1166,-1,798,-2.0
815,move,1458,-1,798,-2.0
816,move,917,-1,798,-2.0
817,move,958,-1,798,-2.0
818,move,875,-1,798,-2.0
819,move,958,-1,798,-2.0
820,move,833,-1,798,-2.0
821,move,959,-1,798,-2.0
822,move,875,-1,798,-2.0
823,move,833,-1,798,-2.0
824,move,1708,-1,798,-2.0
825,move,958,248333,798,0.956734
826,move,1041,-1,798,-2.0
827,move,1000,-1,798,-2.0
828,move,792,-1,798,-2.0
829,move,917,-1,798,-2.0
830,move,875,-1,798,-2.0
831,move,833,-1,798,-2.0
832,move,2458,-1,798,-2.0
833,move,875,-1,798,-2.0
834,move,2250,-1,798,-2.0
835,move,1000,-1,798,-2.0
836,move,958,-1,798,-2.0
837,insert,1500,-1,799,-2.0
838,move,958,-1,799,-2.0
839,move,875,-1,799,-2.0
840,move,917,-1,799,-2.0
841,move,1000,-1,799,-2.0
842,move,1792,-1,799,-2.0
843,move,958,-1,799,-2.0
844,move,1042,-1,799,-2.0
845,move,958,-1,799,-2.0
846,move,1583,-1,799,-2.0
847,move,1959,-1,799,-2.0
848,move,959,-1,799,-2.0
849,move,875,-1,799,-2.0
850,move,875,253083,799,0.796542
851,move,1000,-1,799,-2.0
852,move,917,-1,799,-2.0
853,move,875,-1,799,-2.0
854,move,916,-1,799,-2.0
855,move,1000,-1,799,-2.0
856,move,1583,-1,799,-2.0
857,move,1000,-1,799,-2.0
858,move,875,-1,799,-2.0
859,move,2291,-1,799,-2.0
860,move,917,-1,799,-2.0
861,move,833,-1,799,-2.0
862,move,958,-1,799,-2.0
863,move,1500,-1,799,-2.0
864,move,1500,-1,799,-2.0
865,move,958,-1,799,-2.0
866,insert,917,-1,800,-2.0
867,move,959,-1,800,-2.0
868,move,916,-1,800,-2.0
869,move,959,-1,800,-2.0
870,move,917,-1,800,-2.0
871,move,958,-1,800,-2.0
872,move,1000,-1,800,-2.0
873,move,1000,-1,800,-2.0
874,move,1000,-1,800,-2.0
875,move,916,274708,800,0.795113
876,move,1083,-1,800,-2.0
877,move,1000,-1,800,-2.0
878,move,1084,-1,800,-2.0
879,move,959,-1,800,-2.0
880,move,2000,-1,800,-2.0
881,move,1041,-1,800,-2.0
882,move,1000,-1,800,-2.0
883,move,1209,-1,800,-2.0
884,move,1000,-1,800,-2.0
885,move,1041,-1,800,-2.0
886,move,916,-1,800,-2.0
887,move,1125,-1,800,-2.0
888,move,1042,-1,800,-2.0
889,move,2375,-1,800,-2.0
890,move,1000,-1,800,-2.0
891,move,1042,-1,800,-2.0
892,delete,875,-1,799,-2.0
893,move,1083,-1,799,-2.0
894,delete,791,-1,798,-2.0
895,move,1083,-1,798,-2.0
896,move,1084,-1,798,-2.0
897,move,1084,-1,798,-2.0
898,move,1875,-1,798,-2.0
899,move,958,-1,798,-2.0
900,move,1000,269291,798,0.79551
901,move,1167,-1,798,-2.0
902,move,2000,-1,798,-2.0
903,move,959,-1,798,-2.0
904,insert,1834,-1,799,-2.0
905,move,959,-1,799,-2.0
906,move,916,-1,799,-2.0
907,move,959,-1,799,-2.0
908,move,917,-1,799,-2.0
909,move,958,-1,799,-2.0
910,move,1583,-1,799,-2.0
911,move,917,-1,799,-2.0
912,move,958,-1,799,-2.0
913,move,1458,-1,799,-2.0
914,move,1042,-1,799,-2.0
915,move,917,-1,799,-2.0
916,move,917,-1,799,-2.0
917,move,958,-1,799,-2.0
918,move,917,-1,799,-2.0
919,move,1041,-1,799,-2.0
920,move,1459,-1,799,-2.0
921,move,1875,-1,799,-2.0
922,move,2083,-1,799,-2.0
923,move,1000,-1,799,-2.0
924,move,875,-1,799,-2.0
925,move,958,247250,799,0.796323
926,move,1000,-1,799,-2.0
927,move,958,-1,799,-2.0
928,move,959,-1,799,-2.0
929,move,917,-1,799,-2.0
930,move,2333,-1,799,-2.0
931,move,1625,-1,799,-2.0
932,move,1000,-1,799,-2.0
933,move,875,-1,799,-2.0
934,move,959,-1,799,-2.0
935,move,1000,-1,799,-2.0
936,move,958,-1,799,-2.0
937,move,958,-1,799,-2.0
938,move,959,-1,799,-2.0
939,move,916,-1,799,-2.0
940,move,917,-1,799,-2.0
941,move,916,-1,799,-2.0
942,move,1250,-1,799,-2.0
943,move,959,-1,799,-2.0
944,delete,750,-1,798,-2.0
945,move,1000,-1,798,-2.0
946,move,1833,-1,798,-2.0
947,move,1000,-1,798,-2.0
948,move,959,-1,798,-2.0
949,move,917,-1,798,-2.0
950,move,916,251792,798,0.797183
951,move,1875,-1,798,-2.0
952,move,958,-1,798,-2.0
953,move,1000,-1,798,-2.0
954,move,917,-1,798,-2.0
955,move,1666,-1,798,-2.0
956,move,1000,-1,798,-2.0
957,move,958,-1,798,-2.0
958,move,1042,-1,798,-2.0
959,move,1042,-1,798,-2.0
960,move,875,-1,798,-2.0
961,move,2166,-1,798,-2.0
962,move,1084,-1,798,-2.0
963,move,1000,-1,798,-2.0
964,move,1500,-1,798,-2.0
965,move,958,-1,798,-2.0
966,move,958,-1,798,-2.0
967,move,1000,-1,798,-2.0
968,move,958,-1,798,-2.0
969,move,1042,-1,798,-2.0
970,move,2250,-1,798,-2.0
971,move,1000,-1,798,-2.0
972,move,958,-1,798,-2.0
973,move,875,-1,798,-2.0
974,move,958,-1,798,-2.0
975,move,1125,250084,798,0.79648
976,move,1166,-1,798,-2.0
977,move,958,-1,798,-2.0
978,insert,1000,-1,799,-2.0
979,move,1000,-1,799,-2.0
980,move,959,-1,799,-2.0
981,move,1000,-1,799,-2.0
982,move,1042,-1,799,-2.0
983,move,1000,-1,799,-2.0
984,move,1000,-1,799,-2.0
985,move,1583,-1,799,-2.0
986,move,958,-1,799,-2.0
987,move,1167,-1,799,-2.0
988,move,1000,-1,799,-2.0
989,move,916,-1,799,-2.0
990,move,875,-1,799,-2.0
991,move,1750,-1,799,-2.0
992,move,2583,-1,799,-2.0
993,move,1125,-1,799,-2.0
994,move,958,-1,799,-2.0
995,move,959,-1,799,-2.0
996,move,958,-1,799,-2.0
997,move,1083,-1,799,-2.0
998,move,1500,-1,799,-2.0
999,move,1834,-1,799,-2.0
1000,move,1042,274291,799,0.787913
1001,move,1917,-1,799,-2.0
1002,move,1208,-1,799,-2.0
1003,move,1125,-1,799,-2.0
1004,move,1084,-1,799,-2.0
1005,move,1042,-1,799,-2.0
1006,insert,1791,-1,800,-2.0
1007,move,1125,-1,800,-2.0
1008,move,1250,-1,800,-2.0
1009,move,1083,-1,800,-2.0
1010,move,1958,-1,800,-2.0
1011,move,1250,-1,800,-2.0
1012,move,1667,-1,800,-2.0
1013,move,1083,-1,800,-2.0
1014,move,1083,-1,800,-2.0
1015,move,1125,-1,800,-2.0
1016,move,2542,-1,800,-2.0
1017,move,1042,-1,800,-2.0
1018,move,1250,-1,800,-2.0
1019,move,1083,-1,800,-2.0
1020,move,2042,-1,800,-2.0
1021,move,1042,-1,800,-2.0
1022,move,2125,-1,800,-2.0
1023,move,1042,-1,800,-2.0
1024,move,1125,-1,800,-2.0
1025,move,1042,273167,800,0.786288
1026,move,1958,-1,800,-2.0
1027,move,1042,-1,800,-2.0
1028,move,1000,-1,800,-2.0
1029,move,1042,-1,800,-2.0
1030,move,1000,-1,800,-2.0
1031,move,1083,-1,800,-2.0
1032,move,1125,-1,800,-2.0
1033,move,1125,-1,800,-2.0
1034,move,1833,-1,800,-2.0
1035,move,1042,-1,800,-2.0
1036,move,959,-1,800,-2.0
1037,move,959,-1,800,-2.0
1038,move,1000,-1,800,-2.0
1039,move,1916,-1,800,-2.0
1040,move,1000,-1,800,-2.0
1041,move,2375,-1,800,-2.0
1042,move,1708,-1,800,-2.0
1043,move,1333,-1,800,-2.0
1044,move,1000,-1,800,-2.0
1045,move,1500,-1,800,-2.0
1046,move,1083,-1,800,-2.0
1047,move,2292,-1,800,-2.0
1048,move,1833,-1,800,-2.0
1049,move,917,-1,800,-2.0
1050,move,1000,265459,800,0.794555
1051,move,1042,-1,800,-2.0
1052,move,1083,-1,800,-2.0
1053,move,1041,-1,800,-2.0
1054,move,1167,-1,800,-2.0
1055,move,1750,-1,800,-2.0
1056,move,1000,-1,800,-2.0
1057,move,2000,-1,800,-2.0
1058,move,1791,-1,800,-2.0
1059,delete,958,-1,799,-2.0
1060,move,1125,-1,799,-2.0
1061,move,1417,-1,799,-2.0
1062,move,1042,-1,799,-2.0
1063,move,1042,-1,799,-2.0
1064,move,1083,-1,799,-2.0
1065,move,1042,-1,799,-2.0
1066,move,1666,-1,799,-2.0
1067,move,1000,-1,799,-2.0
1068,move,1083,-1,799,-2.0
1069,move,1000,-1,799,-2.0
1070,move,1708,-1,799,-2.0
1071,move,1834,-1,799,-2.0
1072,move,1334,-1,799,-2.0
1073,move,1166,-1,799,-2.0
1074,move,1000,-1,799,-2.0
1075,move,1959,261542,799,0.791764
1076,move,1083,-1,799,-2.0
1077,move,1041,-1,799,-2.0
1078,move,1709,-1,799,-2.0
1079,move,959,-1,799,-2.0
1080,move,958,-1,799,-2.0
1081,move,1000,-1,799,-2.0
1082,move,2125,-1,799,-2.0
1083,move,1083,-1,799,-2.0
1084,move,1625,-1,799,-2.0
1085,move,958,-1,799,-2.0
1086,insert,1333,-1,800,-2.0
1087,move,958,-1,800,-2.0
1088,move,1083,-1,800,-2.0
1089,move,1041,-1,800,-2.0
1090,move,1084,-1,800,-2.0
1091,move,1083,-1,800,-2.0
1092,move,1042,-1,800,-2.0
1093,move,1625,-1,800,-2.0
1094,move,1084,-1,800,-2.0
1095,move,2000,-1,800,-2.0
1096,move,2833,-1,800,-2.0
1097,move,2041,-1,800,-2.0
1098,move,1208,-1,800,-2.0
1099,move,1084,-1,800,-2.0
1100,move,1125,268167,800,0.793181
1101,move,1792,-1,800,-2.0
1102,move,1083,-1,800,-2.0
1103,move,1000,-1,800,-2.0
1104,move,2375,-1,800,-2.0
1105,move,1041,-1,800,-2.0
1106,move,1000,-1,800,-2.0
1107,move,1000,-1,800,-2.0
1108,move,958,-1,800,-2.0
1109,move,1041,-1,800,-2.0
1110,move,1875,-1,800,-2.0
1111,move,1959,-1,800,-2.0
1112,move,1250,-1,800,-2.0
1113,move,2958,-1,800,-2.0
1114,move,1959,-1,800,-2.0
1115,move,1708,-1,800,-2.0
1116,move,1125,-1,800,-2.0
1117,move,1667,-1,800,-2.0
1118,move,1875,-1,800,-2.0
1119,move,1041,-1,800,-2.0
1120,move,1000,-1,800,-2.0
1121,move,1042,-1,800,-2.0
1122,move,2208,-1,800,-2.0
1123,move,1042,-1,800,-2.0
1124,move,2708,-1,800,-2.0
1125,move,1250,292500,800,0.764416
1126,move,1167,-1,800,-2.0
1127,move,1208,-1,800,-2.0
1128,move,2208,-1,800,-2.0
1129,move,1542,-1,800,-2.0
1130,move,1709,-1,800,-2.0
1131,move,1167,-1,800,-2.0
1132,move,1125,-1,800,-2.0
1133,move,2041,-1,800,-2.0
1134,move,1083,-1,800,-2.0
1135,move,1125,-1,800,-2.0
1136,move,1125,-1,800,-2.0
1137,move,1083,-1,800,-2.0
1138,move,1375,-1,800,-2.0
1139,move,1875,-1,800,-2.0
1140,move,1208,-1,800,-2.0
1141,move,1708,-1,800,-2.0
1142,move,1167,-1,800,-2.0
1143,move,1083,-1,800,-2.0
1144,move,1125,-1,800,-2.0
1145,move,1209,-1,800,-2.0
1146,move,2209,-1,800,-2.0
1147,move,1125,-1,800,-2.0
1148,move,1958,-1,800,-2.0
1149,move,1875,-1,800,-2.0
1150,move,1208,288584,800,0.708167
1151,move,1167,-1,800,-2.0
1152,move,1000,-1,800,-2.0
1153,move,1792,-1,800,-2.0
1154,move,2167,-1,800,-2.0
1155,move,1042,-1,800,-2.0
1156,move,1042,-1,800,-2.0
1157,move,1291,-1,800,-2.0
1158,move,1917,-1,800,-2.0
1159,move,1000,-1,800,-2.0
1160,move,1000,-1,800,-2.0
1161,move,1042,-1,800,-2.0
1162,move,1625,-1,800,-2.0
1163,move,1333,-1,800,-2.0
1164,move,1250,-1,800,-2.0
1165,move,1417,-1,800,-2.0
1166,move,1083,-1,800,-2.0
1167,move,2417,-1,800,-2.0
1168,move,1083,-1,800,-2.0
1169,move,1083,-1,800,-2.0
1170,move,1125,-1,800,-2.0
1171,move,1916,-1,800,-2.0
1172,move,1167,-1,800,-2.0
1173,move,1041,-1,800,-2.0
1174,delete,792,-1,799,-2.0
1175,move,1791,256208,799,0.651246
1176,move,1625,-1,799,-2.0
1177,move,1084,-1,799,-2.0
1178,move,1084,-1,799,-2.0
1179,move,1042,-1,799,-2.0
1180,move,1708,-1,799,-2.0
1181,move,1125,-1,799,-2.0
1182,move,1042,-1,799,-2.0
1183,move,1042,-1,799,-2.0
1184,move,1000,-1,799,-2.0
1185,move,1083,-1,799,-2.0
1186,move,1417,-1,799,-2.0
1187,move,1084,-1,799,-2.0
1188,move,1125,-1,799,-2.0
1189,move,1041,-1,799,-2.0
1190,move,1084,-1,799,-2.0
1191,move,1041,-1,799,-2.0
1192,move,1000,-1,799,-2.0
1193,move,2583,-1,799,-2.0
1194,move,1083,-1,799,-2.0
1195,move,1625,-1,799,-2.0
1196,move,1083,-1,799,-2.0
1197,move,1958,-1,799,-2.0
1198,move,1958,-1,799,-2.0
1199,move,1042,-1,799,-2.0
1200,move,1625,254667,799,0.654734
1201,move,1125,-1,799,-2.0
1202,move,1084,-1,799,-2.0
1203,move,1042,-1,799,-2.0
1204,move,1000,-1,799,-2.0
1205,move,1000,-1,799,-2.0
1206,move,1083,-1,799,-2.0
1207,move,1917,-1,799,-2.0
1208,move,2583,-1,799,-2.0
1209,move,1125,-1,799,-2.0
1210,move,1084,-1,799,-2.0
1211,move,1125,-1,799,-2.0
1212,insert,1083,-1,800,-2.0
1213,move,2125,-1,800,-2.0
1214,move,1125,-1,800,-2.0
1215,move,1083,-1,800,-2.0
1216,move,1125,-1,800,-2.0
1217,move,1041,-1,800,-2.0
1218,move,2458,-1,800,-2.0
1219,move,1708,-1,800,-2.0
1220,move,2084,-1,800,-2.0
1221,move,1750,-1,800,-2.0
1222,move,1084,-1,800,-2.0
1223,move,1958,-1,800,-2.0
1224,move,1042,-1,800,-2.0
1225,move,1042,287542,800,0.651679
1226,move,1459,-1,800,-2.0
1227,move,1333,-1,800,-2.0
1228,move,2375,-1,800,-2.0
1229,move,1250,-1,800,-2.0
1230,move,3250,-1,800,-2.0
1231,move,2667,-1,800,-2.0
1232,move,2208,-1,800,-2.0
1233,move,1500,-1,800,-2.0
1234,move,2291,-1,800,-2.0
1235,move,1125,-1,800,-2.0
1236,move,2417,-1,800,-2.0
1237,move,1375,-1,800,-2.0
1238,move,1333,-1,800,-2.0
1239,move,2208,-1,800,-2.0
1240,move,1958,-1,800,-2.0
1241,move,3167,-1,800,-2.0
1242,move,2375,-1,800,-2.0
1243,move,1416,-1,800,-2.0
1244,move,1292,-1,800,-2.0
1245,move,1458,-1,800,-2.0
1246,move,1416,-1,800,-2.0
1247,move,1333,-1,800,-2.0
1248,move,1166,-1,800,-2.0
1249,move,1750,-1,800,-2.0
1250,move,1916,273625,800,0.652159
1251,move,3833,-1,800,-2.0
1252,move,1417,-1,800,-2.0
1253,move,2416,-1,800,-2.0
1254,move,1334,-1,800,-2.0
1255,move,2084,-1,800,-2.0
1256,move,2083,-1,800,-2.0
1257,move,1584,-1,800,-2.0
1258,delete,1000,-1,799,-2.0
1259,move,1375,-1,799,-2.0
1260,move,1375,-1,799,-2.0
1261,move,2042,-1,799,-2.0
1262,move,1375,-1,799,-2.0
1263,move,2041,-1,799,-2.0
1264,move,1042,-1,799,-2.0
1265,move,1750,-1,799,-2.0
1266,move,1084,-1,799,-2.0
1267,insert,1291,-1,800,-2.0
1268,move,1125,-1,800,-2.0
1269,move,1041,-1,800,-2.0
1270,move,1750,-1,800,-2.0
1271,move,1125,-1,800,-2.0
1272,move,1042,-1,800,-2.0
1273,move,1083,-1,800,-2.0
1274,move,1042,-1,800,-2.0
1275,move,1083,247250,800,0.6517
1276,move,1958,-1,800,-2.0
1277,move,2208,-1,800,-2.0
1278,move,14750,-1,800,-2.0
1279,move,1292,-1,800,-2.0
1280,move,2458,-1,800,-2.0
1281,insert,1167,-1,801,-2.0
1282,move,1084,-1,801,-2.0
1283,move,2042,-1,801,-2.0
1284,move,1083,-1,801,-2.0
1285,move,1041,-1,801,-2.0
1286,move,1083,-1,801,-2.0
1287,move,1042,-1,801,-2.0
1288,move,1875,-1,801,-2.0
1289,move,1292,-1,801,-2.0
1290,move,1042,-1,801,-2.0
1291,move,1042,-1,801,-2.0
1292,move,2250,-1,801,-2.0
1293,move,1000,-1,801,-2.0
1294,move,1666,-1,801,-2.0
1295,move,1542,-1,801,-2.0
1296,move,1084,-1,801,-2.0
1297,move,1042,-1,801,-2.0
1298,move,1459,-1,801,-2.0
1299,move,1125,-1,801,-2.0
1300,move,1084,245875,801,0.652009
1301,move,1125,-1,801,-2.0
1302,move,1666,-1,801,-2.0
1303,move,1125,-1,801,-2.0
1304,move,1084,-1,801,-2.0
1305,move,1083,-1,801,-2.0
1306,move,1083,-1,801,-2.0
1307,move,1125,-1,801,-2.0
1308,move,1875,-1,801,-2.0
1309,move,1917,-1,801,-2.0
1310,move,1041,-1,801,-2.0
1311,move,1667,-1,801,-2.0
1312,move,2375,-1,801,-2.0
1313,move,1209,-1,801,-2.0
1314,move,1041,-1,801,-2.0
1315,move,1709,-1,801,-2.0
1316,move,1542,-1,801,-2.0
1317,move,1083,-1,801,-2.0
1318,move,1125,-1,801,-2.0
1319,move,1041,-1,801,-2.0
1320,move,1209,-1,801,-2.0
1321,move,1084,-1,801,-2.0
1322,move,1084,-1,801,-2.0
1323,move,1041,-1,801,-2.0
1324,move,1041,-1,801,-2.0
1325,move,2000,243500,801,0.679806
1326,move,1166,-1,801,-2.0
1327,move,1125,-1,801,-2.0
1328,move,1708,-1,801,-2.0
1329,move,1042,-1,801,-2.0
1330,move,2083,-1,801,-2.0
1331,move,1042,-1,801,-2.0
1332,move,1125,-1,801,-2.0
1333,move,1041,-1,801,-2.0
1334,move,1084,-1,801,-2.0
1335,move,1875,-1,801,-2.0
1336,move,2000,-1,801,-2.0
1337,move,1083,-1,801,-2.0
1338,move,2083,-1,801,-2.0
1339,move,1042,-1,801,-2.0
1340,move,1083,-1,801,-2.0
1341,move,1083,-1,801,-2.0
1342,move,1000,-1,801,-2.0
1343,move,1042,-1,801,-2.0
1344,move,1750,-1,801,-2.0
1345,move,1041,-1,801,-2.0
1346,move,1167,-1,801,-2.0
1347,move,1000,-1,801,-2.0
1348,move,1083,-1,801,-2.0
1349,move,1167,-1,801,-2.0
1350,move,1167,242500,801,0.646761
1351,move,1167,-1,801,-2.0
1352,move,1833,-1,801,-2.0
1353,move,1750,-1,801,-2.0
1354,move,1625,-1,801,-2.0
1355,move,1625,-1,801,-2.0
1356,move,1042,-1,801,-2.0
1357,move,1042,-1,801,-2.0
1358,move,1125,-1,801,-2.0
1359,move,1041,-1,801,-2.0
1360,move,1834,-1,801,-2.0
1361,move,1042,-1,801,-2.0
1362,move,1042,-1,801,-2.0
1363,move,1458,-1,801,-2.0
1364,move,1041,-1,801,-2.0
1365,delete,834,-1,800,-2.0
1366,move,1834,-1,800,-2.0
1367,move,1083,-1,800,-2.0
1368,move,1083,-1,800,-2.0
1369,move,1042,-1,800,-2.0
1370,move,1000,-1,800,-2.0
1371,move,1709,-1,800,-2.0
1372,move,1333,-1,800,-2.0
1373,move,1083,-1,800,-2.0
1374,move,1500,-1,800,-2.0
1375,move,1958,248750,800,0.649502
1376,move,1084,-1,800,-2.0
1377,move,1083,-1,800,-2.0
1378,move,1084,-1,800,-2.0
1379,move,1000,-1,800,-2.0
1380,move,1625,-1,800,-2.0
1381,move,1125,-1,800,-2.0
1382,move,1541,-1,800,-2.0
1383,move,1083,-1,800,-2.0
1384,move,1083,-1,800,-2.0
1385,insert,208,-1,801,-2.0
1386,move,1667,-1,801,-2.0
1387,move,1042,-1,801,-2.0
1388,move,1333,-1,801,-2.0
1389,move,1209,-1,801,-2.0
1390,move,1083,-1,801,-2.0
1391,move,1084,-1,801,-2.0
1392,move,1833,-1,801,-2.0
1393,move,1041,-1,801,-2.0
1394,move,1750,-1,801,-2.0
1395,move,1666,-1,801,-2.0
1396,move,1125,-1,801,-2.0
1397,move,1084,-1,801,-2.0
1398,move,1166,-1,801,-2.0
1399,move,1875,-1,801,-2.0
1400,move,1042,249417,801,0.651113
1401,move,1084,-1,801,-2.0
1402,move,1709,-1,801,-2.0
1403,move,1083,-1,801,-2.0
1404,move,1125,-1,801,-2.0
1405,move,1084,-1,801,-2.0
1406,move,1000,-1,801,-2.0
1407,move,1125,-1,801,-2.0
1408,move,1083,-1,801,-2.0
1409,move,1042,-1,801,-2.0
1410,move,1167,-1,801,-2.0
1411,move,1584,-1,801,-2.0
1412,move,1000,-1,801,-2.0
1413,move,1083,-1,801,-2.0
1414,move,1083,-1,801,-2.0
1415,move,1667,-1,801,-2.0
1416,move,1083,-1,801,-2.0
1417,move,1083,-1,801,-2.0
1418,move,1125,-1,801,-2.0
1419,move,1833,-1,801,-2.0
1420,move,1875,-1,801,-2.0
1421,move,1125,-1,801,-2.0
1422,move,1125,-1,801,-2.0
1423,move,1083,-1,801,-2.0
1424,move,1000,-1,801,-2.0
1425,move,1708,233875,801,0.645353
1426,move,2208,-1,801,-2.0
1427,move,1041,-1,801,-2.0
1428,move,1083,-1,801,-2.0
1429,move,1083,-1,801,-2.0
1430,move,1084,-1,801,-2.0
1431,move,2750,-1,801,-2.0
1432,move,1125,-1,801,-2.0
1433,move,1584,-1,801,-2.0
1434,move,1875,-1,801,-2.0
1435,move,1125,-1,801,-2.0
1436,move,1042,-1,801,-2.0
1437,move,2292,-1,801,-2.0
1438,move,1083,-1,801,-2.0
1439,move,1500,-1,801,-2.0
1440,move,1083,-1,801,-2.0
1441,move,1125,-1,801,-2.0
1442,move,1083,-1,801,-2.0
1443,move,1709,-1,801,-2.0
1444,move,1916,-1,801,-2.0
1445,move,1250,-1,801,-2.0
1446,move,1042,-1,801,-2.0
1447,move,1458,-1,801,-2.0
1448,move,1834,-1,801,-2.0
1449,move,1125,-1,801,-2.0
1450,move,1042,241541,801,0.652793
1451,move,1166,-1,801,-2.0
1452,move,1167,-1,801,-2.0
1453,move,1125,-1,801,-2.0
1454,move,1500,-1,801,-2.0
1455,move,1083,-1,801,-2.0
1456,move,2084,-1,801,-2.0
1457,move,1375,-1,801,-2.0
1458,move,1083,-1,801,-2.0
1459,move,1125,-1,801,-2.0
1460,move,1917,-1,801,-2.0
1461,move,2042,-1,801,-2.0
1462,move,1167,-1,801,-2.0
1463,move,1083,-1,801,-2.0
1464,insert,1042,-1,802,-2.0
1465,move,1083,-1,802,-2.0
1466,move,1167,-1,802,-2.0
1467,move,1875,-1,802,-2.0
1468,move,1375,-1,802,-2.0
1469,move,1875,-1,802,-2.0
1470,move,1125,-1,802,-2.0
1471,move,1833,-1,802,-2.0
1472,move,1125,-1,802,-2.0
1473,move,1166,-1,802,-2.0
1474,move,1084,-1,802,-2.0
1475,move,1042,243541,802,0.653061
1476,move,1166,-1,802,-2.0
1477,move,1083,-1,802,-2.0
1478,move,2084,-1,802,-2.0
1479,delete,917,-1,801,-2.0
1480,move,1084,-1,801,-2.0
1481,move,1292,-1,801,-2.0
1482,move,1083,-1,801,-2.0
1483,move,1084,-1,801,-2.0
1484,move,2083,-1,801,-2.0
1485,move,2000,-1,801,-2.0
1486,move,1833,-1,801,-2.0
1487,move,1917,-1,801,-2.0
1488,move,1125,-1,801,-2.0
1489,move,1125,-1,801,-2.0
1490,move,1792,-1,801,-2.0
1491,move,1083,-1,801,-2.0
1492,move,1083,-1,801,-2.0
1493,insert,208,-1,802,-2.0
1494,move,2250,-1,802,-2.0
1495,move,1000,-1,802,-2.0
1496,move,1125,-1,802,-2.0
1497,move,2000,-1,802,-2.0
1498,move,1084,-1,802,-2.0
1499,move,1791,-1,802,-2.0
1500,insert,875,249417,803,0.709068
1501,move,1167,-1,803,-2.0
1502,move,6333,-1,803,-2.0
1503,move,2666,-1,803,-2.0
1504,move,1166,-1,803,-2.0
1505,move,2041,-1,803,-2.0
1506,move,1875,-1,803,-2.0
1507,move,1125,-1,803,-2.0
1508,move,1125,-1,803,-2.0
1509,move,1125,-1,803,-2.0
1510,move,1083,-1,803,-2.0
1511,move,1083,-1,803,-2.0
1512,move,2041,-1,803,-2.0
1513,move,1166,-1,803,-2.0
1514,move,1042,-1,803,-2.0
1515,move,1416,-1,803,-2.0
1516,move,1042,-1,803,-2.0
1517,move,1125,-1,803,-2.0
1518,move,2084,-1,803,-2.0
1519,move,1167,-1,803,-2.0
1520,move,1916,-1,803,-2.0
1521,move,1167,-1,803,-2.0
1522,move,1083,-1,803,-2.0
1523,move,1000,-1,803,-2.0
1524,move,1000,-1,803,-2.0
1525,move,1083,242958,803,0.653103
1526,move,1084,-1,803,-2.0
1527,move,1125,-1,803,-2.0
1528,move,1209,-1,803,-2.0
1529,move,1875,-1,803,-2.0
1530,move,1167,-1,803,-2.0
1531,move,1583,-1,803,-2.0
1532,move,1083,-1,803,-2.0
1533,move,2167,-1,803,-2.0
1534,move,1833,-1,803,-2.0
1535,insert,1125,-1,804,-2.0
1536,move,1167,-1,804,-2.0
1537,move,1791,-1,804,-2.0
1538,move,1125,-1,804,-2.0
1539,move,1917,-1,804,-2.0
1540,move,1042,-1,804,-2.0
1541,move,1042,-1,804,-2.0
1542,move,1208,-1,804,-2.0
1543,move,1083,-1,804,-2.0
1544,move,1042,-1,804,-2.0
1545,move,1125,-1,804,-2.0
1546,move,1708,-1,804,-2.0
1547,move,1208,-1,804,-2.0
1548,move,1125,-1,804,-2.0
1549,move,1125,-1,804,-2.0
1550,move,2167,246667,804,0.650146
1551,move,2291,-1,804,-2.0
1552,move,1208,-1,804,-2.0
1553,move,1792,-1,804,-2.0
1554,move,2083,-1,804,-2.0
1555,move,1167,-1,804,-2.0
1556,move,1125,-1,804,-2.0
1557,move,1667,-1,804,-2.0
1558,move,1916,-1,804,-2.0
1559,move,1125,-1,804,-2.0
1560,move,1125,-1,804,-2.0
1561,move,2167,-1,804,-2.0
1562,move,1125,-1,804,-2.0
1563,move,1917,-1,804,-2.0
1564,move,1042,-1,804,-2.0
1565,move,2041,-1,804,-2.0
1566,move,1167,-1,804,-2.0
1567,move,1167,-1,804,-2.0
1568,move,1209,-1,804,-2.0
1569,move,1167,-1,804,-2.0
1570,move,1125,-1,804,-2.0
1571,move,1209,-1,804,-2.0
1572,move,1750,-1,804,-2.0
1573,move,1750,-1,804,-2.0
1574,move,2292,-1,804,-2.0
1575,move,1208,245125,804,0.653926
1576,move,1208,-1,804,-2.0
1577,move,1125,-1,804,-2.0
1578,move,1125,-1,804,-2.0
1579,move,2375,-1,804,-2.0
1580,move,1042,-1,804,-2.0
1581,move,1916,-1,804,-2.0
1582,move,1042,-1,804,-2.0
1583,move,1084,-1,804,-2.0
1584,move,1833,-1,804,-2.0
1585,move,1875,-1,804,-2.0
1586,move,1125,-1,804,-2.0
1587,move,2625,-1,804,-2.0
1588,move,1167,-1,804,-2.0
1589,move,1167,-1,804,-2.0
1590,move,1750,-1,804,-2.0
1591,move,1834,-1,804,-2.0
1592,move,1125,-1,804,-2.0
1593,move,1375,-1,804,-2.0
1594,move,2083,-1,804,-2.0
1595,move,1125,-1,804,-2.0
1596,move,2208,-1,804,-2.0
1597,move,1166,-1,804,-2.0
1598,move,1125,-1,804,-2.0
1599,move,1083,-1,804,-2.0
1600,move,1042,246792,804,0.655234
1601,move,1125,-1,804,-2.0
1602,move,1125,-1,804,-2.0
1603,move,1000,-1,804,-2.0
1604,move,1083,-1,804,-2.0
1605,move,1208,-1,804,-2.0
1606,move,1125,-1,804,-2.0
1607,move,1292,-1,804,-2.0
1608,insert,792,-1,805,-2.0
1609,move,2083,-1,805,-2.0
1610,move,2000,-1,805,-2.0
1611,move,1125,-1,805,-2.0
1612,move,1166,-1,805,-2.0
1613,move,2000,-1,805,-2.0
1614,move,2791,-1,805,-2.0
1615,move,2042,-1,805,-2.0
1616,move,1083,-1,805,-2.0
1617,move,1083,-1,805,-2.0
1618,move,1083,-1,805,-2.0
1619,move,1042,-1,805,-2.0
1620,move,1167,-1,805,-2.0
1621,move,1083,-1,805,-2.0
1622,move,1042,-1,805,-2.0
1623,move,1208,-1,805,-2.0
1624,move,1125,-1,805,-2.0
1625,move,1750,243167,805,0.710271
1626,move,1291,-1,805,-2.0
1627,move,2000,-1,805,-2.0
1628,move,1041,-1,805,-2.0
1629,move,1125,-1,805,-2.0
1630,move,2709,-1,805,-2.0
1631,move,1625,-1,805,-2.0
1632,move,2250,-1,805,-2.0
1633,move,1292,-1,805,-2.0
1634,move,1792,-1,805,-2.0
1635,move,1667,-1,805,-2.0
1636,move,1167,-1,805,-2.0
1637,move,2458,-1,805,-2.0
1638,move,1166,-1,805,-2.0
1639,move,1125,-1,805,-2.0
1640,move,1083,-1,805,-2.0
1641,move,1750,-1,805,-2.0
1642,move,1083,-1,805,-2.0
1643,move,1792,-1,805,-2.0
1644,move,1208,-1,805,-2.0
1645,move,1750,-1,805,-2.0
1646,move,1375,-1,805,-2.0
1647,move,1208,-1,805,-2.0
1648,move,1209,-1,805,-2.0
1649,move,1083,-1,805,-2.0
1650,move,1125,248584,805,0.652429
1651,delete,1000,-1,804,-2.0
1652,move,2000,-1,804,-2.0
1653,move,1833,-1,804,-2.0
1654,move,2875,-1,804,-2.0
1655,move,2000,-1,804,-2.0
1656,move,2084,-1,804,-2.0
1657,move,1916,-1,804,-2.0
1658,move,1667,-1,804,-2.0
1659,move,1166,-1,804,-2.0
1660,move,1250,-1,804,-2.0
1661,insert,1000,-1,805,-2.0
1662,move,2541,-1,805,-2.0
1663,move,1125,-1,805,-2.0
1664,move,1125,-1,805,-2.0
1665,move,1084,-1,805,-2.0
1666,move,1125,-1,805,-2.0
1667,move,1125,-1,805,-2.0
1668,move,1166,-1,805,-2.0
1669,move,2250,-1,805,-2.0
1670,move,2333,-1,805,-2.0
1671,move,1250,-1,805,-2.0
1672,move,1084,-1,805,-2.0
1673,move,1958,-1,805,-2.0
1674,move,1875,-1,805,-2.0
1675,move,1875,250583,805,0.65382
1676,move,1958,-1,805,-2.0
1677,move,1875,-1,805,-2.0
1678,move,2416,-1,805,-2.0
1679,move,1834,-1,805,-2.0
1680,move,1167,-1,805,-2.0
1681,move,1250,-1,805,-2.0
1682,move,2000,-1,805,-2.0
1683,move,1167,-1,805,-2.0
1684,move,1250,-1,805,-2.0
1685,move,1209,-1,805,-2.0
1686,move,1208,-1,805,-2.0
1687,move,1167,-1,805,-2.0
1688,move,1167,-1,805,-2.0
1689,move,1125,-1,805,-2.0
1690,move,1833,-1,805,-2.0
1691,move,1167,-1,805,-2.0
1692,move,1208,-1,805,-2.0
1693,move,1917,-1,805,-2.0
1694,move,1792,-1,805,-2.0
1695,move,2084,-1,805,-2.0
1696,move,2250,-1,805,-2.0
1697,move,2000,-1,805,-2.0
1698,move,1875,-1,805,-2.0
1699,move,1125,-1,805,-2.0
1700,move,1166,252334,805,0.653134
1701,move,1292,-1,805,-2.0
1702,move,2042,-1,805,-2.0
1703,delete,1000,-1,804,-2.0
1704,move,2042,-1,804,-2.0
1705,move,1167,-1,804,-2.0
1706,move,1209,-1,804,-2.0
1707,move,1209,-1,804,-2.0
1708,move,1083,-1,804,-2.0
1709,move,1167,-1,804,-2.0
1710,move,1209,-1,804,-2.0
1711,move,1750,-1,804,-2.0
1712,move,1250,-1,804,-2.0
1713,move,1375,-1,804,-2.0
1714,move,1167,-1,804,-2.0
1715,move,2333,-1,804,-2.0
1716,move,1166,-1,804,-2.0
1717,move,1959,-1,804,-2.0
1718,move,2291,-1,804,-2.0
1719,move,3167,-1,804,-2.0
1720,move,1250,-1,804,-2.0
1721,move,1166,-1,804,-2.0
1722,move,1208,-1,804,-2.0
1723,move,1167,-1,804,-2.0
1724,move,1209,-1,804,-2.0
1725,move,1291,255875,804,0.651016
1726,move,1208,-1,804,-2.0
1727,move,2208,-1,804,-2.0
1728,move,1292,-1,804,-2.0
1729,move,1833,-1,804,-2.0
1730,move,2083,-1,804,-2.0
1731,move,1125,-1,804,-2.0
1732,move,2125,-1,804,-2.0
1733,move,1250,-1,804,-2.0
1734,move,1917,-1,804,-2.0
1735,move,2291,-1,804,-2.0
1736,move,2417,-1,804,-2.0
1737,move,1167,-1,804,-2.0
1738,move,1959,-1,804,-2.0
1739,move,1250,-1,804,-2.0
1740,move,1792,-1,804,-2.0
1741,move,1166,-1,804,-2.0
1742,move,1208,-1,804,-2.0
1743,move,1208,-1,804,-2.0
1744,move,1208,-1,804,-2.0
1745,move,1167,-1,804,-2.0
1746,move,1209,-1,804,-2.0
1747,move,1209,-1,804,-2.0
1748,move,1167,-1,804,-2.0
1749,move,1833,-1,804,-2.0
1750,move,1208,254500,804,0.654527
1751,move,2500,-1,804,-2.0
1752,move,2041,-1,804,-2.0
1753,move,1583,-1,804,-2.0
1754,move,2084,-1,804,-2.0
1755,move,1709,-1,804,-2.0
1756,delete,1000,-1,803,-2.0
1757,move,1292,-1,803,-2.0
1758,move,1208,-1,803,-2.0
1759,move,2125,-1,803,-2.0
1760,move,1209,-1,803,-2.0
1761,move,1791,-1,803,-2.0
1762,move,1875,-1,803,-2.0
1763,move,1875,-1,803,-2.0
1764,move,1292,-1,803,-2.0
1765,move,1208,-1,803,-2.0
1766,move,2500,-1,803,-2.0
1767,move,1250,-1,803,-2.0
1768,move,1250,-1,803,-2.0
1769,move,1208,-1,803,-2.0
1770,move,1166,-1,803,-2.0
1771,move,1708,-1,803,-2.0
1772,move,2375,-1,803,-2.0
1773,move,1542,-1,803,-2.0
1774,move,1958,-1,803,-2.0
1775,move,1958,254958,803,0.811825
1776,move,1167,-1,803,-2.0
1777,move,1500,-1,803,-2.0
1778,move,1125,-1,803,-2.0
1779,move,1167,-1,803,-2.0
1780,move,2083,-1,803,-2.0
1781,move,1875,-1,803,-2.0
1782,move,1708,-1,803,-2.0
1783,move,1208,-1,803,-2.0
1784,move,1250,-1,803,-2.0
1785,move,1208,-1,803,-2.0
1786,move,1208,-1,803,-2.0
1787,move,1209,-1,803,-2.0
1788,insert,1083,-1,804,-2.0
1789,move,2083,-1,804,-2.0
1790,move,1166,-1,804,-2.0
1791,move,1167,-1,804,-2.0
1792,move,2125,-1,804,-2.0
1793,move,1375,-1,804,-2.0
1794,move,2500,-1,804,-2.0
1795,move,1292,-1,804,-2.0
1796,move,2208,-1,804,-2.0
1797,move,1833,-1,804,-2.0
1798,move,1375,-1,804,-2.0
1799,move,1875,-1,804,-2.0
1800,move,1333,264500,804,0.653833
1801,move,1250,-1,804,-2.0
1802,move,1792,-1,804,-2.0
1803,move,1416,-1,804,-2.0
1804,move,1833,-1,804,-2.0
1805,move,1500,-1,804,-2.0
1806,move,1208,-1,804,-2.0
1807,move,2083,-1,804,-2.0
1808,move,1375,-1,804,-2.0
1809,move,1666,-1,804,-2.0
1810,move,1208,-1,804,-2.0
1811,move,1208,-1,804,-2.0
1812,move,1208,-1,804,-2.0
1813,move,1167,-1,804,-2.0
1814,move,1333,-1,804,-2.0
1815,move,1292,-1,804,-2.0
1816,move,2375,-1,804,-2.0
1817,move,1167,-1,804,-2.0
1818,move,2416,-1,804,-2.0
1819,move,2667,-1,804,-2.0
1820,move,1333,-1,804,-2.0
1821,move,1792,-1,804,-2.0
1822,move,1208,-1,804,-2.0
1823,move,1916,-1,804,-2.0
1824,move,1417,-1,804,-2.0
1825,move,1250,261625,804,0.648862
1826,move,1208,-1,804,-2.0
1827,move,2375,-1,804,-2.0
1828,move,1417,-1,804,-2.0
1829,move,2042,-1,804,-2.0
1830,move,1209,-1,804,-2.0
1831,move,1250,-1,804,-2.0
1832,move,1209,-1,804,-2.0
1833,move,1250,-1,804,-2.0
1834,move,2833,-1,804,-2.0
1835,move,1334,-1,804,-2.0
1836,move,2625,-1,804,-2.0
1837,move,2042,-1,804,-2.0
1838,move,1292,-1,804,-2.0
1839,move,1166,-1,804,-2.0
1840,move,1834,-1,804,-2.0
1841,move,1875,-1,804,-2.0
1842,move,1166,-1,804,-2.0
1843,move,1917,-1,804,-2.0
1844,move,1833,-1,804,-2.0
1845,move,1833,-1,804,-2.0
1846,move,2625,-1,804,-2.0
1847,move,1708,-1,804,-2.0
1848,move,2208,-1,804,-2.0
1849,move,1209,-1,804,-2.0
1850,insert,2042,272583,805,0.652759
1851,move,1334,-1,805,-2.0
1852,move,1250,-1,805,-2.0
1853,move,1208,-1,805,-2.0
1854,move,1167,-1,805,-2.0
1855,move,1500,-1,805,-2.0
1856,move,2750,-1,805,-2.0
1857,move,2458,-1,805,-2.0
1858,move,1375,-1,805,-2.0
1859,move,1333,-1,805,-2.0
1860,move,2167,-1,805,-2.0
1861,move,1333,-1,805,-2.0
1862,move,2041,-1,805,-2.0
1863,move,1875,-1,805,-2.0
1864,move,1125,-1,805,-2.0
1865,move,1917,-1,805,-2.0
1866,move,1208,-1,805,-2.0
1867,delete,1000,-1,804,-2.0
1868,move,2666,-1,804,-2.0
1869,move,1250,-1,804,-2.0
1870,move,1125,-1,804,-2.0
1871,move,1250,-1,804,-2.0
1872,move,1875,-1,804,-2.0
1873,move,2250,-1,804,-2.0
1874,move,2292,-1,804,-2.0
1875,move,1334,264375,804,0.654933
1876,move,1250,-1,804,-2.0
1877,move,1167,-1,804,-2.0
1878,move,1875,-1,804,-2.0
1879,move,1291,-1,804,-2.0
1880,move,1792,-1,804,-2.0
1881,move,2292,-1,804,-2.0
1882,move,1875,-1,804,-2.0
1883,move,2583,-1,804,-2.0
1884,move,1333,-1,804,-2.0
1885,move,1583,-1,804,-2.0
1886,move,1416,-1,804,-2.0
1887,move,1250,-1,804,-2.0
1888,move,1209,-1,804,-2.0
1889,move,2000,-1,804,-2.0
1890,move,1334,-1,804,-2.0
1891,move,2000,-1,804,-2.0
1892,move,2541,-1,804,-2.0
1893,move,1833,-1,804,-2.0
1894,move,2042,-1,804,-2.0
1895,move,1167,-1,804,-2.0
1896,move,1291,-1,804,-2.0
1897,move,1709,-1,804,-2.0
1898,move,1292,-1,804,-2.0
1899,move,1458,-1,804,-2.0
1900,move,1167,260416,804,0.650598
1901,move,2208,-1,804,-2.0
1902,move,1334,-1,804,-2.0
1903,move,1291,-1,804,-2.0
1904,move,1292,-1,804,-2.0
1905,move,2292,-1,804,-2.0
1906,move,1208,-1,804,-2.0
1907,move,1125,-1,804,-2.0
1908,move,1375,-1,804,-2.0
1909,move,1250,-1,804,-2.0
1910,move,2167,-1,804,-2.0
1911,move,1333,-1,804,-2.0
1912,move,1250,-1,804,-2.0
1913,move,1875,-1,804,-2.0
1914,move,1792,-1,804,-2.0
1915,move,1708,-1,804,-2.0
1916,move,2167,-1,804,-2.0
1917,move,2334,-1,804,-2.0
1918,move,1333,-1,804,-2.0
1919,move,2709,-1,804,-2.0
1920,move,1167,-1,804,-2.0
1921,move,1291,-1,804,-2.0
1922,move,1208,-1,804,-2.0
1923,move,1958,-1,804,-2.0
1924,move,1667,-1,804,-2.0
1925,move,2125,259083,804,0.645439
1926,move,1333,-1,804,-2.0
1927,move,1958,-1,804,-2.0
1928,move,1833,-1,804,-2.0
1929,move,1291,-1,804,-2.0
1930,move,1834,-1,804,-2.0
1931,move,1917,-1,804,-2.0
1932,move,1375,-1,804,-2.0
1933,move,2000,-1,804,-2.0
1934,move,1167,-1,804,-2.0
1935,move,1209,-1,804,-2.0
1936,move,1209,-1,804,-2.0
1937,move,1709,-1,804,-2.0
1938,move,1250,-1,804,-2.0
1939,move,2250,-1,804,-2.0
1940,move,2083,-1,804,-2.0
1941,move,2083,-1,804,-2.0
1942,move,1292,-1,804,-2.0
1943,move,1250,-1,804,-2.0
1944,move,1834,-1,804,-2.0
1945,move,2167,-1,804,-2.0
1946,move,1583,-1,804,-2.0
1947,move,2750,-1,804,-2.0
1948,move,2375,-1,804,-2.0
1949,move,1875,-1,804,-2.0
1950,move,1209,259125,804,0.649208
1951,move,1417,-1,804,-2.0
1952,move,2541,-1,804,-2.0
1953,move,1459,-1,804,-2.0
1954,move,1292,-1,804,-2.0
1955,move,1375,-1,804,-2.0
1956,move,1334,-1,804,-2.0
1957,move,1208,-1,804,-2.0
1958,move,2000,-1,804,-2.0
1959,move,1250,-1,804,-2.0
1960,move,2000,-1,804,-2.0
1961,move,1250,-1,804,-2.0
1962,move,1208,-1,804,-2.0
1963,move,2125,-1,804,-2.0
1964,move,1750,-1,804,-2.0
1965,move,1333,-1,804,-2.0
1966,move,1875,-1,804,-2.0
1967,move,2417,-1,804,-2.0
1968,move,1417,-1,804,-2.0
1969,move,2041,-1,804,-2.0
1970,move,1750,-1,804,-2.0
1971,move,1291,-1,804,-2.0
1972,move,1209,-1,804,-2.0
1973,move,1250,-1,804,-2.0
1974,move,1417,-1,804,-2.0
1975,move,1875,254417,804,0.653086
1976,move,1958,-1,804,-2.0
1977,move,1208,-1,804,-2.0
1978,move,1709,-1,804,-2.0
1979,move,2583,-1,804,-2.0
1980,move,2500,-1,804,-2.0
1981,move,2250,-1,804,-2.0
1982,move,2208,-1,804,-2.0
1983,move,2125,-1,804,-2.0
1984,move,1292,-1,804,-2.0
1985,move,1250,-1,804,-2.0
1986,move,1875,-1,804,-2.0
1987,move,1250,-1,804,-2.0
1988,move,1666,-1,804,-2.0
1989,move,1208,-1,804,-2.0
1990,move,1209,-1,804,-2.0
1991,move,1250,-1,804,-2.0
1992,move,1458,-1,804,-2.0
1993,move,1958,-1,804,-2.0
1994,delete,1166,-1,803,-2.0
1995,delete,1041,-1,802,-2.0
1996,move,1333,-1,802,-2.0
1997,move,1250,-1,802,-2.0
1998,move,1959,-1,802,-2.0
1999,move,1250,-1,802,-2.0
2000,move,1458,253416,802,0.651879
2001,move,1375,-1,802,-2.0
2002,move,2333,-1,802,-2.0
2003,move,2708,-1,802,-2.0
2004,move,2167,-1,802,-2.0
2005,move,2542,-1,802,-2.0
2006,move,1333,-1,802,-2.0
2007,move,2167,-1,802,-2.0
2008,move,1958,-1,802,-2.0
2009,move,1333,-1,802,-2.0
2010,move,1292,-1,802,-2.0
2011,move,2625,-1,802,-2.0
2012,move,1208,-1,802,-2.0
2013,move,1333,-1,802,-2.0
2014,move,1958,-1,802,-2.0
2015,move,1292,-1,802,-2.0
2016,move,1250,-1,802,-2.0
2017,move,1750,-1,802,-2.0
2018,move,1750,-1,802,-2.0
2019,insert,1375,-1,803,-2.0
2020,move,1667,-1,803,-2.0
2021,move,1375,-1,803,-2.0
2022,move,2167,-1,803,-2.0
2023,move,2208,-1,803,-2.0
2024,move,1250,-1,803,-2.0
2025,move,1833,261083,803,0.705747
2026,move,1291,-1,803,-2.0
2027,move,1292,-1,803,-2.0
2028,move,2875,-1,803,-2.0
2029,move,3125,-1,803,-2.0
2030,move,1667,-1,803,-2.0
2031,move,1792,-1,803,-2.0
2032,move,1292,-1,803,-2.0
2033,move,2166,-1,803,-2.0
2034,move,1750,-1,803,-2.0
2035,move,2084,-1,803,-2.0
2036,move,1250,-1,803,-2.0
2037,move,1375,-1,803,-2.0
2038,move,1375,-1,803,-2.0
2039,move,1417,-1,803,-2.0
2040,move,1292,-1,803,-2.0
2041,move,1833,-1,803,-2.0
2042,move,2334,-1,803,-2.0
2043,move,1292,-1,803,-2.0
2044,move,1250,-1,803,-2.0
2045,move,2042,-1,803,-2.0
2046,move,1250,-1,803,-2.0
2047,move,1417,-1,803,-2.0
2048,delete,1458,-1,802,-2.0
2049,move,1541,-1,802,-2.0
2050,move,2250,261958,802,0.653491
2051,move,1291,-1,802,-2.0
2052,move,2000,-1,802,-2.0
2053,move,2625,-1,802,-2.0
2054,move,2166,-1,802,-2.0
2055,move,2000,-1,802,-2.0
2056,move,2041,-1,802,-2.0
2057,move,2375,-1,802,-2.0
2058,move,1208,-1,802,-2.0
2059,move,1833,-1,802,-2.0
2060,move,1459,-1,802,-2.0
2061,move,1916,-1,802,-2.0
2062,move,2334,-1,802,-2.0
2063,move,1209,-1,802,-2.0
2064,move,1708,-1,802,-2.0
2065,move,1583,-1,802,-2.0
2066,move,1333,-1,802,-2.0
2067,move,1542,-1,802,-2.0
2068,move,1625,-1,802,-2.0
2069,move,2000,-1,802,-2.0
2070,move,2292,-1,802,-2.0
2071,move,1416,-1,802,-2.0
2072,move,1333,-1,802,-2.0
2073,move,2125,-1,802,-2.0
2074,move,1375,-1,802,-2.0
2075,move,1334,272917,802,0.652451
2076,move,1375,-1,802,-2.0
2077,move,2625,-1,802,-2.0
2078,move,1292,-1,802,-2.0
2079,move,2250,-1,802,-2.0
2080,move,2166,-1,802,-2.0
2081,move,2083,-1,802,-2.0
2082,move,1292,-1,802,-2.0
2083,move,2333,-1,802,-2.0
2084,move,1917,-1,802,-2.0
2085,move,2041,-1,802,-2.0
2086,move,1875,-1,802,-2.0
2087,move,1833,-1,802,-2.0
2088,move,1708,-1,802,-2.0
2089,delete,1042,-1,801,-2.0
2090,move,2083,-1,801,-2.0
2091,move,1833,-1,801,-2.0
2092,move,1292,-1,801,-2.0
2093,move,1500,-1,801,-2.0
2094,move,1792,-1,801,-2.0
2095,move,1292,-1,801,-2.0
2096,move,1291,-1,801,-2.0
2097,move,1292,-1,801,-2.0
2098,move,2166,-1,801,-2.0
2099,move,1250,-1,801,-2.0
2100,move,1833,269292,801,0.653078
2101,move,1458,-1,801,-2.0
2102,move,2333,-1,801,-2.0
2103,move,1250,-1,801,-2.0
2104,move,2333,-1,801,-2.0
2105,move,1417,-1,801,-2.0
2106,move,2541,-1,801,-2.0
2107,move,2125,-1,801,-2.0
2108,move,1208,-1,801,-2.0
2109,move,2000,-1,801,-2.0
2110,move,1333,-1,801,-2.0
2111,move,1292,-1,801,-2.0
2112,move,1209,-1,801,-2.0
2113,move,1292,-1,801,-2.0
2114,move,2042,-1,801,-2.0
2115,move,1708,-1,801,-2.0
2116,move,1333,-1,801,-2.0
2117,move,2041,-1,801,-2.0
2118,move,1250,-1,801,-2.0
2119,move,2416,-1,801,-2.0
2120,move,2083,-1,801,-2.0
2121,move,1500,-1,801,-2.0
2122,move,2000,-1,801,-2.0
2123,move,2250,-1,801,-2.0
2124,move,1333,-1,801,-2.0
2125,move,1291,255584,801,0.651428
2126,move,1333,-1,801,-2.0
2127,move,1334,-1,801,-2.0
2128,move,1375,-1,801,-2.0
2129,move,1334,-1,801,-2.0
2130,move,1833,-1,801,-2.0
2131,move,2292,-1,801,-2.0
2132,move,1791,-1,801,-2.0
2133,move,1417,-1,801,-2.0
2134,move,2750,-1,801,-2.0
2135,move,2667,-1,801,-2.0
2136,move,1833,-1,801,-2.0
2137,move,1500,-1,801,-2.0
2138,move,1375,-1,801,-2.0
2139,move,2041,-1,801,-2.0
2140,delete,1083,-1,800,-2.0
2141,move,1375,-1,800,-2.0
2142,move,1250,-1,800,-2.0
2143,move,1333,-1,800,-2.0
2144,move,1292,-1,800,-2.0
2145,move,1333,-1,800,-2.0
2146,move,2084,-1,800,-2.0
2147,move,1375,-1,800,-2.0
2148,move,1291,-1,800,-2.0
2149,move,2167,-1,800,-2.0
2150,move,1334,270833,800,0.654983
2151,move,2167,-1,800,-2.0
2152,move,1917,-1,800,-2.0
2153,move,1542,-1,800,-2.0
2154,move,2083,-1,800,-2.0
2155,move,2250,-1,800,-2.0
2156,move,2125,-1,800,-2.0
2157,move,1375,-1,800,-2.0
2158,move,1917,-1,800,-2.0
2159,move,1375,-1,800,-2.0
2160,move,1334,-1,800,-2.0
2161,move,1334,-1,800,-2.0
2162,move,2041,-1,800,-2.0
2163,move,2000,-1,800,-2.0
2164,move,1459,-1,800,-2.0
2165,move,1291,-1,800,-2.0
2166,move,2167,-1,800,-2.0
2167,move,2209,-1,800,-2.0
2168,move,1959,-1,800,-2.0
2169,move,1375,-1,800,-2.0
2170,move,1292,-1,800,-2.0
2171,move,1833,-1,800,-2.0
2172,move,1375,-1,800,-2.0
2173,move,2584,-1,800,-2.0
2174,move,2208,-1,800,-2.0
2175,move,1625,263667,800,0.650173
2176,move,1375,-1,800,-2.0
2177,move,3084,-1,800,-2.0
2178,move,1500,-1,800,-2.0
2179,move,1459,-1,800,-2.0
2180,move,2458,-1,800,-2.0
2181,move,1542,-1,800,-2.0
2182,move,1583,-1,800,-2.0
2183,move,1958,-1,800,-2.0
2184,move,2042,-1,800,-2.0
2185,move,2375,-1,800,-2.0
2186,move,1334,-1,800,-2.0
2187,move,1791,-1,800,-2.0
2188,move,1375,-1,800,-2.0
2189,move,1333,-1,800,-2.0
2190,move,1292,-1,800,-2.0
2191,move,1291,-1,800,-2.0
2192,move,1375,-1,800,-2.0
2193,move,1458,-1,800,-2.0
2194,move,1375,-1,800,-2.0
2195,move,1416,-1,800,-2.0
2196,move,1334,-1,800,-2.0
2197,move,2917,-1,800,-2.0
2198,move,2375,-1,800,-2.0
2199,move,1500,-1,800,-2.0
2200,move,1666,258000,800,0.651099
2201,move,1292,-1,800,-2.0
2202,move,1334,-1,800,-2.0
2203,move,2833,-1,800,-2.0
2204,move,1500,-1,800,-2.0
2205,move,1416,-1,800,-2.0
2206,move,1250,-1,800,-2.0
2207,move,2500,-1,800,-2.0
2208,move,1334,-1,800,-2.0
2209,move,1333,-1,800,-2.0
2210,move,1416,-1,800,-2.0
2211,move,1333,-1,800,-2.0
2212,move,1292,-1,800,-2.0
2213,move,2125,-1,800,-2.0
2214,move,1542,-1,800,-2.0
2215,move,1291,-1,800,-2.0
2216,move,1375,-1,800,-2.0
2217,move,2000,-1,800,-2.0
2218,move,1292,-1,800,-2.0
2219,move,1291,-1,800,-2.0
2220,move,1500,-1,800,-2.0
2221,move,1250,-1,800,-2.0
2222,move,1334,-1,800,-2.0
2223,delete,1083,-1,799,-2.0
2224,delete,1125,-1,798,-2.0
2225,delete,1167,259250,797,0.651878
2226,delete,1125,-1,796,-2.0
2227,delete,1125,-1,795,-2.0
2228,delete,1041,-1,794,-2.0
2229,move,1792,-1,794,-2.0
2230,move,1292,-1,794,-2.0
2231,move,2042,-1,794,-2.0
2232,move,2250,-1,794,-2.0
2233,move,1375,-1,794,-2.0
2234,move,1416,-1,794,-2.0
2235,move,1292,-1,794,-2.0
2236,move,1333,-1,794,-2.0
2237,move,1250,-1,794,-2.0
2238,move,1375,-1,794,-2.0
2239,move,1958,-1,794,-2.0
2240,move,1291,-1,794,-2.0
2241,move,1292,-1,794,-2.0
2242,move,2042,-1,794,-2.0
2243,move,2500,-1,794,-2.0
2244,move,1334,-1,794,-2.0
2245,move,1291,-1,794,-2.0
2246,move,1292,-1,794,-2.0
2247,move,1375,-1,794,-2.0
2248,move,1291,-1,794,-2.0
2249,move,1500,-1,794,-2.0
2250,move,1334,253458,794,0.649398
2251,delete,1083,-1,793,-2.0
2252,move,1333,-1,793,-2.0
2253,move,2542,-1,793,-2.0
2254,insert,291,-1,794,-2.0
2255,move,1417,-1,794,-2.0
2256,move,1333,-1,794,-2.0
2257,move,1292,-1,794,-2.0
2258,move,1416,-1,794,-2.0
2259,move,1292,-1,794,-2.0
2260,move,1333,-1,794,-2.0
2261,move,2167,-1,794,-2.0
2262,move,1333,-1,794,-2.0
2263,move,1333,-1,794,-2.0
2264,move,2125,-1,794,-2.0
2265,move,1292,-1,794,-2.0
2266,move,1250,-1,794,-2.0
2267,move,1334,-1,794,-2.0
2268,move,1250,-1,794,-2.0
2269,move,1333,-1,794,-2.0
2270,move,1333,-1,794,-2.0
2271,insert,167,-1,795,-2.0
2272,move,1417,-1,795,-2.0
2273,move,1417,-1,795,-2.0
2274,move,1333,-1,795,-2.0
2275,move,2125,255625,795,0.649374
2276,move,1375,-1,795,-2.0
2277,move,1375,-1,795,-2.0
2278,move,1334,-1,795,-2.0
2279,move,1292,-1,795,-2.0
2280,move,1208,-1,795,-2.0
2281,move,2417,-1,795,-2.0
2282,move,1292,-1,795,-2.0
2283,move,1333,-1,795,-2.0
2284,move,1291,-1,795,-2.0
2285,delete,1084,-1,794,-2.0
2286,move,1250,-1,794,-2.0
2287,move,2041,-1,794,-2.0
2288,move,1333,-1,794,-2.0
2289,move,1292,-1,794,-2.0
2290,move,1959,-1,794,-2.0
2291,move,1292,-1,794,-2.0
2292,move,1291,-1,794,-2.0
2293,move,1292,-1,794,-2.0
2294,move,1542,-1,794,-2.0
2295,move,1458,-1,794,-2.0
2296,move,2000,-1,794,-2.0
2297,move,1458,-1,794,-2.0
2298,delete,1208,-1,793,-2.0
2299,delete,1250,-1,792,-2.0
2300,move,1584,247708,792,0.64803
2301,move,1334,-1,792,-2.0
2302,move,1375,-1,792,-2.0
2303,move,1292,-1,792,-2.0
2304,move,1375,-1,792,-2.0
2305,move,1291,-1,792,-2.0
2306,move,1250,-1,792,-2.0
2307,move,1292,-1,792,-2.0
2308,move,2167,-1,792,-2.0
2309,move,1292,-1,792,-2.0
2310,move,1292,-1,792,-2.0
2311,move,1375,-1,792,-2.0
2312,move,1417,-1,792,-2.0
2313,move,2125,-1,792,-2.0
2314,move,2084,-1,792,-2.0
2315,move,1417,-1,792,-2.0
2316,move,1292,-1,792,-2.0
2317,move,1333,-1,792,-2.0
2318,move,1333,-1,792,-2.0
2319,move,1375,-1,792,-2.0
2320,move,2958,-1,792,-2.0
2321,move,1417,-1,792,-2.0
2322,move,1417,-1,792,-2.0
2323,move,2250,-1,792,-2.0
2324,move,1542,-1,792,-2.0
2325,move,1291,249166,792,0.647656
2326,move,2208,-1,792,-2.0
2327,move,1792,-1,792,-2.0
2328,move,1292,-1,792,-2.0
2329,move,1333,-1,792,-2.0
2330,move,1292,-1,792,-2.0
2331,move,1250,-1,792,-2.0
2332,move,1333,-1,792,-2.0
2333,move,1917,-1,792,-2.0
2334,move,1333,-1,792,-2.0
2335,move,1291,-1,792,-2.0
2336,move,1417,-1,792,-2.0
2337,move,1291,-1,792,-2.0
2338,move,1209,-1,792,-2.0
2339,move,2625,-1,792,-2.0
2340,move,1291,-1,792,-2.0
2341,move,1917,-1,792,-2.0
2342,move,1333,-1,792,-2.0
2343,move,1291,-1,792,-2.0
2344,move,1250,-1,792,-2.0
2345,move,1292,-1,792,-2.0
2346,move,1375,-1,792,-2.0
2347,move,1458,-1,792,-2.0
2348,move,1250,-1,792,-2.0
2349,move,1958,-1,792,-2.0
2350,delete,1083,247958,791,0.646684
2351,move,1500,-1,791,-2.0
2352,move,1375,-1,791,-2.0
2353,move,1334,-1,791,-2.0
2354,move,1375,-1,791,-2.0
2355,move,1334,-1,791,-2.0
2356,move,2125,-1,791,-2.0
2357,move,1334,-1,791,-2.0
2358,move,1334,-1,791,-2.0
2359,move,1375,-1,791,-2.0
2360,move,1375,-1,791,-2.0
2361,move,1292,-1,791,-2.0
2362,move,1333,-1,791,-2.0
2363,move,1334,-1,791,-2.0
2364,move,1375,-1,791,-2.0
2365,move,1959,-1,791,-2.0
2366,move,2209,-1,791,-2.0
2367,move,1292,-1,791,-2.0
2368,move,1375,-1,791,-2.0
2369,move,1500,-1,791,-2.0
2370,move,1334,-1,791,-2.0
2371,move,1333,-1,791,-2.0
2372,move,1333,-1,791,-2.0
2373,move,1292,-1,791,-2.0
2374,move,1333,-1,791,-2.0
2375,move,1375,240166,791,0.64646
2376,delete,1125,-1,790,-2.0
2377,move,1417,-1,790,-2.0
2378,move,2458,-1,790,-2.0
2379,move,2375,-1,790,-2.0
2380,move,2000,-1,790,-2.0
2381,move,1375,-1,790,-2.0
2382,move,1334,-1,790,-2.0
2383,move,1416,-1,790,-2.0
2384,move,1375,-1,790,-2.0
2385,move,1333,-1,790,-2.0
2386,move,1416,-1,790,-2.0
2387,move,1333,-1,790,-2.0
2388,move,1375,-1,790,-2.0
2389,move,1458,-1,790,-2.0
2390,move,2167,-1,790,-2.0
2391,move,2416,-1,790,-2.0
2392,move,2458,-1,790,-2.0
2393,move,1292,-1,790,-2.0
2394,move,1333,-1,790,-2.0
2395,move,1334,-1,790,-2.0
2396,move,1291,-1,790,-2.0
2397,move,1959,-1,790,-2.0
2398,move,1375,-1,790,-2.0
2399,move,1334,-1,790,-2.0
2400,move,1375,247125,790,0.648338
2401,move,1458,-1,790,-2.0
2402,move,1458,-1,790,-2.0
2403,move,1292,-1,790,-2.0
2404,move,2375,-1,790,-2.0
2405,move,2042,-1,790,-2.0
2406,delete,1166,-1,789,-2.0
2407,move,2500,-1,789,-2.0
2408,move,1375,-1,789,-2.0
2409,move,1375,-1,789,-2.0
2410,move,1333,-1,789,-2.0
2411,move,1333,-1,789,-2.0
2412,move,1416,-1,789,-2.0
2413,move,1375,-1,789,-2.0
2414,move,1458,-1,789,-2.0
2415,move,1459,-1,789,-2.0
2416,move,2000,-1,789,-2.0
2417,move,1375,-1,789,-2.0
2418,move,1458,-1,789,-2.0
2419,insert,250,-1,790,-2.0
2420,move,1375,-1,790,-2.0
2421,move,1375,-1,790,-2.0
2422,move,1375,-1,790,-2.0
2423,move,1333,-1,790,-2.0
2424,move,1333,-1,790,-2.0
2425,move,1417,243333,790,0.648277
2426,move,1500,-1,790,-2.0
2427,move,1333,-1,790,-2.0
2428,move,1416,-1,790,-2.0
2429,move,1375,-1,790,-2.0
2430,move,1459,-1,790,-2.0
2431,move,1375,-1,790,-2.0
2432,move,1375,-1,790,-2.0
2433,move,1333,-1,790,-2.0
2434,move,1292,-1,790,-2.0
2435,move,1333,-1,790,-2.0
2436,move,1333,-1,790,-2.0
2437,move,1375,-1,790,-2.0
2438,move,1333,-1,790,-2.0
2439,move,1375,-1,790,-2.0
2440,move,2000,-1,790,-2.0
2441,move,1625,-1,790,-2.0
2442,move,1333,-1,790,-2.0
2443,move,1333,-1,790,-2.0
2444,delete,1125,-1,789,-2.0
2445,move,1334,-1,789,-2.0
2446,move,1416,-1,789,-2.0
2447,move,1334,-1,789,-2.0
2448,move,1333,-1,789,-2.0
2449,move,1375,-1,789,-2.0
2450,move,1375,268083,789,0.651174
2451,move,1542,-1,789,-2.0
2452,move,1500,-1,789,-2.0
2453,move,1458,-1,789,-2.0
2454,move,1625,-1,789,-2.0
2455,move,1500,-1,789,-2.0
2456,move,1625,-1,789,-2.0
2457,move,2584,-1,789,-2.0
2458,move,1542,-1,789,-2.0
2459,move,1417,-1,789,-2.0
2460,move,2459,-1,789,-2.0
2461,move,1584,-1,789,-2.0
2462,move,1459,-1,789,-2.0
2463,move,1500,-1,789,-2.0
2464,move,1500,-1,789,-2.0
2465,move,1500,-1,789,-2.0
2466,move,1458,-1,789,-2.0
2467,move,1458,-1,789,-2.0
2468,move,2416,-1,789,-2.0
2469,move,2000,-1,789,-2.0
2470,move,1417,-1,789,-2.0
2471,move,1500,-1,789,-2.0
2472,move,1458,-1,789,-2.0
2473,move,1417,-1,789,-2.0
2474,move,2708,-1,789,-2.0
2475,delete,1416,296792,788,0.650435
2476,move,2042,-1,788,-2.0
2477,move,1708,-1,788,-2.0
2478,move,1667,-1,788,-2.0
2479,move,2500,-1,788,-2.0
2480,move,1583,-1,788,-2.0
2481,move,1542,-1,788,-2.0
2482,move,1500,-1,788,-2.0
2483,move,1458,-1,788,-2.0
2484,move,1458,-1,788,-2.0
2485,move,1458,-1,788,-2.0
2486,move,1417,-1,788,-2.0
2487,move,1500,-1,788,-2.0
2488,move,2875,-1,788,-2.0
2489,move,1833,-1,788,-2.0
2490,move,1708,-1,788,-2.0
2491,move,1667,-1,788,-2.0
2492,move,1709,-1,788,-2.0
2493,move,3375,-1,788,-2.0
2494,move,1875,-1,788,-2.0
2495,move,1833,-1,788,-2.0
2496,move,2584,-1,788,-2.0
2497,move,1666,-1,788,-2.0
2498,move,1792,-1,788,-2.0
2499,move,1709,-1,788,-2.0
2500,move,1708,289916,788,0.651196
2501,move,1833,-1,788,-2.0
2502,move,1667,-1,788,-2.0
2503,move,2959,-1,788,-2.0
2504,move,1709,-1,788,-2.0
2505,move,1708,-1,788,-2.0
2506,move,1750,-1,788,-2.0
2507,move,1833,-1,788,-2.0
2508,move,1625,-1,788,-2.0
2509,move,1750,-1,788,-2.0
2510,move,1709,-1,788,-2.0
2511,move,1709,-1,788,-2.0
2512,move,2458,-1,788,-2.0
2513,move,1666,-1,788,-2.0
2514,move,2208,-1,788,-2.0
2515,move,2542,-1,788,-2.0
2516,move,1541,-1,788,-2.0
2517,move,1583,-1,788,-2.0
2518,move,1500,-1,788,-2.0
2519,move,1500,-1,788,-2.0
2520,move,2333,-1,788,-2.0
2521,move,1583,-1,788,-2.0
2522,move,1625,-1,788,-2.0
2523,move,1500,-1,788,-2.0
2524,move,1542,-1,788,-2.0
2525,move,2042,286167,788,0.650348
2526,move,1417,-1,788,-2.0
2527,move,1333,-1,788,-2.0
2528,move,1500,-1,788,-2.0
2529,move,2416,-1,788,-2.0
2530,move,1375,-1,788,-2.0
2531,move,1708,-1,788,-2.0
2532,move,1791,-1,788,-2.0
2533,move,1667,-1,788,-2.0
2534,move,1625,-1,788,-2.0
2535,move,1833,-1,788,-2.0
2536,move,2209,-1,788,-2.0
2537,move,1417,-1,788,-2.0
2538,move,1333,-1,788,-2.0
2539,move,1375,-1,788,-2.0
2540,move,1459,-1,788,-2.0
2541,move,1416,-1,788,-2.0
2542,move,1375,-1,788,-2.0
2543,move,1417,-1,788,-2.0
2544,move,1375,-1,788,-2.0
2545,move,1375,-1,788,-2.0
2546,move,1375,-1,788,-2.0
2547,move,1666,-1,788,-2.0
2548,move,1667,-1,788,-2.0
2549,move,2417,-1,788,-2.0
2550,move,2416,252334,788,0.650046
2551,move,1500,-1,788,-2.0
2552,move,1458,-1,788,-2.0
2553,move,1542,-1,788,-2.0
2554,move,1375,-1,788,-2.0
2555,move,1333,-1,788,-2.0
2556,move,1333,-1,788,-2.0
2557,move,1375,-1,788,-2.0
2558,move,1292,-1,788,-2.0
2559,move,1500,-1,788,-2.0
2560,move,1500,-1,788,-2.0
2561,move,1792,-1,788,-2.0
2562,move,1541,-1,788,-2.0
2563,move,1584,-1,788,-2.0
2564,move,1583,-1,788,-2.0
2565,move,1708,-1,788,-2.0
2566,move,2333,-1,788,-2.0
2567,move,1375,-1,788,-2.0
2568,move,1291,-1,788,-2.0
2569,move,2167,-1,788,-2.0
2570,move,1417,-1,788,-2.0
2571,move,2458,-1,788,-2.0
2572,move,1375,-1,788,-2.0
2573,move,1917,-1,788,-2.0
2574,move,1375,-1,788,-2.0
2575,move,1417,243542,788,0.650821
2576,move,1458,-1,788,-2.0
2577,move,1541,-1,788,-2.0
2578,move,1333,-1,788,-2.0
2579,move,1375,-1,788,-2.0
2580,move,1417,-1,788,-2.0
2581,move,2542,-1,788,-2.0
2582,move,1375,-1,788,-2.0
2583,move,2125,-1,788,-2.0
2584,move,1333,-1,788,-2.0
2585,move,1375,-1,788,-2.0
2586,move,2583,-1,788,-2.0
2587,move,1500,-1,788,-2.0
2588,move,1959,-1,788,-2.0
2589,move,1417,-1,788,-2.0
2590,move,1458,-1,788,-2.0
2591,move,1500,-1,788,-2.0
2592,move,1334,-1,788,-2.0
2593,move,2208,-1,788,-2.0
2594,move,1375,-1,788,-2.0
2595,move,1375,-1,788,-2.0
2596,move,1459,-1,788,-2.0
2597,move,1375,-1,788,-2.0
2598,move,1375,-1,788,-2.0
2599,move,2250,-1,788,-2.0
2600,move,1375,250458,788,0.650573
2601,move,1625,-1,788,-2.0
2602,move,2917,-1,788,-2.0
2603,move,1875,-1,788,-2.0
2604,move,1458,-1,788,-2.0
2605,move,1375,-1,788,-2.0
2606,move,2458,-1,788,-2.0
2607,move,2291,-1,788,-2.0
2608,move,1292,-1,788,-2.0
2609,move,1375,-1,788,-2.0
2610,move,1458,-1,788,-2.0
2611,move,1375,-1,788,-2.0
2612,move,1375,-1,788,-2.0
2613,move,1667,-1,788,-2.0
2614,move,1375,-1,788,-2.0
2615,move,1792,-1,788,-2.0
2616,move,1583,-1,788,-2.0
2617,move,2500,-1,788,-2.0
2618,move,1750,-1,788,-2.0
2619,move,1458,-1,788,-2.0
2620,move,1500,-1,788,-2.0
2621,move,1958,-1,788,-2.0
2622,move,1417,-1,788,-2.0
2623,move,1375,-1,788,-2.0
2624,move,1417,-1,788,-2.0
2625,move,1958,245291,788,0.656523
2626,move,1458,-1,788,-2.0
2627,move,1458,-1,788,-2.0
2628,move,2083,-1,788,-2.0
2629,move,1333,-1,788,-2.0
2630,move,1459,-1,788,-2.0
2631,move,1875,-1,788,-2.0
2632,move,1375,-1,788,-2.0
2633,move,1458,-1,788,-2.0
2634,move,1708,-1,788,-2.0
2635,move,1500,-1,788,-2.0
2636,move,2042,-1,788,-2.0
2637,move,1625,-1,788,-2.0
2638,move,1583,-1,788,-2.0
2639,move,1458,-1,788,-2.0
2640,move,1375,-1,788,-2.0
2641,move,1541,-1,788,-2.0
2642,move,1375,-1,788,-2.0
2643,delete,1167,-1,787,-2.0
2644,move,1417,-1,787,-2.0
2645,move,2417,-1,787,-2.0
2646,move,1667,-1,787,-2.0
2647,move,1417,-1,787,-2.0
2648,move,1500,-1,787,-2.0
2649,move,2167,-1,787,-2.0
2650,move,1417,249125,787,0.647544
2651,move,1500,-1,787,-2.0
2652,move,1375,-1,787,-2.0
2653,move,1417,-1,787,-2.0
2654,move,1416,-1,787,-2.0
2655,move,1417,-1,787,-2.0
2656,move,1416,-1,787,-2.0
2657,move,1375,-1,787,-2.0
2658,move,1416,-1,787,-2.0
2659,move,1459,-1,787,-2.0
2660,move,2125,-1,787,-2.0
2661,move,1750,-1,787,-2.0
2662,move,1667,-1,787,-2.0
2663,move,1584,-1,787,-2.0
2664,move,2542,-1,787,-2.0
2665,move,1584,-1,787,-2.0
2666,move,1375,-1,787,-2.0
2667,move,1500,-1,787,-2.0
2668,move,1416,-1,787,-2.0
2669,move,1625,-1,787,-2.0
2670,move,1375,-1,787,-2.0
2671,move,1292,-1,787,-2.0
2672,delete,1208,-1,786,-2.0
2673,move,1500,-1,786,-2.0
2674,move,1417,-1,786,-2.0
2675,move,1458,248458,786,0.647166
2676,move,1958,-1,786,-2.0
2677,move,1416,-1,786,-2.0
2678,move,1458,-1,786,-2.0
2679,move,1416,-1,786,-2.0
2680,move,1584,-1,786,-2.0
2681,move,2208,-1,786,-2.0
2682,insert,791,-1,787,-2.0
2683,move,1417,-1,787,-2.0
2684,move,1416,-1,787,-2.0
2685,move,1458,-1,787,-2.0
2686,move,1417,-1,787,-2.0
2687,move,1417,-1,787,-2.0
2688,move,1375,-1,787,-2.0
2689,move,1458,-1,787,-2.0
2690,move,1875,-1,787,-2.0
2691,move,1417,-1,787,-2.0
2692,move,1458,-1,787,-2.0
2693,move,1417,-1,787,-2.0
2694,move,1500,-1,787,-2.0
2695,move,1334,-1,787,-2.0
2696,move,1416,-1,787,-2.0
2697,move,1833,-1,787,-2.0
2698,move,1542,-1,787,-2.0
2699,move,2250,-1,787,-2.0
2700,move,1708,237834,787,0.647347
2701,move,1500,-1,787,-2.0
2702,move,1375,-1,787,-2.0
2703,move,1416,-1,787,-2.0
2704,move,1500,-1,787,-2.0
2705,move,1583,-1,787,-2.0
2706,move,1458,-1,787,-2.0
2707,move,1458,-1,787,-2.0
2708,move,1375,-1,787,-2.0
2709,move,1417,-1,787,-2.0
2710,move,1417,-1,787,-2.0
2711,move,1458,-1,787,-2.0
2712,move,1458,-1,787,-2.0
2713,move,1791,-1,787,-2.0
2714,move,1709,-1,787,-2.0
2715,move,1583,-1,787,-2.0
2716,move,2958,-1,787,-2.0
2717,move,1667,-1,787,-2.0
2718,move,2250,-1,787,-2.0
2719,move,1500,-1,787,-2.0
2720,move,1459,-1,787,-2.0
2721,move,1416,-1,787,-2.0
2722,move,1500,-1,787,-2.0
2723,move,1375,-1,787,-2.0
2724,move,1417,-1,787,-2.0
2725,move,1416,402584,787,0.647553
2726,move,4250,-1,787,-2.0
2727,move,2250,-1,787,-2.0
2728,move,2584,-1,787,-2.0
2729,move,1625,-1,787,-2.0
2730,move,1750,-1,787,-2.0
2731,move,1583,-1,787,-2.0
2732,move,1708,-1,787,-2.0
2733,move,1625,-1,787,-2.0
2734,move,1958,-1,787,-2.0
2735,move,1750,-1,787,-2.0
2736,move,2834,-1,787,-2.0
2737,move,1709,-1,787,-2.0
2738,move,1625,-1,787,-2.0
2739,move,1542,-1,787,-2.0
2740,move,1625,-1,787,-2.0
2741,move,28667,-1,787,-2.0
2742,move,3167,-1,787,-2.0
2743,move,3791,-1,787,-2.0
2744,move,1917,-1,787,-2.0
2745,move,2000,-1,787,-2.0
2746,move,2041,-1,787,-2.0
2747,move,1750,-1,787,-2.0
2748,move,1667,-1,787,-2.0
2749,move,1792,-1,787,-2.0
2750,move,1917,464375,787,0.649707
2751,move,5667,-1,787,-2.0
2752,move,2709,-1,787,-2.0
2753,move,1833,-1,787,-2.0
2754,move,1792,-1,787,-2.0
2755,move,4208,-1,787,-2.0
2756,move,1667,-1,787,-2.0
2757,move,1584,-1,787,-2.0
2758,move,1709,-1,787,-2.0
2759,move,2833,-1,787,-2.0
2760,move,2792,-1,787,-2.0
2761,move,1666,-1,787,-2.0
2762,move,3375,-1,787,-2.0
2763,move,1708,-1,787,-2.0
2764,move,1833,-1,787,-2.0
2765,move,1834,-1,787,-2.0
2766,move,2125,-1,787,-2.0
2767,move,1792,-1,787,-2.0
2768,move,2708,-1,787,-2.0
2769,move,1833,-1,787,-2.0
2770,move,1833,-1,787,-2.0
2771,move,2000,-1,787,-2.0
2772,move,1666,-1,787,-2.0
2773,move,1875,-1,787,-2.0
2774,move,1916,-1,787,-2.0
2775,move,1834,313542,787,0.649432
2776,move,2875,-1,787,-2.0
2777,move,2250,-1,787,-2.0
2778,move,2125,-1,787,-2.0
2779,move,1958,-1,787,-2.0
2780,move,1916,-1,787,-2.0
2781,move,1958,-1,787,-2.0
2782,move,2750,-1,787,-2.0
2783,move,1750,-1,787,-2.0
2784,insert,2000,-1,788,-2.0
2785,move,2875,-1,788,-2.0
2786,move,2333,-1,788,-2.0
2787,move,3125,-1,788,-2.0
2788,move,1917,-1,788,-2.0
2789,move,1917,-1,788,-2.0
2790,move,1833,-1,788,-2.0
2791,move,1917,-1,788,-2.0
2792,move,1750,-1,788,-2.0
2793,move,2958,-1,788,-2.0
2794,move,1875,-1,788,-2.0
2795,move,2458,-1,788,-2.0
2796,move,2000,-1,788,-2.0
2797,move,3209,-1,788,-2.0
2798,move,1625,-1,788,-2.0
2799,move,1625,-1,788,-2.0
2800,move,1708,290542,788,0.650295
2801,move,1625,-1,788,-2.0
2802,move,2333,-1,788,-2.0
2803,move,2458,-1,788,-2.0
2804,move,2250,-1,788,-2.0
2805,move,2750,-1,788,-2.0
2806,move,1584,-1,788,-2.0
2807,move,1541,-1,788,-2.0
2808,move,2917,-1,788,-2.0
2809,move,1792,-1,788,-2.0
2810,move,1917,-1,788,-2.0
2811,move,3625,-1,788,-2.0
2812,move,2834,-1,788,-2.0
2813,move,1958,-1,788,-2.0
2814,move,1833,-1,788,-2.0
2815,move,2250,-1,788,-2.0
2816,move,1917,-1,788,-2.0
2817,move,1917,-1,788,-2.0
2818,move,1916,-1,788,-2.0
2819,move,1667,-1,788,-2.0
2820,move,1875,-1,788,-2.0
2821,move,2500,-1,788,-2.0
2822,move,1625,-1,788,-2.0
2823,move,1625,-1,788,-2.0
2824,move,1625,-1,788,-2.0
2825,move,1625,269500,788,0.650397
2826,move,1709,-1,788,-2.0
2827,move,1834,-1,788,-2.0
2828,move,1959,-1,788,-2.0
2829,move,1792,-1,788,-2.0
2830,move,3084,-1,788,-2.0
2831,move,1875,-1,788,-2.0
2832,move,1917,-1,788,-2.0
2833,move,1916,-1,788,-2.0
2834,move,1875,-1,788,-2.0
2835,move,2208,-1,788,-2.0
2836,move,2000,-1,788,-2.0
2837,move,1875,-1,788,-2.0
2838,move,1583,-1,788,-2.0
2839,move,1625,-1,788,-2.0
2840,move,1625,-1,788,-2.0
2841,move,1583,-1,788,-2.0
2842,move,1666,-1,788,-2.0
2843,move,1625,-1,788,-2.0
2844,move,1583,-1,788,-2.0
2845,move,1666,-1,788,-2.0
2846,move,1625,-1,788,-2.0
2847,move,2458,-1,788,-2.0
2848,move,1584,-1,788,-2.0
2849,move,2792,-1,788,-2.0
2850,move,1792,377625,788,0.650898
2851,move,2708,-1,788,-2.0
2852,move,2000,-1,788,-2.0
2853,move,3000,-1,788,-2.0
2854,move,1709,-1,788,-2.0
2855,move,1708,-1,788,-2.0
2856,move,1750,-1,788,-2.0
2857,move,1667,-1,788,-2.0
2858,move,1667,-1,788,-2.0
2859,move,1750,-1,788,-2.0
2860,move,1958,-1,788,-2.0
2861,move,1750,-1,788,-2.0
2862,move,1709,-1,788,-2.0
2863,move,5334,-1,788,-2.0
2864,move,1708,-1,788,-2.0
2865,move,1666,-1,788,-2.0
2866,move,1750,-1,788,-2.0
2867,move,1667,-1,788,-2.0
2868,move,1625,-1,788,-2.0
2869,move,1625,-1,788,-2.0
2870,move,2792,-1,788,-2.0
2871,move,1833,-1,788,-2.0
2872,move,1750,-1,788,-2.0
2873,move,1667,-1,788,-2.0
2874,delete,1542,-1,787,-2.0
2875,move,1708,421750,787,0.649375
2876,move,1750,-1,787,-2.0
2877,move,1542,-1,787,-2.0
2878,move,1458,-1,787,-2.0
2879,move,1541,-1,787,-2.0
2880,move,1458,-1,787,-2.0
2881,move,1500,-1,787,-2.0
2882,move,1458,-1,787,-2.0
2883,move,1500,-1,787,-2.0
2884,move,1500,-1,787,-2.0
2885,move,3125,-1,787,-2.0
2886,move,1541,-1,787,-2.0
2887,move,1583,-1,787,-2.0
2888,move,1541,-1,787,-2.0
2889,move,1458,-1,787,-2.0
2890,move,1542,-1,787,-2.0
2891,move,1458,-1,787,-2.0
2892,move,1500,-1,787,-2.0
2893,move,1542,-1,787,-2.0
2894,move,1500,-1,787,-2.0
2895,move,1458,-1,787,-2.0
2896,move,2375,-1,787,-2.0
2897,move,1917,-1,787,-2.0
2898,move,1875,-1,787,-2.0
2899,move,1917,-1,787,-2.0
2900,move,1833,286541,787,0.649542
2901,move,1500,-1,787,-2.0
2902,move,2375,-1,787,-2.0
2903,move,1750,-1,787,-2.0
2904,move,1458,-1,787,-2.0
2905,move,1542,-1,787,-2.0
2906,move,1583,-1,787,-2.0
2907,move,1500,-1,787,-2.0
2908,move,1458,-1,787,-2.0
2909,move,1458,-1,787,-2.0
2910,move,1458,-1,787,-2.0
2911,move,1500,-1,787,-2.0
2912,move,1416,-1,787,-2.0
2913,move,2417,-1,787,-2.0
2914,move,2208,-1,787,-2.0
2915,move,1500,-1,787,-2.0
2916,move,1459,-1,787,-2.0
2917,move,1583,-1,787,-2.0
2918,move,2167,-1,787,-2.0
2919,move,2333,-1,787,-2.0
2920,move,1708,-1,787,-2.0
2921,move,2250,-1,787,-2.0
2922,move,1541,-1,787,-2.0
2923,move,1500,-1,787,-2.0
2924,move,1542,-1,787,-2.0
2925,move,1458,256625,787,0.681626
2926,move,2292,-1,787,-2.0
2927,move,1625,-1,787,-2.0
2928,move,1459,-1,787,-2.0
2929,move,1458,-1,787,-2.0
2930,move,1541,-1,787,-2.0
2931,move,3000,-1,787,-2.0
2932,move,2166,-1,787,-2.0
2933,move,1542,-1,787,-2.0
2934,move,1958,-1,787,-2.0
2935,move,1500,-1,787,-2.0
2936,move,1500,-1,787,-2.0
2937,move,1458,-1,787,-2.0
2938,move,1625,-1,787,-2.0
2939,move,2166,-1,787,-2.0
2940,move,1417,-1,787,-2.0
2941,move,1458,-1,787,-2.0
2942,move,1500,-1,787,-2.0
2943,move,1875,-1,787,-2.0
2944,move,2500,-1,787,-2.0
2945,move,1458,-1,787,-2.0
2946,move,1541,-1,787,-2.0
2947,move,1417,-1,787,-2.0
2948,move,1917,-1,787,-2.0
2949,move,1750,-1,787,-2.0
2950,move,1459,243083,787,0.675407
2951,move,1625,-1,787,-2.0
2952,move,2583,-1,787,-2.0
2953,move,2458,-1,787,-2.0
2954,move,1625,-1,787,-2.0
2955,move,1500,-1,787,-2.0
2956,move,1500,-1,787,-2.0
2957,move,1708,-1,787,-2.0
2958,move,2959,-1,787,-2.0
2959,move,1875,-1,787,-2.0
2960,move,1500,-1,787,-2.0
2961,move,1541,-1,787,-2.0
2962,move,1500,-1,787,-2.0
2963,move,1625,-1,787,-2.0
2964,move,1458,-1,787,-2.0
2965,move,1583,-1,787,-2.0
2966,move,2333,-1,787,-2.0
2967,move,1625,-1,787,-2.0
2968,move,1542,-1,787,-2.0
2969,move,1500,-1,787,-2.0
2970,move,1625,-1,787,-2.0
2971,move,1583,-1,787,-2.0
2972,move,1583,-1,787,-2.0
2973,move,1500,-1,787,-2.0
2974,move,1625,-1,787,-2.0
2975,move,2500,241000,787,0.673648
2976,move,1625,-1,787,-2.0
2977,move,2041,-1,787,-2.0
2978,move,1500,-1,787,-2.0
2979,move,1500,-1,787,-2.0
2980,move,2084,-1,787,-2.0
2981,move,1500,-1,787,-2.0
2982,move,1458,-1,787,-2.0
2983,move,1458,-1,787,-2.0
2984,move,1417,-1,787,-2.0
2985,move,1958,-1,787,-2.0
2986,move,1542,-1,787,-2.0
2987,move,1500,-1,787,-2.0
2988,move,1583,-1,787,-2.0
2989,move,1917,-1,787,-2.0
2990,move,1583,-1,787,-2.0
2991,move,2500,-1,787,-2.0
2992,move,1542,-1,787,-2.0
2993,move,1625,-1,787,-2.0
2994,move,1500,-1,787,-2.0
2995,move,2292,-1,787,-2.0
2996,move,1500,-1,787,-2.0
2997,move,2209,-1,787,-2.0
2998,move,1500,-1,787,-2.0
2999,move,2000,-1,787,-2.0
3000,move,1500,240250,787,0.674167
3001,move,1500,-1,787,-2.0
3002,move,2000,-1,787,-2.0
3003,move,1584,-1,787,-2.0
3004,move,1458,-1,787,-2.0
3005,move,2042,-1,787,-2.0
3006,move,1583,-1,787,-2.0
3007,move,1542,-1,787,-2.0
3008,move,1541,-1,787,-2.0
3009,move,1583,-1,787,-2.0
3010,move,1833,-1,787,-2.0
3011,move,1584,-1,787,-2.0
3012,move,1584,-1,787,-2.0
3013,move,1459,-1,787,-2.0
3014,move,2041,-1,787,-2.0
3015,move,1459,-1,787,-2.0
3016,move,2625,-1,787,-2.0
3017,move,1875,-1,787,-2.0
3018,move,2083,-1,787,-2.0
3019,move,1459,-1,787,-2.0
3020,move,1500,-1,787,-2.0
3021,move,1459,-1,787,-2.0
3022,move,2167,-1,787,-2.0
3023,move,2166,-1,787,-2.0
3024,move,1625,-1,787,-2.0
3025,move,1459,242000,787,0.672708
3026,move,1875,-1,787,-2.0
3027,move,2209,-1,787,-2.0
3028,move,2167,-1,787,-2.0
3029,move,1792,-1,787,-2.0
3030,move,1583,-1,787,-2.0
3031,move,1583,-1,787,-2.0
3032,move,2542,-1,787,-2.0
3033,move,2167,-1,787,-2.0
3034,move,1541,-1,787,-2.0
3035,move,1583,-1,787,-2.0
3036,move,1708,-1,787,-2.0
3037,move,1584,-1,787,-2.0
3038,move,1500,-1,787,-2.0
3039,move,2083,-1,787,-2.0
3040,move,1625,-1,787,-2.0
3041,move,1583,-1,787,-2.0
3042,move,1500,-1,787,-2.0
3043,move,1708,-1,787,-2.0
3044,move,1459,-1,787,-2.0
3045,move,4208,-1,787,-2.0
3046,move,1750,-1,787,-2.0
3047,move,2042,-1,787,-2.0
3048,move,1666,-1,787,-2.0
3049,move,1666,-1,787,-2.0
3050,move,2083,254125,787,0.672056
3051,move,2750,-1,787,-2.0
3052,move,1917,-1,787,-2.0
3053,move,1583,-1,787,-2.0
3054,move,2709,-1,787,-2.0
3055,move,1625,-1,787,-2.0
3056,move,1542,-1,787,-2.0
3057,move,2291,-1,787,-2.0
3058,move,1583,-1,787,-2.0
3059,move,2166,-1,787,-2.0
3060,move,1625,-1,787,-2.0
3061,move,1959,-1,787,-2.0
3062,move,1541,-1,787,-2.0
3063,move,1584,-1,787,-2.0
3064,move,3459,-1,787,-2.0
3065,move,1583,-1,787,-2.0
3066,move,1625,-1,787,-2.0
3067,move,1584,-1,787,-2.0
3068,move,1500,-1,787,-2.0
3069,move,1416,-1,787,-2.0
3070,move,1625,-1,787,-2.0
3071,move,1708,-1,787,-2.0
3072,move,2167,-1,787,-2.0
3073,move,2333,-1,787,-2.0
3074,move,1459,-1,787,-2.0
3075,move,1541,239084,787,0.671714
3076,move,1583,-1,787,-2.0
3077,move,2125,-1,787,-2.0
3078,move,1583,-1,787,-2.0
3079,move,2208,-1,787,-2.0
3080,move,1709,-1,787,-2.0
3081,move,1541,-1,787,-2.0
3082,move,1500,-1,787,-2.0
3083,move,2208,-1,787,-2.0
3084,move,2000,-1,787,-2.0
3085,move,1584,-1,787,-2.0
3086,move,1625,-1,787,-2.0
3087,move,1459,-1,787,-2.0
3088,move,1500,-1,787,-2.0
3089,move,2125,-1,787,-2.0
3090,move,1542,-1,787,-2.0
3091,move,1500,-1,787,-2.0
3092,move,1459,-1,787,-2.0
3093,move,1708,-1,787,-2.0
3094,move,1583,-1,787,-2.0
3095,move,1500,-1,787,-2.0
3096,move,1500,-1,787,-2.0
3097,move,1542,-1,787,-2.0
3098,move,1667,-1,787,-2.0
3099,move,1542,-1,787,-2.0
3100,move,1583,237000,787,0.670873
3101,move,1583,-1,787,-2.0
3102,move,1583,-1,787,-2.0
3103,move,2292,-1,787,-2.0
3104,move,1583,-1,787,-2.0
3105,move,2208,-1,787,-2.0
3106,move,1917,-1,787,-2.0
3107,move,1541,-1,787,-2.0
3108,move,1542,-1,787,-2.0
3109,move,1625,-1,787,-2.0
3110,move,2083,-1,787,-2.0
3111,move,2333,-1,787,-2.0
3112,move,1625,-1,787,-2.0
3113,move,1625,-1,787,-2.0
3114,move,1625,-1,787,-2.0
3115,move,1708,-1,787,-2.0
3116,move,1625,-1,787,-2.0
3117,move,1583,-1,787,-2.0
3118,move,1666,-1,787,-2.0
3119,move,2667,-1,787,-2.0
3120,move,1583,-1,787,-2.0
3121,move,1625,-1,787,-2.0
3122,move,1583,-1,787,-2.0
3123,move,1583,-1,787,-2.0
3124,move,1583,-1,787,-2.0
3125,move,1625,234875,787,0.671714
3126,move,2500,-1,787,-2.0
3127,move,1500,-1,787,-2.0
3128,move,2333,-1,787,-2.0
3129,move,1666,-1,787,-2.0
3130,move,1666,-1,787,-2.0
3131,move,2042,-1,787,-2.0
3132,move,1541,-1,787,-2.0
3133,move,1542,-1,787,-2.0
3134,move,1541,-1,787,-2.0
3135,move,2042,-1,787,-2.0
3136,move,2041,-1,787,-2.0
3137,move,1541,-1,787,-2.0
3138,move,1583,-1,787,-2.0
3139,move,1667,-1,787,-2.0
3140,move,1625,-1,787,-2.0
3141,move,2083,-1,787,-2.0
3142,move,1542,-1,787,-2.0
3143,move,2041,-1,787,-2.0
3144,move,1541,-1,787,-2.0
3145,move,2125,-1,787,-2.0
3146,move,1625,-1,787,-2.0
3147,move,2333,-1,787,-2.0
3148,move,1584,-1,787,-2.0
3149,move,1625,-1,787,-2.0
3150,move,2042,235750,787,0.650719
3151,move,1625,-1,787,-2.0
3152,move,1625,-1,787,-2.0
3153,move,2042,-1,787,-2.0
3154,move,1542,-1,787,-2.0
3155,move,1583,-1,787,-2.0
3156,move,1542,-1,787,-2.0
3157,move,1584,-1,787,-2.0
3158,move,1583,-1,787,-2.0
3159,move,1583,-1,787,-2.0
3160,move,1541,-1,787,-2.0
3161,move,1625,-1,787,-2.0
3162,move,1583,-1,787,-2.0
3163,move,1667,-1,787,-2.0
3164,move,2333,-1,787,-2.0
3165,move,2208,-1,787,-2.0
3166,move,2375,-1,787,-2.0
3167,move,1542,-1,787,-2.0
3168,move,1708,-1,787,-2.0
3169,move,1583,-1,787,-2.0
3170,move,1542,-1,787,-2.0
3171,move,2333,-1,787,-2.0
3172,move,1542,-1,787,-2.0
3173,move,1709,-1,787,-2.0
3174,move,1750,-1,787,-2.0
3175,move,1541,233959,787,0.652482
3176,move,1541,-1,787,-2.0
3177,move,1625,-1,787,-2.0
3178,move,1542,-1,787,-2.0
3179,move,1542,-1,787,-2.0
3180,move,2625,-1,787,-2.0
3181,move,1583,-1,787,-2.0
3182,move,1584,-1,787,-2.0
3183,move,1500,-1,787,-2.0
3184,move,1625,-1,787,-2.0
3185,move,1583,-1,787,-2.0
3186,move,1500,-1,787,-2.0
3187,move,2334,-1,787,-2.0
3188,move,1666,-1,787,-2.0
3189,move,1500,-1,787,-2.0
3190,move,1541,-1,787,-2.0
3191,move,1667,-1,787,-2.0
3192,move,2083,-1,787,-2.0
3193,move,1583,-1,787,-2.0
3194,move,1625,-1,787,-2.0
3195,move,2167,-1,787,-2.0
3196,move,1625,-1,787,-2.0
3197,move,2416,-1,787,-2.0
3198,move,1500,-1,787,-2.0
3199,move,1542,-1,787,-2.0
3200,move,2333,239292,787,0.653465
3201,move,1666,-1,787,-2.0
3202,move,1583,-1,787,-2.0
3203,move,1584,-1,787,-2.0
3204,move,2083,-1,787,-2.0
3205,move,1500,-1,787,-2.0
3206,move,1583,-1,787,-2.0
3207,move,1584,-1,787,-2.0
3208,move,1625,-1,787,-2.0
3209,move,2208,-1,787,-2.0
3210,move,2167,-1,787,-2.0
3211,move,1583,-1,787,-2.0
3212,move,1625,-1,787,-2.0
3213,move,1625,-1,787,-2.0
3214,move,2209,-1,787,-2.0
3215,move,1708,-1,787,-2.0
3216,move,1625,-1,787,-2.0
3217,move,2083,-1,787,-2.0
3218,move,1584,-1,787,-2.0
3219,move,1584,-1,787,-2.0
3220,move,1625,-1,787,-2.0
3221,move,1625,-1,787,-2.0
3222,move,1583,-1,787,-2.0
3223,move,1625,-1,787,-2.0
3224,move,1583,-1,787,-2.0
3225,move,1584,233292,787,0.677147
3226,move,1708,-1,787,-2.0
3227,move,1542,-1,787,-2.0
3228,move,1875,-1,787,-2.0
3229,move,1667,-1,787,-2.0
3230,move,2041,-1,787,-2.0
3231,insert,833,-1,788,-2.0
3232,move,1584,-1,788,-2.0
3233,move,1584,-1,788,-2.0
3234,move,1666,-1,788,-2.0
3235,move,2333,-1,788,-2.0
3236,move,1625,-1,788,-2.0
3237,move,1584,-1,788,-2.0
3238,move,1625,-1,788,-2.0
3239,move,2375,-1,788,-2.0
3240,move,1666,-1,788,-2.0
3241,move,1500,-1,788,-2.0
3242,move,1625,-1,788,-2.0
3243,move,1542,-1,788,-2.0
3244,move,1958,-1,788,-2.0
3245,move,1625,-1,788,-2.0
3246,move,1583,-1,788,-2.0
3247,move,1584,-1,788,-2.0
3248,move,1500,-1,788,-2.0
3249,move,2041,-1,788,-2.0
3250,move,1667,229708,788,0.673832
3251,move,1791,-1,788,-2.0
3252,move,1625,-1,788,-2.0
3253,move,1584,-1,788,-2.0
3254,move,2000,-1,788,-2.0
3255,move,1667,-1,788,-2.0
3256,move,1666,-1,788,-2.0
3257,move,1625,-1,788,-2.0
3258,move,1958,-1,788,-2.0
3259,move,1542,-1,788,-2.0
3260,move,1625,-1,788,-2.0
3261,move,1542,-1,788,-2.0
3262,move,1708,-1,788,-2.0
3263,move,1542,-1,788,-2.0
3264,move,1625,-1,788,-2.0
3265,move,1542,-1,788,-2.0
3266,move,1708,-1,788,-2.0
3267,move,2083,-1,788,-2.0
3268,move,1583,-1,788,-2.0
3269,move,2375,-1,788,-2.0
3270,move,1542,-1,788,-2.0
3271,move,2083,-1,788,-2.0
3272,move,1667,-1,788,-2.0
3273,move,1583,-1,788,-2.0
3274,move,1708,-1,788,-2.0
3275,move,1542,230917,788,0.675632
3276,move,1667,-1,788,-2.0
3277,move,2625,-1,788,-2.0
3278,move,1625,-1,788,-2.0
3279,move,1584,-1,788,-2.0
3280,move,1625,-1,788,-2.0
3281,move,1583,-1,788,-2.0
3282,move,1542,-1,788,-2.0
3283,move,1625,-1,788,-2.0
3284,move,1666,-1,788,-2.0
3285,move,1625,-1,788,-2.0
3286,move,1791,-1,788,-2.0
3287,move,1709,-1,788,-2.0
3288,move,1500,-1,788,-2.0
3289,move,1542,-1,788,-2.0
3290,move,1708,-1,788,-2.0
3291,move,1625,-1,788,-2.0
3292,move,1625,-1,788,-2.0
3293,move,1625,-1,788,-2.0
3294,move,1667,-1,788,-2.0
3295,move,2583,-1,788,-2.0
3296,move,2625,-1,788,-2.0
3297,move,1625,-1,788,-2.0
3298,move,1583,-1,788,-2.0
3299,move,1625,-1,788,-2.0
3300,move,1625,236792,788,0.676636
3301,move,1667,-1,788,-2.0
3302,move,1584,-1,788,-2.0
3303,move,1625,-1,788,-2.0
3304,move,1834,-1,788,-2.0
3305,move,1583,-1,788,-2.0
3306,move,1708,-1,788,-2.0
3307,move,1584,-1,788,-2.0
3308,move,1667,-1,788,-2.0
3309,move,1583,-1,788,-2.0
3310,move,1625,-1,788,-2.0
3311,move,1583,-1,788,-2.0
3312,move,1625,-1,788,-2.0
3313,move,1625,-1,788,-2.0
3314,move,1584,-1,788,-2.0
3315,move,1625,-1,788,-2.0
3316,move,1583,-1,788,-2.0
3317,move,1542,-1,788,-2.0
3318,move,1584,-1,788,-2.0
3319,move,1541,-1,788,-2.0
3320,move,1625,-1,788,-2.0
3321,move,2666,-1,788,-2.0
3322,move,1625,-1,788,-2.0
3323,move,1625,-1,788,-2.0
3324,move,2000,-1,788,-2.0
3325,move,1666,234833,788,0.676636
3326,move,1667,-1,788,-2.0
3327,move,1625,-1,788,-2.0
3328,move,1667,-1,788,-2.0
3329,move,1958,-1,788,-2.0
3330,move,1583,-1,788,-2.0
3331,move,1750,-1,788,-2.0
3332,move,1709,-1,788,-2.0
3333,move,1875,-1,788,-2.0
3334,move,1833,-1,788,-2.0
3335,move,1792,-1,788,-2.0
3336,move,1625,-1,788,-2.0
3337,move,1667,-1,788,-2.0
3338,move,1666,-1,788,-2.0
3339,move,1666,-1,788,-2.0
3340,move,1667,-1,788,-2.0
3341,move,2334,-1,788,-2.0
3342,move,1708,-1,788,-2.0
3343,move,1625,-1,788,-2.0
3344,move,1667,-1,788,-2.0
3345,move,2542,-1,788,-2.0
3346,move,1583,-1,788,-2.0
3347,move,1584,-1,788,-2.0
3348,move,1541,-1,788,-2.0
3349,move,1625,-1,788,-2.0
3350,move,1625,231333,788,0.672699
3351,move,1708,-1,788,-2.0
3352,move,2166,-1,788,-2.0
3353,move,1625,-1,788,-2.0
3354,move,1541,-1,788,-2.0
3355,move,22709,-1,788,-2.0
3356,move,2125,-1,788,-2.0
3357,move,1667,-1,788,-2.0
3358,move,1708,-1,788,-2.0
3359,move,2084,-1,788,-2.0
3360,move,1625,-1,788,-2.0
3361,move,2000,-1,788,-2.0
3362,move,1666,-1,788,-2.0
3363,move,1959,-1,788,-2.0
3364,move,1666,-1,788,-2.0
3365,move,1584,-1,788,-2.0
3366,move,3708,-1,788,-2.0
3367,move,1792,-1,788,-2.0
3368,move,1666,-1,788,-2.0
3369,move,1708,-1,788,-2.0
3370,move,1708,-1,788,-2.0
3371,move,1542,-1,788,-2.0
3372,move,1750,-1,788,-2.0
3373,move,1625,-1,788,-2.0
3374,move,1625,-1,788,-2.0
3375,move,1583,235625,788,0.67209
3376,move,2625,-1,788,-2.0
3377,move,1750,-1,788,-2.0
3378,move,2209,-1,788,-2.0
3379,move,1667,-1,788,-2.0
3380,move,2292,-1,788,-2.0
3381,move,2125,-1,788,-2.0
3382,move,1625,-1,788,-2.0
3383,move,1708,-1,788,-2.0
3384,move,1709,-1,788,-2.0
3385,move,1708,-1,788,-2.0
3386,move,1708,-1,788,-2.0
3387,move,1667,-1,788,-2.0
3388,move,2833,-1,788,-2.0
3389,move,2042,-1,788,-2.0
3390,move,1958,-1,788,-2.0
3391,move,1667,-1,788,-2.0
3392,move,1916,-1,788,-2.0
3393,move,1792,-1,788,-2.0
3394,move,1666,-1,788,-2.0
3395,move,1709,-1,788,-2.0
3396,move,1667,-1,788,-2.0
3397,move,1666,-1,788,-2.0
3398,move,1667,-1,788,-2.0
3399,move,1750,-1,788,-2.0
3400,move,1625,234625,788,0.672043
3401,move,1667,-1,788,-2.0
3402,move,1667,-1,788,-2.0
3403,move,2333,-1,788,-2.0
3404,move,1667,-1,788,-2.0
3405,move,2125,-1,788,-2.0
3406,move,1666,-1,788,-2.0
3407,move,1667,-1,788,-2.0
3408,move,1667,-1,788,-2.0
3409,move,1625,-1,788,-2.0
3410,move,2250,-1,788,-2.0
3411,move,1750,-1,788,-2.0
3412,move,2500,-1,788,-2.0
3413,move,1709,-1,788,-2.0
3414,move,2000,-1,788,-2.0
3415,move,2250,-1,788,-2.0
3416,move,1666,-1,788,-2.0
3417,move,2000,-1,788,-2.0
3418,move,1625,-1,788,-2.0
3419,move,2000,-1,788,-2.0
3420,move,1875,-1,788,-2.0
3421,move,1667,-1,788,-2.0
3422,move,1708,-1,788,-2.0
3423,move,2125,-1,788,-2.0
3424,move,2333,-1,788,-2.0
3425,move,1541,237083,788,0.673644
3426,move,1750,-1,788,-2.0
3427,move,2250,-1,788,-2.0
3428,move,1667,-1,788,-2.0
3429,move,1666,-1,788,-2.0
3430,move,2292,-1,788,-2.0
3431,move,1625,-1,788,-2.0
3432,move,1625,-1,788,-2.0
3433,insert,1209,-1,789,-2.0
3434,move,1792,-1,789,-2.0
3435,move,1958,-1,789,-2.0
3436,move,2084,-1,789,-2.0
3437,move,2500,-1,789,-2.0
3438,move,1667,-1,789,-2.0
3439,move,2458,-1,789,-2.0
3440,move,2000,-1,789,-2.0
3441,move,1625,-1,789,-2.0
3442,move,2459,-1,789,-2.0
3443,move,2667,-1,789,-2.0
3444,move,2292,-1,789,-2.0
3445,move,1666,-1,789,-2.0
3446,move,1708,-1,789,-2.0
3447,move,2625,-1,789,-2.0
3448,move,1708,-1,789,-2.0
3449,move,1750,-1,789,-2.0
3450,move,2125,235750,789,0.673059
3451,move,1625,-1,789,-2.0
3452,move,2500,-1,789,-2.0
3453,move,1709,-1,789,-2.0
3454,move,2291,-1,789,-2.0
3455,move,1709,-1,789,-2.0
3456,move,1750,-1,789,-2.0
3457,move,1666,-1,789,-2.0
3458,move,2000,-1,789,-2.0
3459,move,1959,-1,789,-2.0
3460,move,1667,-1,789,-2.0
3461,move,2375,-1,789,-2.0
3462,move,1708,-1,789,-2.0
3463,move,1667,-1,789,-2.0
3464,move,1708,-1,789,-2.0
3465,move,2667,-1,789,-2.0
3466,move,2250,-1,789,-2.0
3467,move,1750,-1,789,-2.0
3468,move,2083,-1,789,-2.0
3469,move,2083,-1,789,-2.0
3470,move,1709,-1,789,-2.0
3471,move,2208,-1,789,-2.0
3472,move,1667,-1,789,-2.0
3473,move,1667,-1,789,-2.0
3474,move,2292,-1,789,-2.0
3475,move,1750,239250,789,0.673059
3476,move,2416,-1,789,-2.0
3477,move,1666,-1,789,-2.0
3478,move,1667,-1,789,-2.0
3479,move,2417,-1,789,-2.0
3480,move,1708,-1,789,-2.0
3481,move,1750,-1,789,-2.0
3482,move,2083,-1,789,-2.0
3483,move,2208,-1,789,-2.0
3484,move,1625,-1,789,-2.0
3485,move,2417,-1,789,-2.0
3486,move,1667,-1,789,-2.0
3487,move,2125,-1,789,-2.0
3488,move,1833,-1,789,-2.0
3489,move,2417,-1,789,-2.0
3490,move,2083,-1,789,-2.0
3491,move,1750,-1,789,-2.0
3492,move,1708,-1,789,-2.0
3493,move,2334,-1,789,-2.0
3494,move,1625,-1,789,-2.0
3495,move,1750,-1,789,-2.0
3496,delete,1500,-1,788,-2.0
3497,move,1667,-1,788,-2.0
3498,move,2166,-1,788,-2.0
3499,move,2209,-1,788,-2.0
3500,move,2458,244000,788,0.679916
3501,move,1791,-1,788,-2.0
3502,move,1750,-1,788,-2.0
3503,move,2417,-1,788,-2.0
3504,move,1708,-1,788,-2.0
3505,move,1833,-1,788,-2.0
3506,move,2292,-1,788,-2.0
3507,move,1750,-1,788,-2.0
3508,move,2125,-1,788,-2.0
3509,move,1708,-1,788,-2.0
3510,move,1625,-1,788,-2.0
3511,move,2208,-1,788,-2.0
3512,move,1750,-1,788,-2.0
3513,move,1750,-1,788,-2.0
3514,move,2417,-1,788,-2.0
3515,move,1708,-1,788,-2.0
3516,move,1750,-1,788,-2.0
3517,move,1708,-1,788,-2.0
3518,move,1750,-1,788,-2.0
3519,move,2208,-1,788,-2.0
3520,move,1625,-1,788,-2.0
3521,move,1625,-1,788,-2.0
3522,move,2459,-1,788,-2.0
3523,move,1916,-1,788,-2.0
3524,move,2875,-1,788,-2.0
3525,move,1709,234041,788,0.655973
3526,move,1750,-1,788,-2.0
3527,move,1625,-1,788,-2.0
3528,move,2375,-1,788,-2.0
3529,insert,1375,-1,789,-2.0
3530,move,2459,-1,789,-2.0
3531,move,2291,-1,789,-2.0
3532,move,1834,-1,789,-2.0
3533,move,1792,-1,789,-2.0
3534,move,1666,-1,789,-2.0
3535,move,1625,-1,789,-2.0
3536,move,1709,-1,789,-2.0
3537,move,2208,-1,789,-2.0
3538,move,1667,-1,789,-2.0
3539,move,2166,-1,789,-2.0
3540,move,2125,-1,789,-2.0
3541,move,1625,-1,789,-2.0
3542,move,1667,-1,789,-2.0
3543,move,1917,-1,789,-2.0
3544,move,1791,-1,789,-2.0
3545,move,2291,-1,789,-2.0
3546,move,1709,-1,789,-2.0
3547,move,1625,-1,789,-2.0
3548,move,2250,-1,789,-2.0
3549,move,2291,-1,789,-2.0
3550,move,1667,237791,789,0.647967
3551,move,2500,-1,789,-2.0
3552,move,2333,-1,789,-2.0
3553,move,2625,-1,789,-2.0
3554,move,1667,-1,789,-2.0
3555,move,2083,-1,789,-2.0
3556,move,1667,-1,789,-2.0
3557,move,1666,-1,789,-2.0
3558,move,2459,-1,789,-2.0
3559,move,1666,-1,789,-2.0
3560,move,2000,-1,789,-2.0
3561,move,1708,-1,789,-2.0
3562,move,2334,-1,789,-2.0
3563,move,1791,-1,789,-2.0
3564,move,1667,-1,789,-2.0
3565,move,1708,-1,789,-2.0
3566,move,2334,-1,789,-2.0
3567,move,1833,-1,789,-2.0
3568,move,1667,-1,789,-2.0
3569,move,2416,-1,789,-2.0
3570,move,1709,-1,789,-2.0
3571,move,1708,-1,789,-2.0
3572,move,1583,-1,789,-2.0
3573,move,1792,-1,789,-2.0
3574,move,2500,-1,789,-2.0
3575,move,2166,240583,789,0.645593
3576,insert,917,-1,790,-2.0
3577,move,1708,-1,790,-2.0
3578,move,1708,-1,790,-2.0
3579,move,1708,-1,790,-2.0
3580,move,2500,-1,790,-2.0
3581,move,2583,-1,790,-2.0
3582,move,1834,-1,790,-2.0
3583,move,2458,-1,790,-2.0
3584,move,1875,-1,790,-2.0
3585,move,2416,-1,790,-2.0
3586,move,2417,-1,790,-2.0
3587,move,2500,-1,790,-2.0
3588,move,1750,-1,790,-2.0
3589,move,1709,-1,790,-2.0
3590,move,2500,-1,790,-2.0
3591,move,1791,-1,790,-2.0
3592,move,2500,-1,790,-2.0
3593,move,1791,-1,790,-2.0
3594,move,1667,-1,790,-2.0
3595,move,1667,-1,790,-2.0
3596,move,1667,-1,790,-2.0
3597,move,1875,-1,790,-2.0
3598,move,2250,-1,790,-2.0
3599,move,2500,-1,790,-2.0
3600,move,2792,244541,790,0.648945
3601,move,1750,-1,790,-2.0
3602,move,1708,-1,790,-2.0
3603,move,1667,-1,790,-2.0
3604,move,1708,-1,790,-2.0
3605,move,1750,-1,790,-2.0
3606,move,1792,-1,790,-2.0
3607,move,1958,-1,790,-2.0
3608,move,1750,-1,790,-2.0
3609,move,1709,-1,790,-2.0
3610,move,1750,-1,790,-2.0
3611,move,1750,-1,790,-2.0
3612,move,1750,-1,790,-2.0
3613,move,1833,-1,790,-2.0
3614,move,1750,-1,790,-2.0
3615,move,2541,-1,790,-2.0
3616,move,1875,-1,790,-2.0
3617,move,1750,-1,790,-2.0
3618,move,2458,-1,790,-2.0
3619,move,1833,-1,790,-2.0
3620,move,2333,-1,790,-2.0
3621,move,2792,-1,790,-2.0
3622,move,1708,-1,790,-2.0
3623,move,1667,-1,790,-2.0
3624,move,2375,-1,790,-2.0
3625,delete,1500,244458,789,0.64925
3626,move,1709,-1,789,-2.0
3627,move,1750,-1,789,-2.0
3628,move,1792,-1,789,-2.0
3629,move,2458,-1,789,-2.0
3630,move,1667,-1,789,-2.0
3631,move,2416,-1,789,-2.0
3632,move,1750,-1,789,-2.0
3633,move,2583,-1,789,-2.0
3634,move,1875,-1,789,-2.0
3635,move,2333,-1,789,-2.0
3636,move,1792,-1,789,-2.0
3637,move,1750,-1,789,-2.0
3638,move,1750,-1,789,-2.0
3639,move,2834,-1,789,-2.0
3640,move,1833,-1,789,-2.0
3641,move,1792,-1,789,-2.0
3642,move,1583,-1,789,-2.0
3643,move,2583,-1,789,-2.0
3644,move,1667,-1,789,-2.0
3645,move,1666,-1,789,-2.0
3646,move,1667,-1,789,-2.0
3647,move,1750,-1,789,-2.0
3648,move,2250,-1,789,-2.0
3649,move,1750,-1,789,-2.0
3650,move,1709,241875,789,0.648594
3651,move,2583,-1,789,-2.0
3652,move,1708,-1,789,-2.0
3653,move,1708,-1,789,-2.0
3654,move,1750,-1,789,-2.0
3655,move,1708,-1,789,-2.0
3656,move,2417,-1,789,-2.0
3657,move,1833,-1,789,-2.0
3658,move,1625,-1,789,-2.0
3659,move,1791,-1,789,-2.0
3660,move,1834,-1,789,-2.0
3661,move,1666,-1,789,-2.0
3662,move,1709,-1,789,-2.0
3663,move,1791,-1,789,-2.0
3664,move,1709,-1,789,-2.0
3665,move,1750,-1,789,-2.0
3666,move,1708,-1,789,-2.0
3667,move,2417,-1,789,-2.0
3668,move,1791,-1,789,-2.0
3669,move,2500,-1,789,-2.0
3670,move,1792,-1,789,-2.0
3671,move,1750,-1,789,-2.0
3672,move,2625,-1,789,-2.0
3673,move,1708,-1,789,-2.0
3674,insert,833,-1,790,-2.0
3675,move,1833,245875,790,0.644597
3676,move,2500,-1,790,-2.0
3677,move,2083,-1,790,-2.0
3678,move,1791,-1,790,-2.0
3679,move,1750,-1,790,-2.0
3680,move,1709,-1,790,-2.0
3681,move,1750,-1,790,-2.0
3682,move,1750,-1,790,-2.0
3683,move,1791,-1,790,-2.0
3684,move,1833,-1,790,-2.0
3685,move,2208,-1,790,-2.0
3686,move,1750,-1,790,-2.0
3687,move,1750,-1,790,-2.0
3688,move,2541,-1,790,-2.0
3689,move,1667,-1,790,-2.0
3690,move,1791,-1,790,-2.0
3691,move,2500,-1,790,-2.0
3692,move,2458,-1,790,-2.0
3693,delete,1542,-1,789,-2.0
3694,move,1792,-1,789,-2.0
3695,move,2542,-1,789,-2.0
3696,move,1875,-1,789,-2.0
3697,move,1750,-1,789,-2.0
3698,move,1709,-1,789,-2.0
3699,move,1750,-1,789,-2.0
3700,move,1791,240625,789,0.645988
3701,move,1750,-1,789,-2.0
3702,move,1875,-1,789,-2.0
3703,move,1750,-1,789,-2.0
3704,move,1791,-1,789,-2.0
3705,move,1792,-1,789,-2.0
3706,move,2416,-1,789,-2.0
3707,move,1834,-1,789,-2.0
3708,move,1709,-1,789,-2.0
3709,move,1750,-1,789,-2.0
3710,move,2500,-1,789,-2.0
3711,move,12750,-1,789,-2.0
3712,move,1792,-1,789,-2.0
3713,move,1916,-1,789,-2.0
3714,move,2584,-1,789,-2.0
3715,move,1792,-1,789,-2.0
3716,move,1875,-1,789,-2.0
3717,move,2542,-1,789,-2.0
3718,move,1791,-1,789,-2.0
3719,move,1875,-1,789,-2.0
3720,move,1833,-1,789,-2.0
3721,move,1792,-1,789,-2.0
3722,move,2250,-1,789,-2.0
3723,move,3042,-1,789,-2.0
3724,move,1792,-1,789,-2.0
3725,move,1833,235291,789,0.646144
3726,insert,2500,-1,790,-2.0
3727,move,1791,-1,790,-2.0
3728,move,1833,-1,790,-2.0
3729,move,2167,-1,790,-2.0
3730,move,2459,-1,790,-2.0
3731,move,1833,-1,790,-2.0
3732,move,1750,-1,790,-2.0
3733,move,1792,-1,790,-2.0
3734,move,1750,-1,790,-2.0
3735,move,2750,-1,790,-2.0
3736,move,2500,-1,790,-2.0
3737,move,1917,-1,790,-2.0
3738,move,1791,-1,790,-2.0
3739,move,1792,-1,790,-2.0
3740,move,1792,-1,790,-2.0
3741,move,1709,-1,790,-2.0
3742,move,2458,-1,790,-2.0
3743,move,1917,-1,790,-2.0
3744,move,2875,-1,790,-2.0
3745,move,1834,-1,790,-2.0
3746,move,1791,-1,790,-2.0
3747,move,1792,-1,790,-2.0
3748,move,1833,-1,790,-2.0
3749,move,1834,-1,790,-2.0
3750,move,1875,243417,790,0.650095
3751,move,1875,-1,790,-2.0
3752,move,1875,-1,790,-2.0
3753,move,1750,-1,790,-2.0
3754,move,1667,-1,790,-2.0
3755,move,2041,-1,790,-2.0
3756,insert,333,-1,791,-2.0
3757,move,1833,-1,791,-2.0
3758,move,1791,-1,791,-2.0
3759,move,1791,-1,791,-2.0
3760,move,1792,-1,791,-2.0
3761,move,1792,-1,791,-2.0
3762,move,3000,-1,791,-2.0
3763,move,3000,-1,791,-2.0
3764,move,1959,-1,791,-2.0
3765,move,2709,-1,791,-2.0
3766,move,2458,-1,791,-2.0
3767,move,1875,-1,791,-2.0
3768,move,1792,-1,791,-2.0
3769,move,1875,-1,791,-2.0
3770,move,1917,-1,791,-2.0
3771,move,1750,-1,791,-2.0
3772,move,1750,-1,791,-2.0
3773,move,1833,-1,791,-2.0
3774,move,1875,-1,791,-2.0
3775,move,1708,241333,791,0.648189
3776,move,1750,-1,791,-2.0
3777,move,2000,-1,791,-2.0
3778,move,1875,-1,791,-2.0
3779,move,3417,-1,791,-2.0
3780,move,1833,-1,791,-2.0
3781,move,1792,-1,791,-2.0
3782,move,1791,-1,791,-2.0
3783,move,2500,-1,791,-2.0
3784,move,1833,-1,791,-2.0
3785,move,2417,-1,791,-2.0
3786,move,1792,-1,791,-2.0
3787,move,3041,-1,791,-2.0
3788,move,1834,-1,791,-2.0
3789,move,2541,-1,791,-2.0
3790,move,1792,-1,791,-2.0
3791,move,1708,-1,791,-2.0
3792,move,1917,-1,791,-2.0
3793,move,1792,-1,791,-2.0
3794,move,2583,-1,791,-2.0
3795,move,2459,-1,791,-2.0
3796,move,1792,-1,791,-2.0
3797,move,1833,-1,791,-2.0
3798,move,1875,-1,791,-2.0
3799,move,1709,-1,791,-2.0
3800,move,1791,236208,791,0.642494
3801,move,1833,-1,791,-2.0
3802,move,2375,-1,791,-2.0
3803,move,1958,-1,791,-2.0
3804,move,1750,-1,791,-2.0
3805,delete,1500,-1,790,-2.0
3806,delete,1500,-1,789,-2.0
3807,move,2708,-1,789,-2.0
3808,move,2292,-1,789,-2.0
3809,move,1791,-1,789,-2.0
3810,insert,334,-1,790,-2.0
3811,move,1792,-1,790,-2.0
3812,move,1958,-1,790,-2.0
3813,move,2583,-1,790,-2.0
3814,move,2625,-1,790,-2.0
3815,move,1667,-1,790,-2.0
3816,move,2542,-1,790,-2.0
3817,move,2000,-1,790,-2.0
3818,move,2333,-1,790,-2.0
3819,move,2375,-1,790,-2.0
3820,move,2166,-1,790,-2.0
3821,move,1917,-1,790,-2.0
3822,move,2917,-1,790,-2.0
3823,move,1833,-1,790,-2.0
3824,move,1958,-1,790,-2.0
3825,move,1917,282583,790,0.644579
3826,move,2209,-1,790,-2.0
3827,move,1958,-1,790,-2.0
3828,move,1917,-1,790,-2.0
3829,move,3125,-1,790,-2.0
3830,move,1833,-1,790,-2.0
3831,move,1833,-1,790,-2.0
3832,move,2459,-1,790,-2.0
3833,move,1875,-1,790,-2.0
3834,move,1792,-1,790,-2.0
3835,move,2625,-1,790,-2.0
3836,move,2292,-1,790,-2.0
3837,insert,1167,-1,791,-2.0
3838,move,1917,-1,791,-2.0
3839,move,2791,-1,791,-2.0
3840,move,1792,-1,791,-2.0
3841,move,1917,-1,791,-2.0
3842,move,1833,-1,791,-2.0
3843,move,2542,-1,791,-2.0
3844,move,1917,-1,791,-2.0
3845,move,1875,-1,791,-2.0
3846,move,2833,-1,791,-2.0
3847,move,1917,-1,791,-2.0
3848,move,1917,-1,791,-2.0
3849,move,1916,-1,791,-2.0
3850,move,2584,252667,791,0.645534
3851,move,2042,-1,791,-2.0
3852,move,2708,-1,791,-2.0
3853,move,2000,-1,791,-2.0
3854,move,2834,-1,791,-2.0
3855,move,2542,-1,791,-2.0
3856,move,1958,-1,791,-2.0
3857,move,2042,-1,791,-2.0
3858,move,1791,-1,791,-2.0
3859,move,3042,-1,791,-2.0
3860,move,2916,-1,791,-2.0
3861,move,1958,-1,791,-2.0
3862,move,2750,-1,791,-2.0
3863,move,1917,-1,791,-2.0
3864,move,2250,-1,791,-2.0
3865,insert,416,-1,792,-2.0
3866,move,3125,-1,792,-2.0
3867,move,2667,-1,792,-2.0
3868,move,1833,-1,792,-2.0
3869,move,1750,-1,792,-2.0
3870,move,2584,-1,792,-2.0
3871,move,1958,-1,792,-2.0
3872,move,1875,-1,792,-2.0
3873,move,1875,-1,792,-2.0
3874,move,1875,-1,792,-2.0
3875,move,2250,247833,792,0.647282
3876,move,2333,-1,792,-2.0
3877,move,1917,-1,792,-2.0
3878,move,1917,-1,792,-2.0
3879,move,1833,-1,792,-2.0
3880,move,2583,-1,792,-2.0
3881,move,1958,-1,792,-2.0
3882,move,3209,-1,792,-2.0
3883,move,1833,-1,792,-2.0
3884,move,2750,-1,792,-2.0
3885,move,2750,-1,792,-2.0
3886,move,3333,-1,792,-2.0
3887,move,2875,-1,792,-2.0
3888,move,1917,-1,792,-2.0
3889,move,2500,-1,792,-2.0
3890,move,3041,-1,792,-2.0
3891,move,1916,-1,792,-2.0
3892,move,1917,-1,792,-2.0
3893,move,2708,-1,792,-2.0
3894,move,1917,-1,792,-2.0
3895,move,2625,-1,792,-2.0
3896,move,1875,-1,792,-2.0
3897,move,2292,-1,792,-2.0
3898,move,1916,-1,792,-2.0
3899,move,2292,-1,792,-2.0
3900,move,2000,243625,792,0.657273
3901,move,2084,-1,792,-2.0
3902,move,2292,-1,792,-2.0
3903,move,1917,-1,792,-2.0
3904,move,1791,-1,792,-2.0
3905,move,2292,-1,792,-2.0
3906,move,2583,-1,792,-2.0
3907,move,2667,-1,792,-2.0
3908,move,1875,-1,792,-2.0
3909,move,2334,-1,792,-2.0
3910,move,1875,-1,792,-2.0
3911,move,1916,-1,792,-2.0
3912,move,1792,-1,792,-2.0
3913,move,2833,-1,792,-2.0
3914,move,1750,-1,792,-2.0
3915,move,2375,-1,792,-2.0
3916,move,1875,-1,792,-2.0
3917,move,2750,-1,792,-2.0
3918,move,2584,-1,792,-2.0
3919,move,1916,-1,792,-2.0
3920,move,2709,-1,792,-2.0
3921,move,2708,-1,792,-2.0
3922,move,1792,-1,792,-2.0
3923,move,2417,-1,792,-2.0
3924,move,2208,-1,792,-2.0
3925,move,1834,235834,792,0.655579
3926,move,1917,-1,792,-2.0
3927,move,1833,-1,792,-2.0
3928,move,2375,-1,792,-2.0
3929,move,1833,-1,792,-2.0
3930,move,1750,-1,792,-2.0
3931,move,2417,-1,792,-2.0
3932,move,2292,-1,792,-2.0
3933,move,1875,-1,792,-2.0
3934,move,1875,-1,792,-2.0
3935,move,1958,-1,792,-2.0
3936,move,2333,-1,792,-2.0
3937,move,1833,-1,792,-2.0
3938,move,1833,-1,792,-2.0
3939,move,2000,-1,792,-2.0
3940,move,1791,-1,792,-2.0
3941,move,2625,-1,792,-2.0
3942,move,2792,-1,792,-2.0
3943,move,2625,-1,792,-2.0
3944,insert,1875,-1,793,-2.0
3945,move,1792,-1,793,-2.0
3946,move,2333,-1,793,-2.0
3947,move,1833,-1,793,-2.0
3948,move,1834,-1,793,-2.0
3949,move,2750,-1,793,-2.0
3950,move,1875,237834,793,0.656709
3951,move,1875,-1,793,-2.0
3952,move,2000,-1,793,-2.0
3953,move,2084,-1,793,-2.0
3954,move,1833,-1,793,-2.0
3955,move,1791,-1,793,-2.0
3956,move,2000,-1,793,-2.0
3957,insert,2625,-1,794,-2.0
3958,move,3042,-1,794,-2.0
3959,move,1750,-1,794,-2.0
3960,move,1917,-1,794,-2.0
3961,move,1792,-1,794,-2.0
3962,move,1875,-1,794,-2.0
3963,move,2708,-1,794,-2.0
3964,move,2750,-1,794,-2.0
3965,move,2583,-1,794,-2.0
3966,move,2125,-1,794,-2.0
3967,move,1750,-1,794,-2.0
3968,move,1958,-1,794,-2.0
3969,move,1750,-1,794,-2.0
3970,move,2542,-1,794,-2.0
3971,move,1958,-1,794,-2.0
3972,move,2458,-1,794,-2.0
3973,move,1834,-1,794,-2.0
3974,move,1833,-1,794,-2.0
3975,move,2417,245291,794,0.646532
3976,move,2667,-1,794,-2.0
3977,move,2625,-1,794,-2.0
3978,move,2000,-1,794,-2.0
3979,move,1917,-1,794,-2.0
3980,move,1917,-1,794,-2.0
3981,move,1833,-1,794,-2.0
3982,move,2125,-1,794,-2.0
3983,move,1875,-1,794,-2.0
3984,move,1792,-1,794,-2.0
3985,move,1875,-1,794,-2.0
3986,move,1792,-1,794,-2.0
3987,move,1875,-1,794,-2.0
3988,move,1916,-1,794,-2.0
3989,move,2625,-1,794,-2.0
3990,move,2709,-1,794,-2.0
3991,move,1916,-1,794,-2.0
3992,move,1792,-1,794,-2.0
3993,delete,1583,-1,793,-2.0
3994,move,2750,-1,793,-2.0
3995,move,2000,-1,793,-2.0
3996,move,1875,-1,793,-2.0
3997,move,1708,-1,793,-2.0
3998,move,1875,-1,793,-2.0
3999,move,2458,-1,793,-2.0
4000,move,2708,245958,793,0.647347
4001,insert,1125,-1,794,-2.0
4002,move,2625,-1,794,-2.0
4003,move,1875,-1,794,-2.0
4004,move,2125,-1,794,-2.0
4005,move,1792,-1,794,-2.0
4006,move,1792,-1,794,-2.0
4007,move,1917,-1,794,-2.0
4008,insert,2333,-1,795,-2.0
4009,move,2292,-1,795,-2.0
4010,move,1875,-1,795,-2.0
4011,move,2709,-1,795,-2.0
4012,move,2666,-1,795,-2.0
4013,move,2334,-1,795,-2.0
4014,move,1916,-1,795,-2.0
4015,move,2666,-1,795,-2.0
4016,insert,875,-1,796,-2.0
4017,move,1834,-1,796,-2.0
4018,move,1792,-1,796,-2.0
4019,move,2625,-1,796,-2.0
4020,move,1875,-1,796,-2.0
4021,move,1833,-1,796,-2.0
4022,move,1875,-1,796,-2.0
4023,move,1958,-1,796,-2.0
4024,move,2791,-1,796,-2.0
4025,move,3084,251792,796,0.647972
4026,move,2042,-1,796,-2.0
4027,move,1875,-1,796,-2.0
4028,move,2541,-1,796,-2.0
4029,move,3125,-1,796,-2.0
4030,move,1833,-1,796,-2.0
4031,move,1875,-1,796,-2.0
4032,move,2542,-1,796,-2.0
4033,move,1833,-1,796,-2.0
4034,move,2458,-1,796,-2.0
4035,move,1834,-1,796,-2.0
4036,move,2500,-1,796,-2.0
4037,move,1833,-1,796,-2.0
4038,delete,1625,-1,795,-2.0
4039,move,2916,-1,795,-2.0
4040,move,1917,-1,795,-2.0
4041,move,1875,-1,795,-2.0
4042,move,1750,-1,795,-2.0
4043,move,1958,-1,795,-2.0
4044,move,1875,-1,795,-2.0
4045,move,2625,-1,795,-2.0
4046,move,2041,-1,795,-2.0
4047,move,2708,-1,795,-2.0
4048,move,1750,-1,795,-2.0
4049,move,1916,-1,795,-2.0
4050,move,2291,255750,795,0.650628
4051,move,2458,-1,795,-2.0
4052,delete,1583,-1,794,-2.0
4053,move,2750,-1,794,-2.0
4054,move,2417,-1,794,-2.0
4055,move,1917,-1,794,-2.0
4056,move,1917,-1,794,-2.0
4057,move,2333,-1,794,-2.0
4058,move,2500,-1,794,-2.0
4059,move,2083,-1,794,-2.0
4060,move,2250,-1,794,-2.0
4061,move,2375,-1,794,-2.0
4062,move,2084,-1,794,-2.0
4063,move,2958,-1,794,-2.0
4064,move,2667,-1,794,-2.0
4065,move,1958,-1,794,-2.0
4066,move,2625,-1,794,-2.0
4067,move,1834,-1,794,-2.0
4068,insert,2041,-1,795,-2.0
4069,move,1875,-1,795,-2.0
4070,move,1750,-1,795,-2.0
4071,move,2333,-1,795,-2.0
4072,move,1917,-1,795,-2.0
4073,delete,1584,-1,794,-2.0
4074,move,1709,-1,794,-2.0
4075,move,2166,258375,794,0.643821
4076,move,3958,-1,794,-2.0
4077,move,2583,-1,794,-2.0
4078,move,2667,-1,794,-2.0
4079,move,2375,-1,794,-2.0
4080,move,2292,-1,794,-2.0
4081,move,1959,-1,794,-2.0
4082,move,2625,-1,794,-2.0
4083,move,1875,-1,794,-2.0
4084,move,2375,-1,794,-2.0
4085,move,2041,-1,794,-2.0
4086,move,1959,-1,794,-2.0
4087,move,1875,-1,794,-2.0
4088,move,2250,-1,794,-2.0
4089,move,2708,-1,794,-2.0
4090,move,2875,-1,794,-2.0
4091,move,3000,-1,794,-2.0
4092,move,1958,-1,794,-2.0
4093,move,2625,-1,794,-2.0
4094,move,1917,-1,794,-2.0
4095,move,1750,-1,794,-2.0
4096,move,1917,-1,794,-2.0
4097,move,1750,-1,794,-2.0
4098,move,2541,-1,794,-2.0
4099,move,2417,-1,794,-2.0
4100,move,2041,252084,794,0.651435
4101,move,2542,-1,794,-2.0
4102,move,2708,-1,794,-2.0
4103,move,2417,-1,794,-2.0
4104,move,1917,-1,794,-2.0
4105,move,2000,-1,794,-2.0
4106,move,2500,-1,794,-2.0
4107,move,3333,-1,794,-2.0
4108,move,1917,-1,794,-2.0
4109,move,3208,-1,794,-2.0
4110,move,2209,-1,794,-2.0
4111,move,2750,-1,794,-2.0
4112,move,2042,-1,794,-2.0
4113,move,2666,-1,794,-2.0
4114,insert,1667,-1,795,-2.0
4115,insert,500,-1,796,-2.0
4116,move,1917,-1,796,-2.0
4117,move,2750,-1,796,-2.0
4118,move,1875,-1,796,-2.0
4119,move,3000,-1,796,-2.0
4120,move,2500,-1,796,-2.0
4121,move,1875,-1,796,-2.0
4122,move,1916,-1,796,-2.0
4123,move,1834,-1,796,-2.0
4124,move,1916,-1,796,-2.0
4125,move,2000,264375,796,0.658822
4126,move,2625,-1,796,-2.0
4127,move,3292,-1,796,-2.0
4128,move,2542,-1,796,-2.0
4129,move,2375,-1,796,-2.0
4130,insert,958,-1,797,-2.0
4131,move,2750,-1,797,-2.0
4132,move,2541,-1,797,-2.0
4133,move,2208,-1,797,-2.0
4134,move,2000,-1,797,-2.0
4135,move,2750,-1,797,-2.0
4136,move,2125,-1,797,-2.0
4137,move,1958,-1,797,-2.0
4138,move,1917,-1,797,-2.0
4139,move,1875,-1,797,-2.0
4140,move,3334,-1,797,-2.0
4141,move,1959,-1,797,-2.0
4142,move,1875,-1,797,-2.0
4143,move,2625,-1,797,-2.0
4144,delete,1625,-1,796,-2.0
4145,move,1833,-1,796,-2.0
4146,insert,1750,-1,797,-2.0
4147,move,2625,-1,797,-2.0
4148,move,2583,-1,797,-2.0
4149,move,1792,-1,797,-2.0
4150,move,2042,257916,797,0.659015
4151,move,2041,-1,797,-2.0
4152,move,1958,-1,797,-2.0
4153,move,1917,-1,797,-2.0
4154,move,2000,-1,797,-2.0
4155,move,2542,-1,797,-2.0
4156,move,1875,-1,797,-2.0
4157,move,2583,-1,797,-2.0
4158,move,1959,-1,797,-2.0
4159,move,2584,-1,797,-2.0
4160,move,2833,-1,797,-2.0
4161,move,2917,-1,797,-2.0
4162,move,2958,-1,797,-2.0
4163,move,2042,-1,797,-2.0
4164,move,2209,-1,797,-2.0
4165,move,2000,-1,797,-2.0
4166,move,2042,-1,797,-2.0
4167,move,1917,-1,797,-2.0
4168,move,2000,-1,797,-2.0
4169,move,2958,-1,797,-2.0
4170,move,2750,-1,797,-2.0
4171,move,2584,-1,797,-2.0
4172,move,1958,-1,797,-2.0
4173,move,1916,-1,797,-2.0
4174,move,2542,-1,797,-2.0
4175,move,1958,257083,797,0.661743
4176,move,1917,-1,797,-2.0
4177,move,2833,-1,797,-2.0
4178,move,2125,-1,797,-2.0
4179,move,2417,-1,797,-2.0
4180,move,2208,-1,797,-2.0
4181,move,2000,-1,797,-2.0
4182,move,2583,-1,797,-2.0
4183,move,2167,-1,797,-2.0
4184,move,2875,-1,797,-2.0
4185,move,2208,-1,797,-2.0
4186,move,2000,-1,797,-2.0
4187,move,2834,-1,797,-2.0
4188,insert,1250,-1,798,-2.0
4189,move,2500,-1,798,-2.0
4190,move,2750,-1,798,-2.0
4191,move,2625,-1,798,-2.0
4192,move,3041,-1,798,-2.0
4193,move,3334,-1,798,-2.0
4194,move,1916,-1,798,-2.0
4195,move,2958,-1,798,-2.0
4196,move,2042,-1,798,-2.0
4197,move,2333,-1,798,-2.0
4198,move,2209,-1,798,-2.0
4199,move,2708,-1,798,-2.0
4200,move,2833,251625,798,0.658233
4201,move,3125,-1,798,-2.0
4202,insert,2334,-1,799,-2.0
4203,move,2041,-1,799,-2.0
4204,move,2167,-1,799,-2.0
4205,move,1958,-1,799,-2.0
4206,move,2041,-1,799,-2.0
4207,move,2792,-1,799,-2.0
4208,move,1958,-1,799,-2.0
4209,move,1917,-1,799,-2.0
4210,insert,2125,-1,800,-2.0
4211,move,1917,-1,800,-2.0
4212,move,2000,-1,800,-2.0
4213,move,2333,-1,800,-2.0
4214,move,3042,-1,800,-2.0
4215,move,3084,-1,800,-2.0
4216,move,2709,-1,800,-2.0
4217,insert,1958,-1,801,-2.0
4218,move,2750,-1,801,-2.0
4219,move,3000,-1,801,-2.0
4220,move,2167,-1,801,-2.0
4221,move,2583,-1,801,-2.0
4222,move,1958,-1,801,-2.0
4223,move,2000,-1,801,-2.0
4224,move,2500,-1,801,-2.0
4225,move,2833,263792,801,0.65927
4226,move,2000,-1,801,-2.0
4227,move,1916,-1,801,-2.0
4228,move,2042,-1,801,-2.0
4229,move,3000,-1,801,-2.0
4230,move,1959,-1,801,-2.0
4231,move,2167,-1,801,-2.0
4232,move,2833,-1,801,-2.0
4233,move,1917,-1,801,-2.0
4234,move,2708,-1,801,-2.0
4235,move,2000,-1,801,-2.0
4236,move,1958,-1,801,-2.0
4237,move,2333,-1,801,-2.0
4238,move,1875,-1,801,-2.0
4239,move,3041,-1,801,-2.0
4240,move,2083,-1,801,-2.0
4241,move,1958,-1,801,-2.0
4242,move,2917,-1,801,-2.0
4243,move,3125,-1,801,-2.0
4244,move,2875,-1,801,-2.0
4245,move,2583,-1,801,-2.0
4246,move,2500,-1,801,-2.0
4247,move,2792,-1,801,-2.0
4248,move,2792,-1,801,-2.0
4249,move,2500,-1,801,-2.0
4250,move,3916,256291,801,0.65541
4251,move,3083,-1,801,-2.0
4252,move,1959,-1,801,-2.0
4253,move,2792,-1,801,-2.0
4254,move,2833,-1,801,-2.0
4255,move,2125,-1,801,-2.0
4256,move,2667,-1,801,-2.0
4257,move,1959,-1,801,-2.0
4258,move,2000,-1,801,-2.0
4259,move,2667,-1,801,-2.0
4260,move,2041,-1,801,-2.0
4261,move,1875,-1,801,-2.0
4262,move,1917,-1,801,-2.0
4263,move,1958,-1,801,-2.0
4264,move,1834,-1,801,-2.0
4265,move,2875,-1,801,-2.0
4266,insert,1166,-1,802,-2.0
4267,move,2583,-1,802,-2.0
4268,move,2042,-1,802,-2.0
4269,move,2708,-1,802,-2.0
4270,move,1958,-1,802,-2.0
4271,move,1875,-1,802,-2.0
4272,move,2708,-1,802,-2.0
4273,move,3125,-1,802,-2.0
4274,move,2958,-1,802,-2.0
4275,move,2542,251416,802,0.653142
4276,move,3083,-1,802,-2.0
4277,move,3334,-1,802,-2.0
4278,move,2625,-1,802,-2.0
4279,move,2083,-1,802,-2.0
4280,move,2667,-1,802,-2.0
4281,move,2625,-1,802,-2.0
4282,move,2708,-1,802,-2.0
4283,move,2042,-1,802,-2.0
4284,move,2000,-1,802,-2.0
4285,move,2708,-1,802,-2.0
4286,move,2000,-1,802,-2.0
4287,move,2958,-1,802,-2.0
4288,move,1958,-1,802,-2.0
4289,move,2750,-1,802,-2.0
4290,move,1958,-1,802,-2.0
4291,move,1917,-1,802,-2.0
4292,move,1917,-1,802,-2.0
4293,move,2084,-1,802,-2.0
4294,insert,2000,-1,803,-2.0
4295,move,1959,-1,803,-2.0
4296,move,1875,-1,803,-2.0
4297,move,2709,-1,803,-2.0
4298,move,2000,-1,803,-2.0
4299,move,1916,-1,803,-2.0
4300,move,3500,251709,803,0.65439
4301,move,2042,-1,803,-2.0
4302,move,3041,-1,803,-2.0
4303,move,2917,-1,803,-2.0
4304,move,2917,-1,803,-2.0
4305,move,3292,-1,803,-2.0
4306,move,2000,-1,803,-2.0
4307,move,1958,-1,803,-2.0
4308,move,1875,-1,803,-2.0
4309,move,1959,-1,803,-2.0
4310,move,2625,-1,803,-2.0
4311,move,3083,-1,803,-2.0
4312,move,1958,-1,803,-2.0
4313,move,2625,-1,803,-2.0
4314,move,2042,-1,803,-2.0
4315,insert,1791,-1,804,-2.0
4316,move,1958,-1,804,-2.0
4317,move,2000,-1,804,-2.0
4318,move,1958,-1,804,-2.0
4319,move,2000,-1,804,-2.0
4320,move,2625,-1,804,-2.0
4321,move,2000,-1,804,-2.0
4322,move,1917,-1,804,-2.0
4323,move,2791,-1,804,-2.0
4324,move,2000,-1,804,-2.0
4325,move,1875,257875,804,0.653104
4326,move,2625,-1,804,-2.0
4327,move,2125,-1,804,-2.0
4328,move,1917,-1,804,-2.0
4329,move,2792,-1,804,-2.0
4330,move,2916,-1,804,-2.0
4331,move,3709,-1,804,-2.0
4332,move,3125,-1,804,-2.0
4333,move,2208,-1,804,-2.0
4334,move,2083,-1,804,-2.0
4335,delete,1709,-1,803,-2.0
4336,move,2000,-1,803,-2.0
4337,move,2667,-1,803,-2.0
4338,move,2000,-1,803,-2.0
4339,move,2667,-1,803,-2.0
4340,move,1916,-1,803,-2.0
4341,move,2000,-1,803,-2.0
4342,move,1917,-1,803,-2.0
4343,move,2958,-1,803,-2.0
4344,move,2125,-1,803,-2.0
4345,move,1875,-1,803,-2.0
4346,move,2958,-1,803,-2.0
4347,move,2000,-1,803,-2.0
4348,move,2041,-1,803,-2.0
4349,move,1834,-1,803,-2.0
4350,move,2541,257542,803,0.650766
4351,move,2667,-1,803,-2.0
4352,move,2708,-1,803,-2.0
4353,move,2958,-1,803,-2.0
4354,move,1958,-1,803,-2.0
4355,move,3250,-1,803,-2.0
4356,move,3125,-1,803,-2.0
4357,move,3000,-1,803,-2.0
4358,move,2958,-1,803,-2.0
4359,move,1917,-1,803,-2.0
4360,move,2500,-1,803,-2.0
4361,move,2042,-1,803,-2.0
4362,move,2083,-1,803,-2.0
4363,move,2334,-1,803,-2.0
4364,move,2083,-1,803,-2.0
4365,move,2833,-1,803,-2.0
4366,move,2000,-1,803,-2.0
4367,move,2917,-1,803,-2.0
4368,move,1875,-1,803,-2.0
4369,move,2000,-1,803,-2.0
4370,move,2042,-1,803,-2.0
4371,move,1958,-1,803,-2.0
4372,move,1875,-1,803,-2.0
4373,move,1875,-1,803,-2.0
4374,move,2583,-1,803,-2.0
4375,move,1958,253834,803,0.649526
4376,move,1875,-1,803,-2.0
4377,move,3084,-1,803,-2.0
4378,move,3375,-1,803,-2.0
4379,move,3209,-1,803,-2.0
4380,move,2833,-1,803,-2.0
4381,move,2708,-1,803,-2.0
4382,move,1959,-1,803,-2.0
4383,move,2875,-1,803,-2.0
4384,move,2250,-1,803,-2.0
4385,move,2708,-1,803,-2.0
4386,move,2041,-1,803,-2.0
4387,move,2833,-1,803,-2.0
4388,move,2250,-1,803,-2.0
4389,move,2500,-1,803,-2.0
4390,move,5958,-1,803,-2.0
4391,move,2042,-1,803,-2.0
4392,move,2375,-1,803,-2.0
4393,move,2042,-1,803,-2.0
4394,move,3041,-1,803,-2.0
4395,move,2000,-1,803,-2.0
4396,move,2000,-1,803,-2.0
4397,move,2000,-1,803,-2.0
4398,move,1916,-1,803,-2.0
4399,move,1875,-1,803,-2.0
4400,move,2000,256166,803,0.649636
4401,move,2041,-1,803,-2.0
4402,insert,2292,-1,804,-2.0
4403,move,1917,-1,804,-2.0
4404,insert,1583,-1,805,-2.0
4405,move,2125,-1,805,-2.0
4406,move,2666,-1,805,-2.0
4407,move,1959,-1,805,-2.0
4408,move,1917,-1,805,-2.0
4409,move,2583,-1,805,-2.0
4410,move,2958,-1,805,-2.0
4411,move,3125,-1,805,-2.0
4412,move,3084,-1,805,-2.0
4413,move,3375,-1,805,-2.0
4414,move,3750,-1,805,-2.0
4415,move,2875,-1,805,-2.0
4416,move,3625,-1,805,-2.0
4417,move,2167,-1,805,-2.0
4418,move,3125,-1,805,-2.0
4419,move,2916,-1,805,-2.0
4420,move,2459,-1,805,-2.0
4421,move,2500,-1,805,-2.0
4422,move,2000,-1,805,-2.0
4423,insert,2084,-1,806,-2.0
4424,move,3458,-1,806,-2.0
4425,move,2542,290792,806,0.652235
4426,move,2042,-1,806,-2.0
4427,move,3083,-1,806,-2.0
4428,move,2833,-1,806,-2.0
4429,move,2000,-1,806,-2.0
4430,move,2042,-1,806,-2.0
4431,move,2000,-1,806,-2.0
4432,move,2000,-1,806,-2.0
4433,move,2916,-1,806,-2.0
4434,move,2750,-1,806,-2.0
4435,insert,1084,-1,807,-2.0
4436,move,2083,-1,807,-2.0
4437,move,1958,-1,807,-2.0
4438,move,3292,-1,807,-2.0
4439,move,2167,-1,807,-2.0
4440,move,1916,-1,807,-2.0
4441,move,2167,-1,807,-2.0
4442,move,3458,-1,807,-2.0
4443,move,3333,-1,807,-2.0
4444,move,2750,-1,807,-2.0
4445,move,3333,-1,807,-2.0
4446,move,2042,-1,807,-2.0
4447,move,2625,-1,807,-2.0
4448,move,2875,-1,807,-2.0
4449,move,2459,-1,807,-2.0
4450,move,2583,265000,807,0.658959
4451,move,2083,-1,807,-2.0
4452,insert,1500,-1,808,-2.0
4453,move,2916,-1,808,-2.0
4454,move,2750,-1,808,-2.0
4455,move,1959,-1,808,-2.0
4456,insert,250,-1,809,-2.0
4457,move,2250,-1,809,-2.0
4458,move,2042,-1,809,-2.0
4459,move,2000,-1,809,-2.0
4460,move,2000,-1,809,-2.0
4461,move,3333,-1,809,-2.0
4462,move,2709,-1,809,-2.0
4463,move,2750,-1,809,-2.0
4464,move,2834,-1,809,-2.0
4465,insert,958,-1,810,-2.0
4466,move,2042,-1,810,-2.0
4467,move,3125,-1,810,-2.0
4468,move,3417,-1,810,-2.0
4469,move,2208,-1,810,-2.0
4470,move,2125,-1,810,-2.0
4471,move,1958,-1,810,-2.0
4472,move,3208,-1,810,-2.0
4473,move,3208,-1,810,-2.0
4474,move,2792,-1,810,-2.0
4475,move,2917,266542,810,0.657426
4476,move,2083,-1,810,-2.0
4477,move,3833,-1,810,-2.0
4478,insert,1667,-1,811,-2.0
4479,move,3083,-1,811,-2.0
4480,move,2792,-1,811,-2.0
4481,move,2458,-1,811,-2.0
4482,move,2875,-1,811,-2.0
4483,move,2000,-1,811,-2.0
4484,move,2125,-1,811,-2.0
4485,move,2625,-1,811,-2.0
4486,move,2875,-1,811,-2.0
4487,move,1917,-1,811,-2.0
4488,move,2958,-1,811,-2.0
4489,move,2750,-1,811,-2.0
4490,move,2167,-1,811,-2.0
4491,move,3541,-1,811,-2.0
4492,move,2000,-1,811,-2.0
4493,move,2834,-1,811,-2.0
4494,move,2042,-1,811,-2.0
4495,move,2000,-1,811,-2.0
4496,move,3042,-1,811,-2.0
4497,move,2750,-1,811,-2.0
4498,insert,1791,-1,812,-2.0
4499,move,3250,-1,812,-2.0
4500,move,3000,271958,812,0.649621
4501,move,2500,-1,812,-2.0
4502,move,2084,-1,812,-2.0
4503,move,2125,-1,812,-2.0
4504,move,1958,-1,812,-2.0
4505,move,2042,-1,812,-2.0
4506,move,3250,-1,812,-2.0
4507,move,2958,-1,812,-2.0
4508,move,2084,-1,812,-2.0
4509,move,2041,-1,812,-2.0
4510,move,3542,-1,812,-2.0
4511,move,3125,-1,812,-2.0
4512,move,2750,-1,812,-2.0
4513,move,2084,-1,812,-2.0
4514,move,2500,-1,812,-2.0
4515,move,2667,-1,812,-2.0
4516,move,2042,-1,812,-2.0
4517,delete,1792,-1,811,-2.0
4518,move,1958,-1,811,-2.0
4519,move,3125,-1,811,-2.0
4520,move,2958,-1,811,-2.0
4521,move,3083,-1,811,-2.0
4522,move,2083,-1,811,-2.0
4523,insert,1667,-1,812,-2.0
4524,move,2041,-1,812,-2.0
4525,move,2084,269292,812,0.647209
4526,move,2042,-1,812,-2.0
4527,move,3125,-1,812,-2.0
4528,move,2208,-1,812,-2.0
4529,move,3250,-1,812,-2.0
4530,move,3167,-1,812,-2.0
4531,insert,1584,-1,813,-2.0
4532,move,2084,-1,813,-2.0
4533,move,2166,-1,813,-2.0
4534,move,2000,-1,813,-2.0
4535,move,3000,-1,813,-2.0
4536,move,3375,-1,813,-2.0
4537,move,2083,-1,813,-2.0
4538,move,3500,-1,813,-2.0
4539,move,2917,-1,813,-2.0
4540,move,2625,-1,813,-2.0
4541,move,2125,-1,813,-2.0
4542,move,2291,-1,813,-2.0
4543,move,1958,-1,813,-2.0
4544,move,3000,-1,813,-2.0
4545,move,2875,-1,813,-2.0
4546,move,2083,-1,813,-2.0
4547,move,2000,-1,813,-2.0
4548,move,3000,-1,813,-2.0
4549,move,2083,-1,813,-2.0
4550,move,1959,271250,813,0.644663
4551,insert,500,-1,814,-2.0
4552,move,2959,-1,814,-2.0
4553,move,3084,-1,814,-2.0
4554,move,2083,-1,814,-2.0
4555,move,3334,-1,814,-2.0
4556,move,2041,-1,814,-2.0
4557,move,1959,-1,814,-2.0
4558,move,2917,-1,814,-2.0
4559,move,2041,-1,814,-2.0
4560,move,3084,-1,814,-2.0
4561,move,2042,-1,814,-2.0
4562,move,3042,-1,814,-2.0
4563,move,2084,-1,814,-2.0
4564,move,2666,-1,814,-2.0
4565,move,2875,-1,814,-2.0
4566,move,2959,-1,814,-2.0
4567,move,2000,-1,814,-2.0
4568,move,3500,-1,814,-2.0
4569,move,2875,-1,814,-2.0
4570,move,2750,-1,814,-2.0
4571,move,2625,-1,814,-2.0
4572,move,2750,-1,814,-2.0
4573,move,2084,-1,814,-2.0
4574,move,2125,-1,814,-2.0
4575,move,3250,269584,814,0.645534
4576,move,2458,-1,814,-2.0
4577,move,2083,-1,814,-2.0
4578,delete,1750,-1,813,-2.0
4579,move,2709,-1,813,-2.0
4580,move,3375,-1,813,-2.0
4581,move,2834,-1,813,-2.0
4582,move,2833,-1,813,-2.0
4583,move,2041,-1,813,-2.0
4584,move,2167,-1,813,-2.0
4585,move,2000,-1,813,-2.0
4586,move,2625,-1,813,-2.0
4587,move,3083,-1,813,-2.0
4588,move,2792,-1,813,-2.0
4589,delete,1791,-1,812,-2.0
4590,move,2042,-1,812,-2.0
4591,move,2084,-1,812,-2.0
4592,insert,1625,-1,813,-2.0
4593,move,3125,-1,813,-2.0
4594,move,2875,-1,813,-2.0
4595,move,3583,-1,813,-2.0
4596,move,2041,-1,813,-2.0
4597,insert,1292,-1,814,-2.0
4598,move,2916,-1,814,-2.0
4599,move,2042,-1,814,-2.0
4600,move,2792,269209,814,0.643344
4601,move,3458,-1,814,-2.0
4602,move,3541,-1,814,-2.0
4603,move,2875,-1,814,-2.0
4604,move,2042,-1,814,-2.0
4605,move,2000,-1,814,-2.0
4606,move,2708,-1,814,-2.0
4607,move,2083,-1,814,-2.0
4608,move,1958,-1,814,-2.0
4609,move,2625,-1,814,-2.0
4610,move,2625,-1,814,-2.0
4611,move,2833,-1,814,-2.0
4612,move,2958,-1,814,-2.0
4613,move,2042,-1,814,-2.0
4614,move,2000,-1,814,-2.0
4615,move,2166,-1,814,-2.0
4616,move,3167,-1,814,-2.0
4617,move,2958,-1,814,-2.0
4618,move,2042,-1,814,-2.0
4619,move,2708,-1,814,-2.0
4620,move,2291,-1,814,-2.0
4621,move,2167,-1,814,-2.0
4622,move,3167,-1,814,-2.0
4623,move,2041,-1,814,-2.0
4624,move,3000,-1,814,-2.0
4625,move,2958,273208,814,0.643326
4626,move,3250,-1,814,-2.0
4627,move,2000,-1,814,-2.0
4628,move,2542,-1,814,-2.0
4629,move,3833,-1,814,-2.0
4630,move,2083,-1,814,-2.0
4631,move,3042,-1,814,-2.0
4632,move,2000,-1,814,-2.0
4633,move,2500,-1,814,-2.0
4634,move,1958,-1,814,-2.0
4635,move,2750,-1,814,-2.0
4636,move,2958,-1,814,-2.0
4637,move,2125,-1,814,-2.0
4638,move,3042,-1,814,-2.0
4639,move,2792,-1,814,-2.0
4640,move,2708,-1,814,-2.0
4641,move,1958,-1,814,-2.0
4642,move,2750,-1,814,-2.0
4643,move,2167,-1,814,-2.0
4644,move,2000,-1,814,-2.0
4645,move,2000,-1,814,-2.0
4646,move,2042,-1,814,-2.0
4647,move,3000,-1,814,-2.0
4648,move,2000,-1,814,-2.0
4649,move,2000,-1,814,-2.0
4650,move,3083,266250,814,0.643326
4651,move,2875,-1,814,-2.0
4652,move,2708,-1,814,-2.0
4653,move,3042,-1,814,-2.0
4654,move,2833,-1,814,-2.0
4655,move,2125,-1,814,-2.0
4656,move,3209,-1,814,-2.0
4657,move,2125,-1,814,-2.0
4658,move,2792,-1,814,-2.0
4659,move,2791,-1,814,-2.0
4660,move,2041,-1,814,-2.0
4661,move,3167,-1,814,-2.0
4662,move,2042,-1,814,-2.0
4663,move,2459,-1,814,-2.0
4664,move,2916,-1,814,-2.0
4665,move,2833,-1,814,-2.0
4666,move,2000,-1,814,-2.0
4667,move,2000,-1,814,-2.0
4668,move,2083,-1,814,-2.0
4669,move,2209,-1,814,-2.0
4670,move,3500,-1,814,-2.0
4671,move,2625,-1,814,-2.0
4672,move,2000,-1,814,-2.0
4673,move,2042,-1,814,-2.0
4674,move,2042,-1,814,-2.0
4675,move,2750,267750,814,0.639936
4676,move,2166,-1,814,-2.0
4677,move,2166,-1,814,-2.0
4678,move,2084,-1,814,-2.0
4679,move,3167,-1,814,-2.0
4680,move,2500,-1,814,-2.0
4681,move,2125,-1,814,-2.0
4682,delete,1833,-1,813,-2.0
4683,move,2833,-1,813,-2.0
4684,move,2709,-1,813,-2.0
4685,move,2667,-1,813,-2.0
4686,move,3375,-1,813,-2.0
4687,move,2083,-1,813,-2.0
4688,move,3208,-1,813,-2.0
4689,move,2958,-1,813,-2.0
4690,move,2583,-1,813,-2.0
4691,move,2625,-1,813,-2.0
4692,move,2250,-1,813,-2.0
4693,move,2167,-1,813,-2.0
4694,move,2875,-1,813,-2.0
4695,move,3041,-1,813,-2.0
4696,move,2250,-1,813,-2.0
4697,move,2083,-1,813,-2.0
4698,move,2084,-1,813,-2.0
4699,move,2166,-1,813,-2.0
4700,move,2125,259583,813,0.640263
4701,move,2041,-1,813,-2.0
4702,move,3083,-1,813,-2.0
4703,move,2750,-1,813,-2.0
4704,move,2083,-1,813,-2.0
4705,move,3875,-1,813,-2.0
4706,move,3084,-1,813,-2.0
4707,move,3166,-1,813,-2.0
4708,move,2292,-1,813,-2.0
4709,move,2208,-1,813,-2.0
4710,move,2167,-1,813,-2.0
4711,move,2916,-1,813,-2.0
4712,move,2917,-1,813,-2.0
4713,move,2125,-1,813,-2.0
4714,move,2416,-1,813,-2.0
4715,move,2875,-1,813,-2.0
4716,move,2209,-1,813,-2.0
4717,move,2708,-1,813,-2.0
4718,move,2875,-1,813,-2.0
4719,move,2917,-1,813,-2.0
4720,move,2000,-1,813,-2.0
4721,move,2083,-1,813,-2.0
4722,move,2875,-1,813,-2.0
4723,move,2792,-1,813,-2.0
4724,move,2250,-1,813,-2.0
4725,move,2084,258292,813,0.64856
4726,move,3542,-1,813,-2.0
4727,move,2083,-1,813,-2.0
4728,move,2083,-1,813,-2.0
4729,delete,1834,-1,812,-2.0
4730,move,2125,-1,812,-2.0
4731,move,2083,-1,812,-2.0
4732,move,2084,-1,812,-2.0
4733,move,3584,-1,812,-2.0
4734,move,2959,-1,812,-2.0
4735,move,2125,-1,812,-2.0
4736,move,2208,-1,812,-2.0
4737,move,2167,-1,812,-2.0
4738,move,2916,-1,812,-2.0
4739,move,2917,-1,812,-2.0
4740,move,2666,-1,812,-2.0
4741,move,2042,-1,812,-2.0
4742,move,2083,-1,812,-2.0
4743,move,3292,-1,812,-2.0
4744,move,3167,-1,812,-2.0
4745,move,2583,-1,812,-2.0
4746,move,2959,-1,812,-2.0
4747,move,2875,-1,812,-2.0
4748,move,2125,-1,812,-2.0
4749,move,2125,-1,812,-2.0
4750,delete,1833,261958,811,0.64375
4751,move,2166,-1,811,-2.0
4752,move,2791,-1,811,-2.0
4753,move,2167,-1,811,-2.0
4754,move,2000,-1,811,-2.0
4755,move,2041,-1,811,-2.0
4756,move,2167,-1,811,-2.0
4757,move,3125,-1,811,-2.0
4758,move,2875,-1,811,-2.0
4759,move,2125,-1,811,-2.0
4760,move,3458,-1,811,-2.0
4761,move,3000,-1,811,-2.0
4762,move,2833,-1,811,-2.0
4763,move,2833,-1,811,-2.0
4764,move,2209,-1,811,-2.0
4765,move,2791,-1,811,-2.0
4766,move,2959,-1,811,-2.0
4767,move,2833,-1,811,-2.0
4768,move,2167,-1,811,-2.0
4769,move,3208,-1,811,-2.0
4770,move,2000,-1,811,-2.0
4771,move,2083,-1,811,-2.0
4772,move,2084,-1,811,-2.0
4773,move,2959,-1,811,-2.0
4774,move,2875,-1,811,-2.0
4775,move,3000,255917,811,0.64437
4776,move,3208,-1,811,-2.0
4777,move,2166,-1,811,-2.0
4778,move,2125,-1,811,-2.0
4779,move,2125,-1,811,-2.0
4780,move,3083,-1,811,-2.0
4781,move,2083,-1,811,-2.0
4782,insert,1083,-1,812,-2.0
4783,move,2125,-1,812,-2.0
4784,move,2041,-1,812,-2.0
4785,move,3000,-1,812,-2.0
4786,delete,1792,-1,811,-2.0
4787,move,2458,-1,811,-2.0
4788,move,3125,-1,811,-2.0
4789,move,2083,-1,811,-2.0
4790,move,2959,-1,811,-2.0
4791,move,2750,-1,811,-2.0
4792,move,3166,-1,811,-2.0
4793,move,2333,-1,811,-2.0
4794,move,3000,-1,811,-2.0
4795,move,3000,-1,811,-2.0
4796,move,2750,-1,811,-2.0
4797,move,2125,-1,811,-2.0
4798,move,3333,-1,811,-2.0
4799,move,2125,-1,811,-2.0
4800,move,2209,260875,811,0.641962
4801,move,2833,-1,811,-2.0
4802,move,3917,-1,811,-2.0
4803,move,2125,-1,811,-2.0
4804,move,2167,-1,811,-2.0
4805,move,2167,-1,811,-2.0
4806,move,2125,-1,811,-2.0
4807,move,2084,-1,811,-2.0
4808,move,2959,-1,811,-2.0
4809,move,2916,-1,811,-2.0
4810,move,2167,-1,811,-2.0
4811,move,2083,-1,811,-2.0
4812,move,2375,-1,811,-2.0
4813,move,2083,-1,811,-2.0
4814,move,2875,-1,811,-2.0
4815,move,2083,-1,811,-2.0
4816,move,2083,-1,811,-2.0
4817,move,3667,-1,811,-2.0
4818,move,2791,-1,811,-2.0
4819,move,2167,-1,811,-2.0
4820,move,2583,-1,811,-2.0
4821,move,2292,-1,811,-2.0
4822,move,3667,-1,811,-2.0
4823,move,2250,-1,811,-2.0
4824,move,2750,-1,811,-2.0
4825,move,2541,261584,811,0.640778
4826,move,2209,-1,811,-2.0
4827,move,2209,-1,811,-2.0
4828,move,2041,-1,811,-2.0
4829,move,3125,-1,811,-2.0
4830,delete,1792,-1,810,-2.0
4831,move,2167,-1,810,-2.0
4832,move,2916,-1,810,-2.0
4833,move,2167,-1,810,-2.0
4834,move,2209,-1,810,-2.0
4835,move,2083,-1,810,-2.0
4836,move,3042,-1,810,-2.0
4837,move,2791,-1,810,-2.0
4838,move,2125,-1,810,-2.0
4839,move,2792,-1,810,-2.0
4840,move,2167,-1,810,-2.0
4841,move,2125,-1,810,-2.0
4842,move,2167,-1,810,-2.0
4843,move,2167,-1,810,-2.0
4844,move,2875,-1,810,-2.0
4845,move,2125,-1,810,-2.0
4846,move,2042,-1,810,-2.0
4847,move,2709,-1,810,-2.0
4848,move,3041,-1,810,-2.0
4849,move,2167,-1,810,-2.0
4850,move,2125,266208,810,0.638518
4851,move,2875,-1,810,-2.0
4852,move,2917,-1,810,-2.0
4853,move,2208,-1,810,-2.0
4854,move,3167,-1,810,-2.0
4855,delete,1834,-1,809,-2.0
4856,move,2667,-1,809,-2.0
4857,move,3959,-1,809,-2.0
4858,move,2459,-1,809,-2.0
4859,move,3416,-1,809,-2.0
4860,move,2167,-1,809,-2.0
4861,move,2167,-1,809,-2.0
4862,move,3166,-1,809,-2.0
4863,move,3250,-1,809,-2.0
4864,move,2042,-1,809,-2.0
4865,move,2584,-1,809,-2.0
4866,move,2041,-1,809,-2.0
4867,move,3250,-1,809,-2.0
4868,move,2709,-1,809,-2.0
4869,move,2166,-1,809,-2.0
4870,move,3084,-1,809,-2.0
4871,move,2333,-1,809,-2.0
4872,move,2125,-1,809,-2.0
4873,move,2125,-1,809,-2.0
4874,move,2959,-1,809,-2.0
4875,move,2166,258417,809,0.63672
4876,move,2208,-1,809,-2.0
4877,move,2875,-1,809,-2.0
4878,move,2833,-1,809,-2.0
4879,move,2917,-1,809,-2.0
4880,move,2125,-1,809,-2.0
4881,move,2875,-1,809,-2.0
4882,move,2875,-1,809,-2.0
4883,move,2667,-1,809,-2.0
4884,move,2833,-1,809,-2.0
4885,move,2209,-1,809,-2.0
4886,insert,1209,-1,810,-2.0
4887,move,2167,-1,810,-2.0
4888,move,2084,-1,810,-2.0
4889,move,3208,-1,810,-2.0
4890,move,2250,-1,810,-2.0
4891,move,2875,-1,810,-2.0
4892,move,3500,-1,810,-2.0
4893,move,2250,-1,810,-2.0
4894,move,2250,-1,810,-2.0
4895,move,2208,-1,810,-2.0
4896,move,3083,-1,810,-2.0
4897,move,2417,-1,810,-2.0
4898,move,2750,-1,810,-2.0
4899,move,2167,-1,810,-2.0
4900,move,2125,261000,810,0.638185
4901,move,2417,-1,810,-2.0
4902,move,2750,-1,810,-2.0
4903,move,2875,-1,810,-2.0
4904,move,2375,-1,810,-2.0
4905,move,2167,-1,810,-2.0
4906,move,2708,-1,810,-2.0
4907,move,3833,-1,810,-2.0
4908,move,2167,-1,810,-2.0
4909,move,2583,-1,810,-2.0
4910,move,3250,-1,810,-2.0
4911,move,2208,-1,810,-2.0
4912,move,2167,-1,810,-2.0
4913,move,3833,-1,810,-2.0
4914,move,3042,-1,810,-2.0
4915,move,2083,-1,810,-2.0
4916,move,2083,-1,810,-2.0
4917,move,3292,-1,810,-2.0
4918,move,2166,-1,810,-2.0
4919,move,3084,-1,810,-2.0
4920,move,2209,-1,810,-2.0
4921,move,2791,-1,810,-2.0
4922,move,2834,-1,810,-2.0
4923,move,2916,-1,810,-2.0
4924,move,3125,-1,810,-2.0
4925,move,3084,262333,810,0.703104
4926,move,2167,-1,810,-2.0
4927,move,3875,-1,810,-2.0
4928,move,2250,-1,810,-2.0
4929,move,3042,-1,810,-2.0
4930,move,2792,-1,810,-2.0
4931,move,2834,-1,810,-2.0
4932,move,3041,-1,810,-2.0
4933,delete,1875,-1,809,-2.0
4934,delete,1834,-1,808,-2.0
4935,insert,875,-1,809,-2.0
4936,move,2625,-1,809,-2.0
4937,move,2167,-1,809,-2.0
4938,move,2125,-1,809,-2.0
4939,move,2166,-1,809,-2.0
4940,move,2917,-1,809,-2.0
4941,move,2958,-1,809,-2.0
4942,move,3000,-1,809,-2.0
4943,move,2875,-1,809,-2.0
4944,move,3166,-1,809,-2.0
4945,move,2083,-1,809,-2.0
4946,move,2959,-1,809,-2.0
4947,move,2167,-1,809,-2.0
4948,move,2791,-1,809,-2.0
4949,move,3209,-1,809,-2.0
4950,move,2250,265333,809,0.805673
4951,move,2375,-1,809,-2.0
4952,move,2166,-1,809,-2.0
4953,move,3042,-1,809,-2.0
4954,move,2041,-1,809,-2.0
4955,move,2084,-1,809,-2.0
4956,move,2250,-1,809,-2.0
4957,move,2958,-1,809,-2.0
4958,move,2208,-1,809,-2.0
4959,move,2167,-1,809,-2.0
4960,move,3125,-1,809,-2.0
4961,move,2959,-1,809,-2.0
4962,move,3083,-1,809,-2.0
4963,move,3291,-1,809,-2.0
4964,move,2334,-1,809,-2.0
4965,move,2250,-1,809,-2.0
4966,move,2417,-1,809,-2.0
4967,move,2417,-1,809,-2.0
4968,move,3167,-1,809,-2.0
4969,move,3791,-1,809,-2.0
4970,move,3291,-1,809,-2.0
4971,move,2375,-1,809,-2.0
4972,move,2250,-1,809,-2.0
4973,move,3041,-1,809,-2.0
4974,move,2750,-1,809,-2.0
4975,move,2834,265083,809,0.799447
4976,move,3041,-1,809,-2.0
4977,move,3000,-1,809,-2.0
4978,move,2125,-1,809,-2.0
4979,move,2166,-1,809,-2.0
4980,move,2750,-1,809,-2.0
4981,move,2666,-1,809,-2.0
4982,move,3458,-1,809,-2.0
4983,move,3000,-1,809,-2.0
4984,move,2959,-1,809,-2.0
4985,move,2166,-1,809,-2.0
4986,move,2792,-1,809,-2.0
4987,move,2167,-1,809,-2.0
4988,move,2916,-1,809,-2.0
4989,move,2792,-1,809,-2.0
4990,move,2125,-1,809,-2.0
4991,move,3541,-1,809,-2.0
4992,move,2292,-1,809,-2.0
4993,move,2208,-1,809,-2.0
4994,move,2083,-1,809,-2.0
4995,move,2208,-1,809,-2.0
4996,move,2875,-1,809,-2.0
4997,delete,1917,-1,808,-2.0
4998,delete,1875,-1,807,-2.0
4999,move,2084,-1,807,-2.0
5000,move,3041,260667,807,0.643505
5001,move,2209,-1,807,-2.0
5002,move,3459,-1,807,-2.0
5003,move,3000,-1,807,-2.0
5004,move,2916,-1,807,-2.0
5005,move,2917,-1,807,-2.0
5006,move,2166,-1,807,-2.0
5007,move,2875,-1,807,-2.0
5008,move,2917,-1,807,-2.0
5009,move,2958,-1,807,-2.0
5010,move,3083,-1,807,-2.0
5011,move,2166,-1,807,-2.0
5012,move,2292,-1,807,-2.0
5013,move,3250,-1,807,-2.0
5014,move,2208,-1,807,-2.0
5015,move,2250,-1,807,-2.0
5016,move,3083,-1,807,-2.0
5017,move,2250,-1,807,-2.0
5018,move,3042,-1,807,-2.0
5019,move,2792,-1,807,-2.0
5020,move,2292,-1,807,-2.0
5021,move,3208,-1,807,-2.0
5022,move,2250,-1,807,-2.0
5023,move,2291,-1,807,-2.0
5024,move,2250,-1,807,-2.0
5025,move,2125,262833,807,0.644194
5026,move,3417,-1,807,-2.0
5027,move,2333,-1,807,-2.0
5028,move,3750,-1,807,-2.0
5029,move,2833,-1,807,-2.0
5030,move,3208,-1,807,-2.0
5031,move,3250,-1,807,-2.0
5032,move,2333,-1,807,-2.0
5033,move,2583,-1,807,-2.0
5034,move,3583,-1,807,-2.0
5035,move,2792,-1,807,-2.0
5036,move,3167,-1,807,-2.0
5037,move,3083,-1,807,-2.0
5038,move,3083,-1,807,-2.0
5039,move,2208,-1,807,-2.0
5040,move,3291,-1,807,-2.0
5041,move,2292,-1,807,-2.0
5042,move,2250,-1,807,-2.0
5043,move,2250,-1,807,-2.0
5044,move,3000,-1,807,-2.0
5045,move,3250,-1,807,-2.0
5046,move,2208,-1,807,-2.0
5047,move,2208,-1,807,-2.0
5048,move,2875,-1,807,-2.0
5049,move,3459,-1,807,-2.0
5050,move,3000,265375,807,0.641101
5051,move,2250,-1,807,-2.0
5052,move,2125,-1,807,-2.0
5053,move,2250,-1,807,-2.0
5054,move,2208,-1,807,-2.0
5055,move,2208,-1,807,-2.0
5056,move,3333,-1,807,-2.0
5057,insert,2209,-1,808,-2.0
5058,move,2917,-1,808,-2.0
5059,move,3250,-1,808,-2.0
5060,move,2167,-1,808,-2.0
5061,move,2250,-1,808,-2.0
5062,move,2250,-1,808,-2.0
5063,move,3416,-1,808,-2.0
5064,move,2750,-1,808,-2.0
5065,move,2208,-1,808,-2.0
5066,move,2250,-1,808,-2.0
5067,move,2916,-1,808,-2.0
5068,move,2875,-1,808,-2.0
5069,move,2375,-1,808,-2.0
5070,move,2250,-1,808,-2.0
5071,move,3167,-1,808,-2.0
5072,move,2167,-1,808,-2.0
5073,move,3000,-1,808,-2.0
5074,move,2958,-1,808,-2.0
5075,move,2166,267459,808,0.708299
5076,move,2208,-1,808,-2.0
5077,move,2083,-1,808,-2.0
5078,move,2958,-1,808,-2.0
5079,move,2167,-1,808,-2.0
5080,move,3041,-1,808,-2.0
5081,move,2167,-1,808,-2.0
5082,move,2208,-1,808,-2.0
5083,move,2333,-1,808,-2.0
5084,move,2125,-1,808,-2.0
5085,move,2209,-1,808,-2.0
5086,move,3208,-1,808,-2.0
5087,move,2208,-1,808,-2.0
5088,move,2458,-1,808,-2.0
5089,move,2834,-1,808,-2.0
5090,move,2250,-1,808,-2.0
5091,move,3208,-1,808,-2.0
5092,move,3167,-1,808,-2.0
5093,move,2208,-1,808,-2.0
5094,move,3209,-1,808,-2.0
5095,move,2250,-1,808,-2.0
5096,move,2250,-1,808,-2.0
5097,move,3250,-1,808,-2.0
5098,move,2625,-1,808,-2.0
5099,move,2417,-1,808,-2.0
5100,move,3333,259791,808,0.71113
5101,move,2250,-1,808,-2.0
5102,delete,1917,-1,807,-2.0
5103,delete,2042,-1,806,-2.0
5104,move,2958,-1,806,-2.0
5105,move,3125,-1,806,-2.0
5106,move,2166,-1,806,-2.0
5107,move,2250,-1,806,-2.0
5108,move,2250,-1,806,-2.0
5109,move,2250,-1,806,-2.0
5110,move,2959,-1,806,-2.0
5111,move,2333,-1,806,-2.0
5112,move,3500,-1,806,-2.0
5113,move,2959,-1,806,-2.0
5114,move,2250,-1,806,-2.0
5115,move,2208,-1,806,-2.0
5116,move,3083,-1,806,-2.0
5117,move,2250,-1,806,-2.0
5118,move,2959,-1,806,-2.0
5119,move,3250,-1,806,-2.0
5120,move,3292,-1,806,-2.0
5121,move,2333,-1,806,-2.0
5122,move,2250,-1,806,-2.0
5123,move,2750,-1,806,-2.0
5124,move,2209,-1,806,-2.0
5125,move,2875,259125,806,0.707826
5126,move,3125,-1,806,-2.0
5127,move,2291,-1,806,-2.0
5128,move,3417,-1,806,-2.0
5129,move,3166,-1,806,-2.0
5130,move,2209,-1,806,-2.0
5131,move,2291,-1,806,-2.0
5132,move,3250,-1,806,-2.0
5133,move,3042,-1,806,-2.0
5134,move,3167,-1,806,-2.0
5135,move,2250,-1,806,-2.0
5136,move,2166,-1,806,-2.0
5137,move,2209,-1,806,-2.0
5138,move,2916,-1,806,-2.0
5139,move,2917,-1,806,-2.0
5140,move,2208,-1,806,-2.0
5141,move,2917,-1,806,-2.0
5142,move,2792,-1,806,-2.0
5143,move,2292,-1,806,-2.0
5144,move,2291,-1,806,-2.0
5145,move,3125,-1,806,-2.0
5146,move,2167,-1,806,-2.0
5147,delete,1875,-1,805,-2.0
5148,move,2292,-1,805,-2.0
5149,move,3167,-1,805,-2.0
5150,move,2208,260667,805,0.64367
5151,move,2333,-1,805,-2.0
5152,move,2250,-1,805,-2.0
5153,move,2250,-1,805,-2.0
5154,move,2333,-1,805,-2.0
5155,move,2208,-1,805,-2.0
5156,move,3333,-1,805,-2.0
5157,move,3042,-1,805,-2.0
5158,move,3041,-1,805,-2.0
5159,move,3209,-1,805,-2.0
5160,move,3000,-1,805,-2.0
5161,move,2250,-1,805,-2.0
5162,move,2250,-1,805,-2.0
5163,move,2167,-1,805,-2.0
5164,move,3125,-1,805,-2.0
5165,move,3500,-1,805,-2.0
5166,move,2208,-1,805,-2.0
5167,move,2292,-1,805,-2.0
5168,move,2375,-1,805,-2.0
5169,move,2333,-1,805,-2.0
5170,move,2250,-1,805,-2.0
5171,move,2250,-1,805,-2.0
5172,move,3125,-1,805,-2.0
5173,move,3083,-1,805,-2.0
5174,move,2750,-1,805,-2.0
5175,move,2167,262541,805,0.641884
5176,move,3208,-1,805,-2.0
5177,move,3583,-1,805,-2.0
5178,move,2250,-1,805,-2.0
5179,move,2583,-1,805,-2.0
5180,move,3209,-1,805,-2.0
5181,move,2125,-1,805,-2.0
5182,move,2750,-1,805,-2.0
5183,move,2334,-1,805,-2.0
5184,move,2167,-1,805,-2.0
5185,move,3292,-1,805,-2.0
5186,move,2291,-1,805,-2.0
5187,move,3750,-1,805,-2.0
5188,move,3333,-1,805,-2.0
5189,move,2917,-1,805,-2.0
5190,move,2291,-1,805,-2.0
5191,move,2875,-1,805,-2.0
5192,move,2250,-1,805,-2.0
5193,move,2208,-1,805,-2.0
5194,move,2209,-1,805,-2.0
5195,move,3083,-1,805,-2.0
5196,move,3417,-1,805,-2.0
5197,move,2333,-1,805,-2.0
5198,move,2167,-1,805,-2.0
5199,move,2208,-1,805,-2.0
5200,move,2167,258500,805,0.642004
5201,move,2250,-1,805,-2.0
5202,insert,2458,-1,806,-2.0
5203,move,3042,-1,806,-2.0
5204,move,3084,-1,806,-2.0
5205,move,2875,-1,806,-2.0
5206,move,3042,-1,806,-2.0
5207,move,2375,-1,806,-2.0
5208,move,2166,-1,806,-2.0
5209,move,2250,-1,806,-2.0
5210,move,3125,-1,806,-2.0
5211,move,3750,-1,806,-2.0
5212,move,2333,-1,806,-2.0
5213,move,3000,-1,806,-2.0
5214,move,2334,-1,806,-2.0
5215,move,3041,-1,806,-2.0
5216,move,3084,-1,806,-2.0
5217,move,2250,-1,806,-2.0
5218,move,2250,-1,806,-2.0
5219,move,2125,-1,806,-2.0
5220,move,3375,-1,806,-2.0
5221,move,2291,-1,806,-2.0
5222,move,3709,-1,806,-2.0
5223,move,2291,-1,806,-2.0
5224,move,2459,-1,806,-2.0
5225,move,2250,262958,806,0.652243
5226,move,2375,-1,806,-2.0
5227,move,2167,-1,806,-2.0
5228,move,4083,-1,806,-2.0
5229,move,2958,-1,806,-2.0
5230,move,3375,-1,806,-2.0
5231,move,2292,-1,806,-2.0
5232,move,3000,-1,806,-2.0
5233,move,2292,-1,806,-2.0
5234,move,2208,-1,806,-2.0
5235,move,2917,-1,806,-2.0
5236,move,2708,-1,806,-2.0
5237,move,2250,-1,806,-2.0
5238,move,3541,-1,806,-2.0
5239,move,2375,-1,806,-2.0
5240,move,3417,-1,806,-2.0
5241,move,3166,-1,806,-2.0
5242,move,2292,-1,806,-2.0
5243,move,3458,-1,806,-2.0
5244,move,2292,-1,806,-2.0
5245,move,2417,-1,806,-2.0
5246,move,2792,-1,806,-2.0
5247,move,2291,-1,806,-2.0
5248,move,2250,-1,806,-2.0
5249,move,3167,-1,806,-2.0
5250,move,4000,266209,806,0.656611
5251,move,3208,-1,806,-2.0
5252,move,2333,-1,806,-2.0
5253,move,3333,-1,806,-2.0
5254,move,3375,-1,806,-2.0
5255,move,2250,-1,806,-2.0
5256,move,2500,-1,806,-2.0
5257,move,2333,-1,806,-2.0
5258,move,2792,-1,806,-2.0
5259,move,2542,-1,806,-2.0
5260,move,2292,-1,806,-2.0
5261,move,3125,-1,806,-2.0
5262,move,2208,-1,806,-2.0
5263,move,2208,-1,806,-2.0
5264,move,3375,-1,806,-2.0
5265,move,2250,-1,806,-2.0
5266,move,2917,-1,806,-2.0
5267,move,2625,-1,806,-2.0
5268,move,2250,-1,806,-2.0
5269,move,3167,-1,806,-2.0
5270,move,3583,-1,806,-2.0
5271,move,2334,-1,806,-2.0
5272,move,3333,-1,806,-2.0
5273,delete,1958,-1,805,-2.0
5274,move,3042,-1,805,-2.0
5275,move,2375,263000,805,0.816135
5276,move,2417,-1,805,-2.0
5277,move,2250,-1,805,-2.0
5278,move,2250,-1,805,-2.0
5279,move,4000,-1,805,-2.0
5280,move,2292,-1,805,-2.0
5281,move,3250,-1,805,-2.0
5282,move,3375,-1,805,-2.0
5283,move,2708,-1,805,-2.0
5284,move,2292,-1,805,-2.0
5285,move,2167,-1,805,-2.0
5286,move,2250,-1,805,-2.0
5287,move,2333,-1,805,-2.0
5288,move,2250,-1,805,-2.0
5289,move,3208,-1,805,-2.0
5290,move,2292,-1,805,-2.0
5291,move,2292,-1,805,-2.0
5292,move,3666,-1,805,-2.0
5293,move,2959,-1,805,-2.0
5294,move,2250,-1,805,-2.0
5295,move,2333,-1,805,-2.0
5296,move,2250,-1,805,-2.0
5297,move,3875,-1,805,-2.0
5298,move,2334,-1,805,-2.0
5299,move,2792,-1,805,-2.0
5300,move,3416,257625,805,0.648511
5301,move,3125,-1,805,-2.0
5302,move,3041,-1,805,-2.0
5303,move,2375,-1,805,-2.0
5304,move,2750,-1,805,-2.0
5305,move,2250,-1,805,-2.0
5306,move,4083,-1,805,-2.0
5307,move,2292,-1,805,-2.0
5308,move,2750,-1,805,-2.0
5309,move,3541,-1,805,-2.0
5310,move,2334,-1,805,-2.0
5311,delete,1958,-1,804,-2.0
5312,move,2084,-1,804,-2.0
5313,move,2291,-1,804,-2.0
5314,move,2625,-1,804,-2.0
5315,move,2250,-1,804,-2.0
5316,move,3333,-1,804,-2.0
5317,move,2375,-1,804,-2.0
5318,move,3250,-1,804,-2.0
5319,move,2292,-1,804,-2.0
5320,delete,1958,-1,803,-2.0
5321,move,2375,-1,803,-2.0
5322,move,2292,-1,803,-2.0
5323,delete,2000,-1,802,-2.0
5324,move,2208,-1,802,-2.0
5325,move,3917,257750,802,0.646177
5326,move,2291,-1,802,-2.0
5327,move,4083,-1,802,-2.0
5328,move,3125,-1,802,-2.0
5329,move,2917,-1,802,-2.0
5330,move,2791,-1,802,-2.0
5331,move,3209,-1,802,-2.0
5332,move,2209,-1,802,-2.0
5333,delete,1958,-1,801,-2.0
5334,move,3250,-1,801,-2.0
5335,move,2250,-1,801,-2.0
5336,move,2625,-1,801,-2.0
5337,move,3000,-1,801,-2.0
5338,move,3791,-1,801,-2.0
5339,move,2167,-1,801,-2.0
5340,move,2333,-1,801,-2.0
5341,move,2208,-1,801,-2.0
5342,move,2250,-1,801,-2.0
5343,move,3708,-1,801,-2.0
5344,insert,1083,-1,802,-2.0
5345,move,2375,-1,802,-2.0
5346,move,3625,-1,802,-2.0
5347,move,2708,-1,802,-2.0
5348,move,3125,-1,802,-2.0
5349,move,3084,-1,802,-2.0
5350,move,2292,253833,802,0.648715
5351,move,2459,-1,802,-2.0
5352,delete,1958,-1,801,-2.0
5353,move,2292,-1,801,-2.0
5354,move,3583,-1,801,-2.0
5355,move,2250,-1,801,-2.0
5356,move,2292,-1,801,-2.0
5357,move,2708,-1,801,-2.0
5358,move,4167,-1,801,-2.0
5359,move,3333,-1,801,-2.0
5360,move,2875,-1,801,-2.0
5361,move,2291,-1,801,-2.0
5362,move,2250,-1,801,-2.0
5363,move,3292,-1,801,-2.0
5364,move,3584,-1,801,-2.0
5365,move,2875,-1,801,-2.0
5366,move,3042,-1,801,-2.0
5367,move,2291,-1,801,-2.0
5368,move,2208,-1,801,-2.0
5369,move,2208,-1,801,-2.0
5370,move,2958,-1,801,-2.0
5371,move,2334,-1,801,-2.0
5372,move,3250,-1,801,-2.0
5373,delete,2000,-1,800,-2.0
5374,move,2291,-1,800,-2.0
5375,move,2708,254459,800,0.646007
5376,move,2375,-1,800,-2.0
5377,move,3333,-1,800,-2.0
5378,move,3208,-1,800,-2.0
5379,move,2959,-1,800,-2.0
5380,move,3250,-1,800,-2.0
5381,move,2250,-1,800,-2.0
5382,move,2250,-1,800,-2.0
5383,move,2333,-1,800,-2.0
5384,move,2291,-1,800,-2.0
5385,move,3125,-1,800,-2.0
5386,move,2334,-1,800,-2.0
5387,move,2750,-1,800,-2.0
5388,move,3584,-1,800,-2.0
5389,move,2291,-1,800,-2.0
5390,move,2958,-1,800,-2.0
5391,move,2292,-1,800,-2.0
5392,move,2208,-1,800,-2.0
5393,move,2250,-1,800,-2.0
5394,move,2334,-1,800,-2.0
5395,move,2375,-1,800,-2.0
5396,move,2541,-1,800,-2.0
5397,move,2500,-1,800,-2.0
5398,move,2375,-1,800,-2.0
5399,move,4000,-1,800,-2.0
5400,move,2292,253208,800,0.647928
5401,move,3250,-1,800,-2.0
5402,move,3208,-1,800,-2.0
5403,move,3208,-1,800,-2.0
5404,move,3125,-1,800,-2.0
5405,move,2292,-1,800,-2.0
5406,move,3166,-1,800,-2.0
5407,insert,1041,-1,801,-2.0
5408,move,2292,-1,801,-2.0
5409,delete,1958,-1,800,-2.0
5410,move,2417,-1,800,-2.0
5411,move,2750,-1,800,-2.0
5412,move,3166,-1,800,-2.0
5413,move,2292,-1,800,-2.0
5414,move,2958,-1,800,-2.0
5415,move,2292,-1,800,-2.0
5416,move,2958,-1,800,-2.0
5417,move,4000,-1,800,-2.0
5418,move,2250,-1,800,-2.0
5419,move,2375,-1,800,-2.0
5420,move,2250,-1,800,-2.0
5421,move,2334,-1,800,-2.0
5422,move,3166,-1,800,-2.0
5423,move,2250,-1,800,-2.0
5424,move,2375,-1,800,-2.0
5425,move,2292,256833,800,0.641682
5426,move,2334,-1,800,-2.0
5427,move,3208,-1,800,-2.0
5428,move,3792,-1,800,-2.0
5429,move,2208,-1,800,-2.0
5430,move,3458,-1,800,-2.0
5431,move,3250,-1,800,-2.0
5432,move,2333,-1,800,-2.0
5433,move,3250,-1,800,-2.0
5434,move,2334,-1,800,-2.0
5435,move,2416,-1,800,-2.0
5436,move,2875,-1,800,-2.0
5437,move,2375,-1,800,-2.0
5438,move,3167,-1,800,-2.0
5439,move,4000,-1,800,-2.0
5440,move,2250,-1,800,-2.0
5441,move,2291,-1,800,-2.0
5442,move,2334,-1,800,-2.0
5443,move,2250,-1,800,-2.0
5444,move,3375,-1,800,-2.0
5445,move,2417,-1,800,-2.0
5446,move,2459,-1,800,-2.0
5447,move,3708,-1,800,-2.0
5448,move,2542,-1,800,-2.0
5449,move,2333,-1,800,-2.0
5450,move,3625,263292,800,0.643174
5451,move,2500,-1,800,-2.0
5452,move,2291,-1,800,-2.0
5453,move,2375,-1,800,-2.0
5454,move,2792,-1,800,-2.0
5455,move,3542,-1,800,-2.0
5456,move,2375,-1,800,-2.0
5457,move,3208,-1,800,-2.0
5458,move,2333,-1,800,-2.0
5459,move,2333,-1,800,-2.0
5460,move,2417,-1,800,-2.0
5461,insert,1292,-1,801,-2.0
5462,move,2250,-1,801,-2.0
5463,move,2250,-1,801,-2.0
5464,move,2250,-1,801,-2.0
5465,move,2333,-1,801,-2.0
5466,move,2208,-1,801,-2.0
5467,move,2333,-1,801,-2.0
5468,move,3250,-1,801,-2.0
5469,move,3250,-1,801,-2.0
5470,move,2375,-1,801,-2.0
5471,move,3083,-1,801,-2.0
5472,move,2375,-1,801,-2.0
5473,insert,1750,-1,802,-2.0
5474,move,3084,-1,802,-2.0
5475,move,2708,252042,802,0.644748
5476,move,2250,-1,802,-2.0
5477,move,2375,-1,802,-2.0
5478,move,2334,-1,802,-2.0
5479,move,2208,-1,802,-2.0
5480,move,3042,-1,802,-2.0
5481,move,3125,-1,802,-2.0
5482,move,2416,-1,802,-2.0
5483,move,3292,-1,802,-2.0
5484,move,2250,-1,802,-2.0
5485,move,3292,-1,802,-2.0
5486,move,2292,-1,802,-2.0
5487,move,2333,-1,802,-2.0
5488,delete,2000,-1,801,-2.0
5489,move,2250,-1,801,-2.0
5490,move,2292,-1,801,-2.0
5491,move,2958,-1,801,-2.0
5492,move,2833,-1,801,-2.0
5493,move,2750,-1,801,-2.0
5494,move,2375,-1,801,-2.0
5495,move,3167,-1,801,-2.0
5496,move,2292,-1,801,-2.0
5497,move,3333,-1,801,-2.0
5498,move,3041,-1,801,-2.0
5499,move,2834,-1,801,-2.0
5500,move,2208,246042,801,0.646451
5501,move,3292,-1,801,-2.0
5502,move,2375,-1,801,-2.0
5503,move,3000,-1,801,-2.0
5504,move,2375,-1,801,-2.0
5505,move,3041,-1,801,-2.0
5506,move,2292,-1,801,-2.0
5507,move,3292,-1,801,-2.0
5508,delete,2000,-1,800,-2.0
5509,move,2500,-1,800,-2.0
5510,move,2333,-1,800,-2.0
5511,move,2292,-1,800,-2.0
5512,move,3875,-1,800,-2.0
5513,move,2333,-1,800,-2.0
5514,move,2875,-1,800,-2.0
5515,move,3500,-1,800,-2.0
5516,move,2208,-1,800,-2.0
5517,move,2375,-1,800,-2.0
5518,move,3333,-1,800,-2.0
5519,move,2291,-1,800,-2.0
5520,move,2417,-1,800,-2.0
5521,delete,2125,-1,799,-2.0
5522,move,2458,-1,799,-2.0
5523,move,2958,-1,799,-2.0
5524,move,3167,-1,799,-2.0
5525,move,2708,262500,799,0.641654
5526,move,3750,-1,799,-2.0
5527,move,2292,-1,799,-2.0
5528,move,2500,-1,799,-2.0
5529,move,2292,-1,799,-2.0
5530,move,3125,-1,799,-2.0
5531,move,3250,-1,799,-2.0
5532,move,2291,-1,799,-2.0
5533,move,2375,-1,799,-2.0
5534,move,3208,-1,799,-2.0
5535,move,2334,-1,799,-2.0
5536,move,2250,-1,799,-2.0
5537,move,2375,-1,799,-2.0
5538,move,2417,-1,799,-2.0
5539,move,3458,-1,799,-2.0
5540,move,2292,-1,799,-2.0
5541,move,3333,-1,799,-2.0
5542,move,2291,-1,799,-2.0
5543,move,2917,-1,799,-2.0
5544,move,3417,-1,799,-2.0
5545,move,2375,-1,799,-2.0
5546,move,2333,-1,799,-2.0
5547,move,2333,-1,799,-2.0
5548,move,2417,-1,799,-2.0
5549,move,3125,-1,799,-2.0
5550,move,2333,255292,799,0.642922
5551,move,3084,-1,799,-2.0
5552,move,3417,-1,799,-2.0
5553,move,2292,-1,799,-2.0
5554,move,3250,-1,799,-2.0
5555,move,2250,-1,799,-2.0
5556,delete,2042,-1,798,-2.0
5557,move,3042,-1,798,-2.0
5558,move,2333,-1,798,-2.0
5559,move,3250,-1,798,-2.0
5560,move,3125,-1,798,-2.0
5561,move,2375,-1,798,-2.0
5562,move,3209,-1,798,-2.0
5563,move,2375,-1,798,-2.0
5564,move,3084,-1,798,-2.0
5565,move,3208,-1,798,-2.0
5566,move,2250,-1,798,-2.0
5567,delete,2042,-1,797,-2.0
5568,move,2875,-1,797,-2.0
5569,move,2292,-1,797,-2.0
5570,move,2333,-1,797,-2.0
5571,move,3542,-1,797,-2.0
5572,move,3083,-1,797,-2.0
5573,move,2333,-1,797,-2.0
5574,move,3625,-1,797,-2.0
5575,move,2334,255958,797,0.646504
5576,move,2375,-1,797,-2.0
5577,move,2333,-1,797,-2.0
5578,move,2500,-1,797,-2.0
5579,move,3333,-1,797,-2.0
5580,move,2459,-1,797,-2.0
5581,move,3084,-1,797,-2.0
5582,move,3000,-1,797,-2.0
5583,move,2500,-1,797,-2.0
5584,move,2292,-1,797,-2.0
5585,move,3125,-1,797,-2.0
5586,move,2292,-1,797,-2.0
5587,move,3208,-1,797,-2.0
5588,move,3292,-1,797,-2.0
5589,delete,2000,-1,796,-2.0
5590,move,3666,-1,796,-2.0
5591,move,2375,-1,796,-2.0
5592,move,3250,-1,796,-2.0
5593,move,2333,-1,796,-2.0
5594,move,2417,-1,796,-2.0
5595,move,4083,-1,796,-2.0
5596,move,3334,-1,796,-2.0
5597,move,2333,-1,796,-2.0
5598,delete,2042,-1,795,-2.0
5599,move,2417,-1,795,-2.0
5600,move,2292,271417,795,0.644383
5601,move,2416,-1,795,-2.0
5602,move,2375,-1,795,-2.0
5603,insert,1250,-1,796,-2.0
5604,move,2875,-1,796,-2.0
5605,move,3333,-1,796,-2.0
5606,move,2375,-1,796,-2.0
5607,move,3458,-1,796,-2.0
5608,move,2417,-1,796,-2.0
5609,move,2375,-1,796,-2.0
5610,move,2500,-1,796,-2.0
5611,move,3375,-1,796,-2.0
5612,move,3084,-1,796,-2.0
5613,move,3000,-1,796,-2.0
5614,delete,2042,-1,795,-2.0
5615,move,3083,-1,795,-2.0
5616,move,3166,-1,795,-2.0
5617,move,2334,-1,795,-2.0
5618,move,2334,-1,795,-2.0
5619,delete,2000,-1,794,-2.0
5620,move,2417,-1,794,-2.0
5621,move,2333,-1,794,-2.0
5622,move,3375,-1,794,-2.0
5623,delete,2042,-1,793,-2.0
5624,move,3709,-1,793,-2.0
5625,move,2375,259583,793,0.659885
5626,move,2708,-1,793,-2.0
5627,move,3791,-1,793,-2.0
5628,move,2541,-1,793,-2.0
5629,move,2292,-1,793,-2.0
5630,move,2334,-1,793,-2.0
5631,move,2917,-1,793,-2.0
5632,move,3708,-1,793,-2.0
5633,move,2417,-1,793,-2.0
5634,move,2459,-1,793,-2.0
5635,move,3333,-1,793,-2.0
5636,move,3416,-1,793,-2.0
5637,move,3084,-1,793,-2.0
5638,move,2459,-1,793,-2.0
5639,move,2458,-1,793,-2.0
5640,delete,2125,-1,792,-2.0
5641,move,2375,-1,792,-2.0
5642,move,2375,-1,792,-2.0
5643,move,2375,-1,792,-2.0
5644,move,2375,-1,792,-2.0
5645,move,2875,-1,792,-2.0
5646,move,2333,-1,792,-2.0
5647,move,2375,-1,792,-2.0
5648,move,2459,-1,792,-2.0
5649,move,3333,-1,792,-2.0
5650,move,2417,254625,792,0.64079
5651,move,2334,-1,792,-2.0
5652,move,3250,-1,792,-2.0
5653,move,2834,-1,792,-2.0
5654,move,2500,-1,792,-2.0
5655,move,3291,-1,792,-2.0
5656,move,2417,-1,792,-2.0
5657,delete,2042,-1,791,-2.0
5658,move,2375,-1,791,-2.0
5659,move,2250,-1,791,-2.0
5660,move,2333,-1,791,-2.0
5661,move,3167,-1,791,-2.0
5662,move,3167,-1,791,-2.0
5663,move,2875,-1,791,-2.0
5664,move,2375,-1,791,-2.0
5665,move,2334,-1,791,-2.0
5666,move,2708,-1,791,-2.0
5667,move,2417,-1,791,-2.0
5668,move,2417,-1,791,-2.0
5669,move,2333,-1,791,-2.0
5670,move,2334,-1,791,-2.0
5671,move,2458,-1,791,-2.0
5672,move,3458,-1,791,-2.0
5673,move,2334,-1,791,-2.0
5674,move,2292,-1,791,-2.0
5675,move,2333,247291,791,0.663276
5676,move,2833,-1,791,-2.0
5677,move,2916,-1,791,-2.0
5678,move,2291,-1,791,-2.0
5679,move,2583,-1,791,-2.0
5680,move,2916,-1,791,-2.0
5681,move,2542,-1,791,-2.0
5682,move,2291,-1,791,-2.0
5683,move,3334,-1,791,-2.0
5684,move,3125,-1,791,-2.0
5685,move,2250,-1,791,-2.0
5686,move,3041,-1,791,-2.0
5687,delete,2041,-1,790,-2.0
5688,move,2292,-1,790,-2.0
5689,move,2375,-1,790,-2.0
5690,move,3250,-1,790,-2.0
5691,move,2334,-1,790,-2.0
5692,move,3250,-1,790,-2.0
5693,move,3125,-1,790,-2.0
5694,move,2292,-1,790,-2.0
5695,move,2708,-1,790,-2.0
5696,move,2333,-1,790,-2.0
5697,move,2375,-1,790,-2.0
5698,delete,2041,-1,789,-2.0
5699,move,2375,-1,789,-2.0
5700,move,2291,245250,789,0.631709
5701,move,2542,-1,789,-2.0
5702,move,2292,-1,789,-2.0
5703,move,2417,-1,789,-2.0
5704,delete,2042,-1,788,-2.0
5705,move,2333,-1,788,-2.0
5706,move,2500,-1,788,-2.0
5707,move,2333,-1,788,-2.0
5708,move,2333,-1,788,-2.0
5709,move,2334,-1,788,-2.0
5710,move,3083,-1,788,-2.0
5711,move,2500,-1,788,-2.0
5712,move,3125,-1,788,-2.0
5713,move,3000,-1,788,-2.0
5714,move,2250,-1,788,-2.0
5715,move,2333,-1,788,-2.0
5716,move,2417,-1,788,-2.0
5717,move,3334,-1,788,-2.0
5718,move,2292,-1,788,-2.0
5719,move,3083,-1,788,-2.0
5720,move,2375,-1,788,-2.0
5721,move,2500,-1,788,-2.0
5722,move,3042,-1,788,-2.0
5723,move,3167,-1,788,-2.0
5724,delete,2083,-1,787,-2.0
5725,move,3250,247000,787,0.638682
5726,move,2291,-1,787,-2.0
5727,move,2292,-1,787,-2.0
5728,move,2375,-1,787,-2.0
5729,move,3042,-1,787,-2.0
5730,move,2375,-1,787,-2.0
5731,move,2334,-1,787,-2.0
5732,move,2375,-1,787,-2.0
5733,move,3209,-1,787,-2.0
5734,move,2333,-1,787,-2.0
5735,move,2833,-1,787,-2.0
5736,move,2417,-1,787,-2.0
5737,move,2958,-1,787,-2.0
5738,move,3125,-1,787,-2.0
5739,move,3291,-1,787,-2.0
5740,move,3042,-1,787,-2.0
5741,move,2375,-1,787,-2.0
5742,move,2333,-1,787,-2.0
5743,move,2375,-1,787,-2.0
5744,move,3209,-1,787,-2.0
5745,move,2292,-1,787,-2.0
5746,move,2375,-1,787,-2.0
5747,move,3750,-1,787,-2.0
5748,move,2875,-1,787,-2.0
5749,move,3250,-1,787,-2.0
5750,move,2334,245166,787,0.629998
5751,move,2375,-1,787,-2.0
5752,move,2500,-1,787,-2.0
